This file contains any messages produced by compilers while
running configure, to aid debugging if configure makes a mistake.

It was created by sntp configure 4.2.8p15, which was
generated by GNU Autoconf 2.69.  Invocation command line was

  $ ./configure --disable-option-checking --prefix=/usr --includedir=${prefix}/include --mandir=${prefix}/share/man --infodir=${prefix}/share/info --sysconfdir=/etc --localstatedir=/var --disable-silent-rules --libdir=${prefix}/lib/x86_64-linux-gnu --libexecdir=${prefix}/lib/x86_64-linux-gnu --disable-maintainer-mode CFLAGS=-g -O2 -ffile-prefix-map=/sonic/src/ntp/ntp-4.2.8p15=. -fstack-protector-strong -Wformat -Werror=format-security -fno-strict-aliasing -fcommon CPPFLAGS=-Wdate-time -D_FORTIFY_SOURCE=2 -D_GNU_SOURCE LDFLAGS=-Wl,-z,relro -Wl,--as-needed --build=x86_64-linux-gnu --host=x86_64-linux-gnu --enable-all-clocks --enable-parse-clocks --enable-SHM --enable-debugging --sysconfdir=/var/lib/ntp --with-lineeditlibs=edit --without-ntpsnmpd --disable-local-libopts --disable-local-libevent --enable-ntp-signd --disable-dependency-tracking --with-locfile=debian --with-openssl-libdir=/usr/lib/x86_64-linux-gnu build_alias=x86_64-linux-gnu host_alias=x86_64-linux-gnu --cache-file=/dev/null --srcdir=.

## --------- ##
## Platform. ##
## --------- ##

hostname = 2714d083cebf
uname -m = x86_64
uname -r = 6.6.114.1-microsoft-standard-WSL2
uname -s = Linux
uname -v = #1 SMP PREEMPT_DYNAMIC Mon Dec  1 20:46:23 UTC 2025

/usr/bin/uname -p = unknown
/bin/uname -X     = unknown

/bin/arch              = unknown
/usr/bin/arch -k       = unknown
/usr/convex/getsysinfo = unknown
/usr/bin/hostinfo      = unknown
/bin/machine           = unknown
/usr/bin/oslevel       = unknown
/bin/universe          = unknown

PATH: /usr/local/sbin
PATH: /usr/local/bin
PATH: /usr/sbin
PATH: /usr/bin
PATH: /sbin
PATH: /bin


## ----------- ##
## Core tests. ##
## ----------- ##

configure:2958: checking for a BSD-compatible install
configure:3026: result: /usr/bin/install -c
configure:3037: checking whether build environment is sane
configure:3092: result: yes
configure:3238: checking for a thread-safe mkdir -p
configure:3277: result: /bin/mkdir -p
configure:3284: checking for gawk
configure:3300: found /usr/bin/gawk
configure:3311: result: gawk
configure:3322: checking whether make sets $(MAKE)
configure:3344: result: yes
configure:3373: checking whether make supports nested variables
configure:3390: result: yes
configure:3528: checking whether make supports nested variables
configure:3545: result: yes
configure:3561: checking build system type
configure:3575: result: x86_64-pc-linux-gnu
configure:3595: checking host system type
configure:3608: result: x86_64-pc-linux-gnu
configure:3640: checking whether make supports the include directive
configure:3655: make -f confmf.GNU && cat confinc.out
make[4]: Entering directory '/sonic/src/ntp/ntp-4.2.8p15/sntp'
make[4]: Leaving directory '/sonic/src/ntp/ntp-4.2.8p15/sntp'
this is the am__doit target
configure:3658: $? = 0
configure:3677: result: yes (GNU style)
configure:3722: checking for x86_64-linux-gnu-cc
configure:3752: result: no
configure:3722: checking for x86_64-linux-gnu-gcc
configure:3738: found /usr/bin/x86_64-linux-gnu-gcc
configure:3749: result: x86_64-linux-gnu-gcc
configure:3824: checking for C compiler version
configure:3833: x86_64-linux-gnu-gcc --version >&5
x86_64-linux-gnu-gcc (Debian 10.2.1-6) 10.2.1 20210110
Copyright (C) 2020 Free Software Foundation, Inc.
This is free software; see the source for copying conditions.  There is NO
warranty; not even for MERCHANTABILITY or FITNESS FOR A PARTICULAR PURPOSE.

configure:3844: $? = 0
configure:3833: x86_64-linux-gnu-gcc -v >&5
Using built-in specs.
COLLECT_GCC=x86_64-linux-gnu-gcc
COLLECT_LTO_WRAPPER=/usr/lib/gcc/x86_64-linux-gnu/10/lto-wrapper
OFFLOAD_TARGET_NAMES=nvptx-none:amdgcn-amdhsa:hsa
OFFLOAD_TARGET_DEFAULT=1
Target: x86_64-linux-gnu
Configured with: ../src/configure -v --with-pkgversion='Debian 10.2.1-6' --with-bugurl=file:///usr/share/doc/gcc-10/README.Bugs --enable-languages=c,ada,c++,go,brig,d,fortran,objc,obj-c++,m2 --prefix=/usr --with-gcc-major-version-only --program-suffix=-10 --program-prefix=x86_64-linux-gnu- --enable-shared --enable-linker-build-id --libexecdir=/usr/lib --without-included-gettext --enable-threads=posix --libdir=/usr/lib --enable-nls --enable-bootstrap --enable-clocale=gnu --enable-libstdcxx-debug --enable-libstdcxx-time=yes --with-default-libstdcxx-abi=new --enable-gnu-unique-object --disable-vtable-verify --enable-plugin --enable-default-pie --with-system-zlib --enable-libphobos-checking=release --with-target-system-zlib=auto --enable-objc-gc=auto --enable-multiarch --disable-werror --with-arch-32=i686 --with-abi=m64 --with-multilib-list=m32,m64,mx32 --enable-multilib --with-tune=generic --enable-offload-targets=nvptx-none=/build/gcc-10-Km9U7s/gcc-10-10.2.1/debian/tmp-nvptx/usr,amdgcn-amdhsa=/build/gcc-10-Km9U7s/gcc-10-10.2.1/debian/tmp-gcn/usr,hsa --without-cuda-driver --enable-checking=release --build=x86_64-linux-gnu --host=x86_64-linux-gnu --target=x86_64-linux-gnu --with-build-config=bootstrap-lto-lean --enable-link-mutex
Thread model: posix
Supported LTO compression algorithms: zlib zstd
gcc version 10.2.1 20210110 (Debian 10.2.1-6) 
... rest of stderr output deleted ...
configure:3844: $? = 0
configure:3833: x86_64-linux-gnu-gcc -V >&5
x86_64-linux-gnu-gcc: error: unrecognized command-line option '-V'
x86_64-linux-gnu-gcc: fatal error: no input files
compilation terminated.
configure:3844: $? = 1
configure:3833: x86_64-linux-gnu-gcc -qversion >&5
x86_64-linux-gnu-gcc: error: unrecognized command-line option '-qversion'; did you mean '--version'?
x86_64-linux-gnu-gcc: fatal error: no input files
compilation terminated.
configure:3844: $? = 1
configure:3864: checking whether the C compiler works
configure:3886: x86_64-linux-gnu-gcc -g -O2 -ffile-prefix-map=/sonic/src/ntp/ntp-4.2.8p15=. -fstack-protector-strong -Wformat -Werror=format-security -fno-strict-aliasing -fcommon -Wdate-time -D_FORTIFY_SOURCE=2 -D_GNU_SOURCE -Wl,-z,relro -Wl,--as-needed conftest.c  >&5
configure:3890: $? = 0
configure:3938: result: yes
configure:3941: checking for C compiler default output file name
configure:3943: result: a.out
configure:3949: checking for suffix of executables
configure:3956: x86_64-linux-gnu-gcc -o conftest -g -O2 -ffile-prefix-map=/sonic/src/ntp/ntp-4.2.8p15=. -fstack-protector-strong -Wformat -Werror=format-security -fno-strict-aliasing -fcommon -Wdate-time -D_FORTIFY_SOURCE=2 -D_GNU_SOURCE -Wl,-z,relro -Wl,--as-needed conftest.c  >&5
configure:3960: $? = 0
configure:3982: result: 
configure:4004: checking whether we are cross compiling
configure:4012: x86_64-linux-gnu-gcc -o conftest -g -O2 -ffile-prefix-map=/sonic/src/ntp/ntp-4.2.8p15=. -fstack-protector-strong -Wformat -Werror=format-security -fno-strict-aliasing -fcommon -Wdate-time -D_FORTIFY_SOURCE=2 -D_GNU_SOURCE -Wl,-z,relro -Wl,--as-needed conftest.c  >&5
configure:4016: $? = 0
configure:4023: ./conftest
configure:4027: $? = 0
configure:4042: result: no
configure:4047: checking for suffix of object files
configure:4069: x86_64-linux-gnu-gcc -c -g -O2 -ffile-prefix-map=/sonic/src/ntp/ntp-4.2.8p15=. -fstack-protector-strong -Wformat -Werror=format-security -fno-strict-aliasing -fcommon -Wdate-time -D_FORTIFY_SOURCE=2 -D_GNU_SOURCE conftest.c >&5
configure:4073: $? = 0
configure:4094: result: o
configure:4098: checking whether we are using the GNU C compiler
configure:4117: x86_64-linux-gnu-gcc -c -g -O2 -ffile-prefix-map=/sonic/src/ntp/ntp-4.2.8p15=. -fstack-protector-strong -Wformat -Werror=format-security -fno-strict-aliasing -fcommon -Wdate-time -D_FORTIFY_SOURCE=2 -D_GNU_SOURCE conftest.c >&5
configure:4117: $? = 0
configure:4126: result: yes
configure:4135: checking whether x86_64-linux-gnu-gcc accepts -g
configure:4155: x86_64-linux-gnu-gcc -c -g -Wdate-time -D_FORTIFY_SOURCE=2 -D_GNU_SOURCE conftest.c >&5
configure:4155: $? = 0
configure:4196: result: yes
configure:4213: checking for x86_64-linux-gnu-gcc option to accept ISO C89
configure:4276: x86_64-linux-gnu-gcc  -c -g -O2 -ffile-prefix-map=/sonic/src/ntp/ntp-4.2.8p15=. -fstack-protector-strong -Wformat -Werror=format-security -fno-strict-aliasing -fcommon -Wdate-time -D_FORTIFY_SOURCE=2 -D_GNU_SOURCE conftest.c >&5
configure:4276: $? = 0
configure:4289: result: none needed
configure:4314: checking whether x86_64-linux-gnu-gcc understands -c and -o together
configure:4336: x86_64-linux-gnu-gcc -c conftest.c -o conftest2.o
configure:4339: $? = 0
configure:4336: x86_64-linux-gnu-gcc -c conftest.c -o conftest2.o
configure:4339: $? = 0
configure:4351: result: yes
configure:4370: checking dependency style of x86_64-linux-gnu-gcc
configure:4481: result: none
configure:4504: checking how to run the C preprocessor
configure:4535: x86_64-linux-gnu-gcc -E -Wdate-time -D_FORTIFY_SOURCE=2 -D_GNU_SOURCE conftest.c
configure:4535: $? = 0
configure:4549: x86_64-linux-gnu-gcc -E -Wdate-time -D_FORTIFY_SOURCE=2 -D_GNU_SOURCE conftest.c
conftest.c:12:10: fatal error: ac_nonexistent.h: No such file or directory
   12 | #include <ac_nonexistent.h>
      |          ^~~~~~~~~~~~~~~~~~
compilation terminated.
configure:4549: $? = 1
configure: failed program was:
| /* confdefs.h */
| #define PACKAGE_NAME "sntp"
| #define PACKAGE_TARNAME "sntp"
| #define PACKAGE_VERSION "4.2.8p15"
| #define PACKAGE_STRING "sntp 4.2.8p15"
| #define PACKAGE_BUGREPORT "http://bugs.ntp.org./"
| #define PACKAGE_URL "http://www.ntp.org./"
| #define PACKAGE "sntp"
| #define VERSION "4.2.8p15"
| #define STR_SYSTEM "x86_64-pc-linux-gnu"
| /* end confdefs.h.  */
| #include <ac_nonexistent.h>
configure:4574: result: x86_64-linux-gnu-gcc -E
configure:4594: x86_64-linux-gnu-gcc -E -Wdate-time -D_FORTIFY_SOURCE=2 -D_GNU_SOURCE conftest.c
configure:4594: $? = 0
configure:4608: x86_64-linux-gnu-gcc -E -Wdate-time -D_FORTIFY_SOURCE=2 -D_GNU_SOURCE conftest.c
conftest.c:12:10: fatal error: ac_nonexistent.h: No such file or directory
   12 | #include <ac_nonexistent.h>
      |          ^~~~~~~~~~~~~~~~~~
compilation terminated.
configure:4608: $? = 1
configure: failed program was:
| /* confdefs.h */
| #define PACKAGE_NAME "sntp"
| #define PACKAGE_TARNAME "sntp"
| #define PACKAGE_VERSION "4.2.8p15"
| #define PACKAGE_STRING "sntp 4.2.8p15"
| #define PACKAGE_BUGREPORT "http://bugs.ntp.org./"
| #define PACKAGE_URL "http://www.ntp.org./"
| #define PACKAGE "sntp"
| #define VERSION "4.2.8p15"
| #define STR_SYSTEM "x86_64-pc-linux-gnu"
| /* end confdefs.h.  */
| #include <ac_nonexistent.h>
configure:4637: checking for grep that handles long lines and -e
configure:4695: result: /bin/grep
configure:4700: checking for egrep
configure:4762: result: /bin/grep -E
configure:4767: checking for ANSI C header files
configure:4787: x86_64-linux-gnu-gcc -c -g -O2 -ffile-prefix-map=/sonic/src/ntp/ntp-4.2.8p15=. -fstack-protector-strong -Wformat -Werror=format-security -fno-strict-aliasing -fcommon -Wdate-time -D_FORTIFY_SOURCE=2 -D_GNU_SOURCE conftest.c >&5
configure:4787: $? = 0
configure:4860: x86_64-linux-gnu-gcc -o conftest -g -O2 -ffile-prefix-map=/sonic/src/ntp/ntp-4.2.8p15=. -fstack-protector-strong -Wformat -Werror=format-security -fno-strict-aliasing -fcommon -Wdate-time -D_FORTIFY_SOURCE=2 -D_GNU_SOURCE -Wl,-z,relro -Wl,--as-needed conftest.c  >&5
configure:4860: $? = 0
configure:4860: ./conftest
configure:4860: $? = 0
configure:4871: result: yes
configure:4884: checking for sys/types.h
configure:4884: x86_64-linux-gnu-gcc -c -g -O2 -ffile-prefix-map=/sonic/src/ntp/ntp-4.2.8p15=. -fstack-protector-strong -Wformat -Werror=format-security -fno-strict-aliasing -fcommon -Wdate-time -D_FORTIFY_SOURCE=2 -D_GNU_SOURCE conftest.c >&5
configure:4884: $? = 0
configure:4884: result: yes
configure:4884: checking for sys/stat.h
configure:4884: x86_64-linux-gnu-gcc -c -g -O2 -ffile-prefix-map=/sonic/src/ntp/ntp-4.2.8p15=. -fstack-protector-strong -Wformat -Werror=format-security -fno-strict-aliasing -fcommon -Wdate-time -D_FORTIFY_SOURCE=2 -D_GNU_SOURCE conftest.c >&5
configure:4884: $? = 0
configure:4884: result: yes
configure:4884: checking for stdlib.h
configure:4884: x86_64-linux-gnu-gcc -c -g -O2 -ffile-prefix-map=/sonic/src/ntp/ntp-4.2.8p15=. -fstack-protector-strong -Wformat -Werror=format-security -fno-strict-aliasing -fcommon -Wdate-time -D_FORTIFY_SOURCE=2 -D_GNU_SOURCE conftest.c >&5
configure:4884: $? = 0
configure:4884: result: yes
configure:4884: checking for string.h
configure:4884: x86_64-linux-gnu-gcc -c -g -O2 -ffile-prefix-map=/sonic/src/ntp/ntp-4.2.8p15=. -fstack-protector-strong -Wformat -Werror=format-security -fno-strict-aliasing -fcommon -Wdate-time -D_FORTIFY_SOURCE=2 -D_GNU_SOURCE conftest.c >&5
configure:4884: $? = 0
configure:4884: result: yes
configure:4884: checking for memory.h
configure:4884: x86_64-linux-gnu-gcc -c -g -O2 -ffile-prefix-map=/sonic/src/ntp/ntp-4.2.8p15=. -fstack-protector-strong -Wformat -Werror=format-security -fno-strict-aliasing -fcommon -Wdate-time -D_FORTIFY_SOURCE=2 -D_GNU_SOURCE conftest.c >&5
configure:4884: $? = 0
configure:4884: result: yes
configure:4884: checking for strings.h
configure:4884: x86_64-linux-gnu-gcc -c -g -O2 -ffile-prefix-map=/sonic/src/ntp/ntp-4.2.8p15=. -fstack-protector-strong -Wformat -Werror=format-security -fno-strict-aliasing -fcommon -Wdate-time -D_FORTIFY_SOURCE=2 -D_GNU_SOURCE conftest.c >&5
configure:4884: $? = 0
configure:4884: result: yes
configure:4884: checking for inttypes.h
configure:4884: x86_64-linux-gnu-gcc -c -g -O2 -ffile-prefix-map=/sonic/src/ntp/ntp-4.2.8p15=. -fstack-protector-strong -Wformat -Werror=format-security -fno-strict-aliasing -fcommon -Wdate-time -D_FORTIFY_SOURCE=2 -D_GNU_SOURCE conftest.c >&5
configure:4884: $? = 0
configure:4884: result: yes
configure:4884: checking for stdint.h
configure:4884: x86_64-linux-gnu-gcc -c -g -O2 -ffile-prefix-map=/sonic/src/ntp/ntp-4.2.8p15=. -fstack-protector-strong -Wformat -Werror=format-security -fno-strict-aliasing -fcommon -Wdate-time -D_FORTIFY_SOURCE=2 -D_GNU_SOURCE conftest.c >&5
configure:4884: $? = 0
configure:4884: result: yes
configure:4884: checking for unistd.h
configure:4884: x86_64-linux-gnu-gcc -c -g -O2 -ffile-prefix-map=/sonic/src/ntp/ntp-4.2.8p15=. -fstack-protector-strong -Wformat -Werror=format-security -fno-strict-aliasing -fcommon -Wdate-time -D_FORTIFY_SOURCE=2 -D_GNU_SOURCE conftest.c >&5
configure:4884: $? = 0
configure:4884: result: yes
configure:4897: checking minix/config.h usability
configure:4897: x86_64-linux-gnu-gcc -c -g -O2 -ffile-prefix-map=/sonic/src/ntp/ntp-4.2.8p15=. -fstack-protector-strong -Wformat -Werror=format-security -fno-strict-aliasing -fcommon -Wdate-time -D_FORTIFY_SOURCE=2 -D_GNU_SOURCE conftest.c >&5
conftest.c:55:10: fatal error: minix/config.h: No such file or directory
   55 | #include <minix/config.h>
      |          ^~~~~~~~~~~~~~~~
compilation terminated.
configure:4897: $? = 1
configure: failed program was:
| /* confdefs.h */
| #define PACKAGE_NAME "sntp"
| #define PACKAGE_TARNAME "sntp"
| #define PACKAGE_VERSION "4.2.8p15"
| #define PACKAGE_STRING "sntp 4.2.8p15"
| #define PACKAGE_BUGREPORT "http://bugs.ntp.org./"
| #define PACKAGE_URL "http://www.ntp.org./"
| #define PACKAGE "sntp"
| #define VERSION "4.2.8p15"
| #define STR_SYSTEM "x86_64-pc-linux-gnu"
| #define STDC_HEADERS 1
| #define HAVE_SYS_TYPES_H 1
| #define HAVE_SYS_STAT_H 1
| #define HAVE_STDLIB_H 1
| #define HAVE_STRING_H 1
| #define HAVE_MEMORY_H 1
| #define HAVE_STRINGS_H 1
| #define HAVE_INTTYPES_H 1
| #define HAVE_STDINT_H 1
| #define HAVE_UNISTD_H 1
| /* end confdefs.h.  */
| #include <stdio.h>
| #ifdef HAVE_SYS_TYPES_H
| # include <sys/types.h>
| #endif
| #ifdef HAVE_SYS_STAT_H
| # include <sys/stat.h>
| #endif
| #ifdef STDC_HEADERS
| # include <stdlib.h>
| # include <stddef.h>
| #else
| # ifdef HAVE_STDLIB_H
| #  include <stdlib.h>
| # endif
| #endif
| #ifdef HAVE_STRING_H
| # if !defined STDC_HEADERS && defined HAVE_MEMORY_H
| #  include <memory.h>
| # endif
| # include <string.h>
| #endif
| #ifdef HAVE_STRINGS_H
| # include <strings.h>
| #endif
| #ifdef HAVE_INTTYPES_H
| # include <inttypes.h>
| #endif
| #ifdef HAVE_STDINT_H
| # include <stdint.h>
| #endif
| #ifdef HAVE_UNISTD_H
| # include <unistd.h>
| #endif
| #include <minix/config.h>
configure:4897: result: no
configure:4897: checking minix/config.h presence
configure:4897: x86_64-linux-gnu-gcc -E -Wdate-time -D_FORTIFY_SOURCE=2 -D_GNU_SOURCE conftest.c
conftest.c:22:10: fatal error: minix/config.h: No such file or directory
   22 | #include <minix/config.h>
      |          ^~~~~~~~~~~~~~~~
compilation terminated.
configure:4897: $? = 1
configure: failed program was:
| /* confdefs.h */
| #define PACKAGE_NAME "sntp"
| #define PACKAGE_TARNAME "sntp"
| #define PACKAGE_VERSION "4.2.8p15"
| #define PACKAGE_STRING "sntp 4.2.8p15"
| #define PACKAGE_BUGREPORT "http://bugs.ntp.org./"
| #define PACKAGE_URL "http://www.ntp.org./"
| #define PACKAGE "sntp"
| #define VERSION "4.2.8p15"
| #define STR_SYSTEM "x86_64-pc-linux-gnu"
| #define STDC_HEADERS 1
| #define HAVE_SYS_TYPES_H 1
| #define HAVE_SYS_STAT_H 1
| #define HAVE_STDLIB_H 1
| #define HAVE_STRING_H 1
| #define HAVE_MEMORY_H 1
| #define HAVE_STRINGS_H 1
| #define HAVE_INTTYPES_H 1
| #define HAVE_STDINT_H 1
| #define HAVE_UNISTD_H 1
| /* end confdefs.h.  */
| #include <minix/config.h>
configure:4897: result: no
configure:4897: checking for minix/config.h
configure:4897: result: no
configure:4918: checking whether it is safe to define __EXTENSIONS__
configure:4936: x86_64-linux-gnu-gcc -c -g -O2 -ffile-prefix-map=/sonic/src/ntp/ntp-4.2.8p15=. -fstack-protector-strong -Wformat -Werror=format-security -fno-strict-aliasing -fcommon -Wdate-time -D_FORTIFY_SOURCE=2 -D_GNU_SOURCE conftest.c >&5
configure:4936: $? = 0
configure:4943: result: yes
configure:4962: checking for x86_64-linux-gnu-gcc option to accept ISO C99
configure:5111: x86_64-linux-gnu-gcc  -c -g -O2 -ffile-prefix-map=/sonic/src/ntp/ntp-4.2.8p15=. -fstack-protector-strong -Wformat -Werror=format-security -fno-strict-aliasing -fcommon -Wdate-time -D_FORTIFY_SOURCE=2 -D_GNU_SOURCE conftest.c >&5
configure:5111: $? = 0
configure:5124: result: none needed
configure:5232: checking for x86_64-linux-gnu-gcc option to accept ISO Standard C
configure:5243: result: none needed
configure:5258: checking whether x86_64-linux-gnu-gcc needs -traditional
configure:5292: result: no
configure:5319: checking if x86_64-linux-gnu-gcc can handle #warning
configure:5335: x86_64-linux-gnu-gcc -c -g -O2 -ffile-prefix-map=/sonic/src/ntp/ntp-4.2.8p15=. -fstack-protector-strong -Wformat -Werror=format-security -fno-strict-aliasing -fcommon -Wdate-time -D_FORTIFY_SOURCE=2 -D_GNU_SOURCE conftest.c >&5
conftest.c: In function 'main':
conftest.c:31:2: warning: #warning foo [-Wcpp]
   31 | #warning foo
      |  ^~~~~~~
configure:5335: $? = 0
configure:5344: result: yes
configure:5353: checking if x86_64-linux-gnu-gcc supports __attribute__((...))
configure:5370: x86_64-linux-gnu-gcc -c -g -O2 -ffile-prefix-map=/sonic/src/ntp/ntp-4.2.8p15=. -fstack-protector-strong -Wformat -Werror=format-security -fno-strict-aliasing -fcommon -Wdate-time -D_FORTIFY_SOURCE=2 -D_GNU_SOURCE conftest.c >&5
configure:5370: $? = 0
configure:5379: result: yes
configure:5393: checking if x86_64-linux-gnu-gcc can handle -Wstrict-overflow
configure:5409: x86_64-linux-gnu-gcc -c -g -O2 -ffile-prefix-map=/sonic/src/ntp/ntp-4.2.8p15=. -fstack-protector-strong -Wformat -Werror=format-security -fno-strict-aliasing -fcommon -Wstrict-overflow -Wdate-time -D_FORTIFY_SOURCE=2 -D_GNU_SOURCE conftest.c >&5
configure:5409: $? = 0
configure:5418: result: yes
configure:5425: checking if x86_64-linux-gnu-gcc can handle -Winit-self
configure:5442: x86_64-linux-gnu-gcc -c -g -O2 -ffile-prefix-map=/sonic/src/ntp/ntp-4.2.8p15=. -fstack-protector-strong -Wformat -Werror=format-security -fno-strict-aliasing -fcommon -Winit-self -Wdate-time -D_FORTIFY_SOURCE=2 -D_GNU_SOURCE conftest.c >&5
configure:5442: $? = 0
configure:5452: result: yes
configure:5460: checking if linker supports omitting unused code and data
configure:5504: x86_64-linux-gnu-gcc -o conftest -g -O2 -ffile-prefix-map=/sonic/src/ntp/ntp-4.2.8p15=. -fstack-protector-strong -Wformat -Werror=format-security -fno-strict-aliasing -fcommon -Wl,--gc-sections -Wdate-time -D_FORTIFY_SOURCE=2 -D_GNU_SOURCE -Wl,-z,relro -Wl,--as-needed conftest.c  >&5
configure:5504: $? = 0
configure:5524: result: yes
configure:5559: checking additional compiler flags
configure:5657: result: none needed
configure:5661: checking additional linker flags
configure:5689: result: none needed
configure:5694: checking whether byte ordering is bigendian
configure:5709: x86_64-linux-gnu-gcc -c -g -O2 -ffile-prefix-map=/sonic/src/ntp/ntp-4.2.8p15=. -fstack-protector-strong -Wformat -Werror=format-security -fno-strict-aliasing -fcommon -Wdate-time -D_FORTIFY_SOURCE=2 -D_GNU_SOURCE conftest.c >&5
conftest.c:29:9: error: unknown type name 'not'
   29 |         not a universal capable compiler
      |         ^~~
conftest.c:29:15: error: expected '=', ',', ';', 'asm' or '__attribute__' before 'universal'
   29 |         not a universal capable compiler
      |               ^~~~~~~~~
conftest.c:29:15: error: unknown type name 'universal'
configure:5709: $? = 1
configure: failed program was:
| /* confdefs.h */
| #define PACKAGE_NAME "sntp"
| #define PACKAGE_TARNAME "sntp"
| #define PACKAGE_VERSION "4.2.8p15"
| #define PACKAGE_STRING "sntp 4.2.8p15"
| #define PACKAGE_BUGREPORT "http://bugs.ntp.org./"
| #define PACKAGE_URL "http://www.ntp.org./"
| #define PACKAGE "sntp"
| #define VERSION "4.2.8p15"
| #define STR_SYSTEM "x86_64-pc-linux-gnu"
| #define STDC_HEADERS 1
| #define HAVE_SYS_TYPES_H 1
| #define HAVE_SYS_STAT_H 1
| #define HAVE_STDLIB_H 1
| #define HAVE_STRING_H 1
| #define HAVE_MEMORY_H 1
| #define HAVE_STRINGS_H 1
| #define HAVE_INTTYPES_H 1
| #define HAVE_STDINT_H 1
| #define HAVE_UNISTD_H 1
| #define __EXTENSIONS__ 1
| #define _ALL_SOURCE 1
| #define _GNU_SOURCE 1
| #define _POSIX_PTHREAD_SEMANTICS 1
| #define _TANDEM_SOURCE 1
| #define HAVE___ATTRIBUTE__ /**/
| /* end confdefs.h.  */
| #ifndef __APPLE_CC__
| 	       not a universal capable compiler
| 	     #endif
| 	     typedef int dummy;
| 
configure:5754: x86_64-linux-gnu-gcc -c -g -O2 -ffile-prefix-map=/sonic/src/ntp/ntp-4.2.8p15=. -fstack-protector-strong -Wformat -Werror=format-security -fno-strict-aliasing -fcommon -Wdate-time -D_FORTIFY_SOURCE=2 -D_GNU_SOURCE conftest.c >&5
configure:5754: $? = 0
configure:5772: x86_64-linux-gnu-gcc -c -g -O2 -ffile-prefix-map=/sonic/src/ntp/ntp-4.2.8p15=. -fstack-protector-strong -Wformat -Werror=format-security -fno-strict-aliasing -fcommon -Wdate-time -D_FORTIFY_SOURCE=2 -D_GNU_SOURCE conftest.c >&5
conftest.c: In function 'main':
conftest.c:35:4: error: unknown type name 'not'; did you mean 'ino_t'?
   35 |    not big endian
      |    ^~~
      |    ino_t
conftest.c:35:12: error: expected '=', ',', ';', 'asm' or '__attribute__' before 'endian'
   35 |    not big endian
      |            ^~~~~~
configure:5772: $? = 1
configure: failed program was:
| /* confdefs.h */
| #define PACKAGE_NAME "sntp"
| #define PACKAGE_TARNAME "sntp"
| #define PACKAGE_VERSION "4.2.8p15"
| #define PACKAGE_STRING "sntp 4.2.8p15"
| #define PACKAGE_BUGREPORT "http://bugs.ntp.org./"
| #define PACKAGE_URL "http://www.ntp.org./"
| #define PACKAGE "sntp"
| #define VERSION "4.2.8p15"
| #define STR_SYSTEM "x86_64-pc-linux-gnu"
| #define STDC_HEADERS 1
| #define HAVE_SYS_TYPES_H 1
| #define HAVE_SYS_STAT_H 1
| #define HAVE_STDLIB_H 1
| #define HAVE_STRING_H 1
| #define HAVE_MEMORY_H 1
| #define HAVE_STRINGS_H 1
| #define HAVE_INTTYPES_H 1
| #define HAVE_STDINT_H 1
| #define HAVE_UNISTD_H 1
| #define __EXTENSIONS__ 1
| #define _ALL_SOURCE 1
| #define _GNU_SOURCE 1
| #define _POSIX_PTHREAD_SEMANTICS 1
| #define _TANDEM_SOURCE 1
| #define HAVE___ATTRIBUTE__ /**/
| /* end confdefs.h.  */
| #include <sys/types.h>
| 		#include <sys/param.h>
| 
| int
| main ()
| {
| #if BYTE_ORDER != BIG_ENDIAN
| 		 not big endian
| 		#endif
| 
|   ;
|   return 0;
| }
configure:5900: result: no
configure:5918: checking for working volatile
configure:5937: x86_64-linux-gnu-gcc -c -g -O2 -ffile-prefix-map=/sonic/src/ntp/ntp-4.2.8p15=. -fstack-protector-strong -Wformat -Werror=format-security -fno-strict-aliasing -fcommon -Wdate-time -D_FORTIFY_SOURCE=2 -D_GNU_SOURCE conftest.c >&5
configure:5937: $? = 0
configure:5944: result: yes
configure:5957: checking how to run the C preprocessor
configure:6027: result: x86_64-linux-gnu-gcc -E
configure:6047: x86_64-linux-gnu-gcc -E -Wdate-time -D_FORTIFY_SOURCE=2 -D_GNU_SOURCE conftest.c
configure:6047: $? = 0
configure:6061: x86_64-linux-gnu-gcc -E -Wdate-time -D_FORTIFY_SOURCE=2 -D_GNU_SOURCE conftest.c
conftest.c:28:10: fatal error: ac_nonexistent.h: No such file or directory
   28 | #include <ac_nonexistent.h>
      |          ^~~~~~~~~~~~~~~~~~
compilation terminated.
configure:6061: $? = 1
configure: failed program was:
| /* confdefs.h */
| #define PACKAGE_NAME "sntp"
| #define PACKAGE_TARNAME "sntp"
| #define PACKAGE_VERSION "4.2.8p15"
| #define PACKAGE_STRING "sntp 4.2.8p15"
| #define PACKAGE_BUGREPORT "http://bugs.ntp.org./"
| #define PACKAGE_URL "http://www.ntp.org./"
| #define PACKAGE "sntp"
| #define VERSION "4.2.8p15"
| #define STR_SYSTEM "x86_64-pc-linux-gnu"
| #define STDC_HEADERS 1
| #define HAVE_SYS_TYPES_H 1
| #define HAVE_SYS_STAT_H 1
| #define HAVE_STDLIB_H 1
| #define HAVE_STRING_H 1
| #define HAVE_MEMORY_H 1
| #define HAVE_STRINGS_H 1
| #define HAVE_INTTYPES_H 1
| #define HAVE_STDINT_H 1
| #define HAVE_UNISTD_H 1
| #define __EXTENSIONS__ 1
| #define _ALL_SOURCE 1
| #define _GNU_SOURCE 1
| #define _POSIX_PTHREAD_SEMANTICS 1
| #define _TANDEM_SOURCE 1
| #define HAVE___ATTRIBUTE__ /**/
| /* end confdefs.h.  */
| #include <ac_nonexistent.h>
configure:6093: checking for compile/link hardening flags
configure:6122: result: in file harden/linux
configure:6141: checking for install dir and man conventions
configure:6170: result: in file loc/debian
configure:6295: checking for x86_64-linux-gnu-ar
configure:6311: found /usr/bin/x86_64-linux-gnu-ar
configure:6322: result: x86_64-linux-gnu-ar
configure:6392: checking the archiver (x86_64-linux-gnu-ar) interface
configure:6408: x86_64-linux-gnu-gcc -c -g -O2 -ffile-prefix-map=/sonic/src/ntp/ntp-4.2.8p15=. -fstack-protector-strong -Wformat -Werror=format-security -fno-strict-aliasing -fcommon -Wdate-time -D_FORTIFY_SOURCE=2 -D_GNU_SOURCE conftest.c >&5
configure:6408: $? = 0
configure:6410: x86_64-linux-gnu-ar cru libconftest.a conftest.o >&5
x86_64-linux-gnu-ar: `u' modifier ignored since `D' is the default (see `U')
configure:6413: $? = 0
configure:6441: result: ar
configure:6476: checking for a sed that does not truncate output
configure:6540: result: /bin/sed
configure:6558: checking for fgrep
configure:6620: result: /bin/grep -F
configure:6647: checking how to print strings
configure:6674: result: printf
configure:6695: checking for pid_t
configure:6695: x86_64-linux-gnu-gcc -c -g -O2 -ffile-prefix-map=/sonic/src/ntp/ntp-4.2.8p15=. -fstack-protector-strong -Wformat -Werror=format-security -fno-strict-aliasing -fcommon -Wdate-time -D_FORTIFY_SOURCE=2 -D_GNU_SOURCE conftest.c >&5
configure:6695: $? = 0
configure:6695: x86_64-linux-gnu-gcc -c -g -O2 -ffile-prefix-map=/sonic/src/ntp/ntp-4.2.8p15=. -fstack-protector-strong -Wformat -Werror=format-security -fno-strict-aliasing -fcommon -Wdate-time -D_FORTIFY_SOURCE=2 -D_GNU_SOURCE conftest.c >&5
conftest.c: In function 'main':
conftest.c:64:20: error: expected expression before ')' token
   64 | if (sizeof ((pid_t)))
      |                    ^
configure:6695: $? = 1
configure: failed program was:
| /* confdefs.h */
| #define PACKAGE_NAME "sntp"
| #define PACKAGE_TARNAME "sntp"
| #define PACKAGE_VERSION "4.2.8p15"
| #define PACKAGE_STRING "sntp 4.2.8p15"
| #define PACKAGE_BUGREPORT "http://bugs.ntp.org./"
| #define PACKAGE_URL "http://www.ntp.org./"
| #define PACKAGE "sntp"
| #define VERSION "4.2.8p15"
| #define STR_SYSTEM "x86_64-pc-linux-gnu"
| #define STDC_HEADERS 1
| #define HAVE_SYS_TYPES_H 1
| #define HAVE_SYS_STAT_H 1
| #define HAVE_STDLIB_H 1
| #define HAVE_STRING_H 1
| #define HAVE_MEMORY_H 1
| #define HAVE_STRINGS_H 1
| #define HAVE_INTTYPES_H 1
| #define HAVE_STDINT_H 1
| #define HAVE_UNISTD_H 1
| #define __EXTENSIONS__ 1
| #define _ALL_SOURCE 1
| #define _GNU_SOURCE 1
| #define _POSIX_PTHREAD_SEMANTICS 1
| #define _TANDEM_SOURCE 1
| #define HAVE___ATTRIBUTE__ /**/
| /* end confdefs.h.  */
| #include <stdio.h>
| #ifdef HAVE_SYS_TYPES_H
| # include <sys/types.h>
| #endif
| #ifdef HAVE_SYS_STAT_H
| # include <sys/stat.h>
| #endif
| #ifdef STDC_HEADERS
| # include <stdlib.h>
| # include <stddef.h>
| #else
| # ifdef HAVE_STDLIB_H
| #  include <stdlib.h>
| # endif
| #endif
| #ifdef HAVE_STRING_H
| # if !defined STDC_HEADERS && defined HAVE_MEMORY_H
| #  include <memory.h>
| # endif
| # include <string.h>
| #endif
| #ifdef HAVE_STRINGS_H
| # include <strings.h>
| #endif
| #ifdef HAVE_INTTYPES_H
| # include <inttypes.h>
| #endif
| #ifdef HAVE_STDINT_H
| # include <stdint.h>
| #endif
| #ifdef HAVE_UNISTD_H
| # include <unistd.h>
| #endif
| int
| main ()
| {
| if (sizeof ((pid_t)))
| 	    return 0;
|   ;
|   return 0;
| }
configure:6695: result: yes
configure:6706: checking for size_t
configure:6706: x86_64-linux-gnu-gcc -c -g -O2 -ffile-prefix-map=/sonic/src/ntp/ntp-4.2.8p15=. -fstack-protector-strong -Wformat -Werror=format-security -fno-strict-aliasing -fcommon -Wdate-time -D_FORTIFY_SOURCE=2 -D_GNU_SOURCE conftest.c >&5
configure:6706: $? = 0
configure:6706: x86_64-linux-gnu-gcc -c -g -O2 -ffile-prefix-map=/sonic/src/ntp/ntp-4.2.8p15=. -fstack-protector-strong -Wformat -Werror=format-security -fno-strict-aliasing -fcommon -Wdate-time -D_FORTIFY_SOURCE=2 -D_GNU_SOURCE conftest.c >&5
conftest.c: In function 'main':
conftest.c:64:21: error: expected expression before ')' token
   64 | if (sizeof ((size_t)))
      |                     ^
configure:6706: $? = 1
configure: failed program was:
| /* confdefs.h */
| #define PACKAGE_NAME "sntp"
| #define PACKAGE_TARNAME "sntp"
| #define PACKAGE_VERSION "4.2.8p15"
| #define PACKAGE_STRING "sntp 4.2.8p15"
| #define PACKAGE_BUGREPORT "http://bugs.ntp.org./"
| #define PACKAGE_URL "http://www.ntp.org./"
| #define PACKAGE "sntp"
| #define VERSION "4.2.8p15"
| #define STR_SYSTEM "x86_64-pc-linux-gnu"
| #define STDC_HEADERS 1
| #define HAVE_SYS_TYPES_H 1
| #define HAVE_SYS_STAT_H 1
| #define HAVE_STDLIB_H 1
| #define HAVE_STRING_H 1
| #define HAVE_MEMORY_H 1
| #define HAVE_STRINGS_H 1
| #define HAVE_INTTYPES_H 1
| #define HAVE_STDINT_H 1
| #define HAVE_UNISTD_H 1
| #define __EXTENSIONS__ 1
| #define _ALL_SOURCE 1
| #define _GNU_SOURCE 1
| #define _POSIX_PTHREAD_SEMANTICS 1
| #define _TANDEM_SOURCE 1
| #define HAVE___ATTRIBUTE__ /**/
| /* end confdefs.h.  */
| #include <stdio.h>
| #ifdef HAVE_SYS_TYPES_H
| # include <sys/types.h>
| #endif
| #ifdef HAVE_SYS_STAT_H
| # include <sys/stat.h>
| #endif
| #ifdef STDC_HEADERS
| # include <stdlib.h>
| # include <stddef.h>
| #else
| # ifdef HAVE_STDLIB_H
| #  include <stdlib.h>
| # endif
| #endif
| #ifdef HAVE_STRING_H
| # if !defined STDC_HEADERS && defined HAVE_MEMORY_H
| #  include <memory.h>
| # endif
| # include <string.h>
| #endif
| #ifdef HAVE_STRINGS_H
| # include <strings.h>
| #endif
| #ifdef HAVE_INTTYPES_H
| # include <inttypes.h>
| #endif
| #ifdef HAVE_STDINT_H
| # include <stdint.h>
| #endif
| #ifdef HAVE_UNISTD_H
| # include <unistd.h>
| #endif
| int
| main ()
| {
| if (sizeof ((size_t)))
| 	    return 0;
|   ;
|   return 0;
| }
configure:6706: result: yes
configure:6740: checking for stdarg.h
configure:6740: x86_64-linux-gnu-gcc -c -g -O2 -ffile-prefix-map=/sonic/src/ntp/ntp-4.2.8p15=. -fstack-protector-strong -Wformat -Werror=format-security -fno-strict-aliasing -fcommon -Wdate-time -D_FORTIFY_SOURCE=2 -D_GNU_SOURCE conftest.c >&5
configure:6740: $? = 0
configure:6740: result: yes
configure:6757: checking for unsigned long long int
configure:6805: result: yes
configure:6814: checking for vsnprintf
configure:6814: x86_64-linux-gnu-gcc -o conftest -g -O2 -ffile-prefix-map=/sonic/src/ntp/ntp-4.2.8p15=. -fstack-protector-strong -Wformat -Werror=format-security -fno-strict-aliasing -fcommon -Wdate-time -D_FORTIFY_SOURCE=2 -D_GNU_SOURCE -Wl,-z,relro -Wl,--as-needed conftest.c  >&5
conftest.c:53:6: warning: conflicting types for built-in function 'vsnprintf'; expected 'int(char *, long unsigned int,  const char *, __va_list_tag *)' [-Wbuiltin-declaration-mismatch]
   53 | char vsnprintf ();
      |      ^~~~~~~~~
conftest.c:41:1: note: 'vsnprintf' is declared in header '<stdio.h>'
   40 | # include <limits.h>
   41 | #else
configure:6814: $? = 0
configure:6814: result: yes
configure:6822: checking whether vsnprintf is C99 compliant
configure:6857: x86_64-linux-gnu-gcc -o conftest -g -O2 -ffile-prefix-map=/sonic/src/ntp/ntp-4.2.8p15=. -fstack-protector-strong -Wformat -Werror=format-security -fno-strict-aliasing -fcommon -Wdate-time -D_FORTIFY_SOURCE=2 -D_GNU_SOURCE -Wl,-z,relro -Wl,--as-needed conftest.c  >&5
configure:6857: $? = 0
configure:6857: ./conftest
configure:6857: $? = 0
configure:6867: result: yes
configure:6875: checking if C99-snprintf replacement vsnprintf will be used
configure:6882: result: no
configure:7291: checking for snprintf
configure:7291: x86_64-linux-gnu-gcc -o conftest -g -O2 -ffile-prefix-map=/sonic/src/ntp/ntp-4.2.8p15=. -fstack-protector-strong -Wformat -Werror=format-security -fno-strict-aliasing -fcommon -Wdate-time -D_FORTIFY_SOURCE=2 -D_GNU_SOURCE -Wl,-z,relro -Wl,--as-needed conftest.c  >&5
conftest.c:54:6: warning: conflicting types for built-in function 'snprintf'; expected 'int(char *, long unsigned int,  const char *, ...)' [-Wbuiltin-declaration-mismatch]
   54 | char snprintf ();
      |      ^~~~~~~~
conftest.c:42:1: note: 'snprintf' is declared in header '<stdio.h>'
   41 | # include <limits.h>
   42 | #else
configure:7291: $? = 0
configure:7291: result: yes
configure:7299: checking whether snprintf is C99 compliant
configure:7322: x86_64-linux-gnu-gcc -o conftest -g -O2 -ffile-prefix-map=/sonic/src/ntp/ntp-4.2.8p15=. -fstack-protector-strong -Wformat -Werror=format-security -fno-strict-aliasing -fcommon -Wdate-time -D_FORTIFY_SOURCE=2 -D_GNU_SOURCE -Wl,-z,relro -Wl,--as-needed conftest.c  >&5
conftest.c: In function 'main':
conftest.c:36:15: warning: 'The answer is ' directive output truncated writing 14 bytes into a region of size 4 [-Wformat-truncation=]
   36 |           if (snprintf(buf, 4, "The answer is %27.2g.", 42.0) != 42 ||
      |               ^~~~~~~~~~~~~~~~~~~~~~~~~~~~~~~~~~~~~~~~~~~~~~~
In file included from /usr/include/stdio.h:867,
                 from conftest.c:31:
/usr/include/x86_64-linux-gnu/bits/stdio2.h:67:10: note: '__builtin___snprintf_chk' output 43 bytes into a destination of size 4
   67 |   return __builtin___snprintf_chk (__s, __n, __USE_FORTIFY_LEVEL - 1,
      |          ^~~~~~~~~~~~~~~~~~~~~~~~~~~~~~~~~~~~~~~~~~~~~~~~~~~~~~~~~~~~
   68 |        __bos (__s), __fmt, __va_arg_pack ());
      |        ~~~~~~~~~~~~~~~~~~~~~~~~~~~~~~~~~~~~~
configure:7322: $? = 0
configure:7322: ./conftest
configure:7322: $? = 0
configure:7332: result: yes
configure:7340: checking if C99-snprintf replacement snprintf will be used
configure:7347: result: no
configure:7480: checking for ld used by x86_64-linux-gnu-gcc
configure:7547: result: /usr/bin/ld
configure:7554: checking if the linker (/usr/bin/ld) is GNU ld
configure:7569: result: yes
configure:7583: checking for directory path separator
configure:7603: result: '/'
configure:7622: checking line editing libraries
configure:7624: result: edit
configure:7642: checking for readline() with -ledit
configure:7662: x86_64-linux-gnu-gcc -o conftest -g -O2 -ffile-prefix-map=/sonic/src/ntp/ntp-4.2.8p15=. -fstack-protector-strong -Wformat -Werror=format-security -fno-strict-aliasing -fcommon -Wdate-time -D_FORTIFY_SOURCE=2 -D_GNU_SOURCE -Wl,-z,relro -Wl,--as-needed conftest.c  -ledit >&5
configure:7662: $? = 0
configure:7674: result: yes
configure:7752: checking readline.h usability
configure:7752: x86_64-linux-gnu-gcc -c -g -O2 -ffile-prefix-map=/sonic/src/ntp/ntp-4.2.8p15=. -fstack-protector-strong -Wformat -Werror=format-security -fno-strict-aliasing -fcommon -Wdate-time -D_FORTIFY_SOURCE=2 -D_GNU_SOURCE conftest.c >&5
conftest.c:66:10: fatal error: readline.h: No such file or directory
   66 | #include <readline.h>
      |          ^~~~~~~~~~~~
compilation terminated.
configure:7752: $? = 1
configure: failed program was:
| /* confdefs.h */
| #define PACKAGE_NAME "sntp"
| #define PACKAGE_TARNAME "sntp"
| #define PACKAGE_VERSION "4.2.8p15"
| #define PACKAGE_STRING "sntp 4.2.8p15"
| #define PACKAGE_BUGREPORT "http://bugs.ntp.org./"
| #define PACKAGE_URL "http://www.ntp.org./"
| #define PACKAGE "sntp"
| #define VERSION "4.2.8p15"
| #define STR_SYSTEM "x86_64-pc-linux-gnu"
| #define STDC_HEADERS 1
| #define HAVE_SYS_TYPES_H 1
| #define HAVE_SYS_STAT_H 1
| #define HAVE_STDLIB_H 1
| #define HAVE_STRING_H 1
| #define HAVE_MEMORY_H 1
| #define HAVE_STRINGS_H 1
| #define HAVE_INTTYPES_H 1
| #define HAVE_STDINT_H 1
| #define HAVE_UNISTD_H 1
| #define __EXTENSIONS__ 1
| #define _ALL_SOURCE 1
| #define _GNU_SOURCE 1
| #define _POSIX_PTHREAD_SEMANTICS 1
| #define _TANDEM_SOURCE 1
| #define HAVE___ATTRIBUTE__ /**/
| #define HAVE_STDARG_H 1
| #define HAVE_UNSIGNED_LONG_LONG_INT 1
| #define HAVE_VSNPRINTF 1
| #define HAVE_SNPRINTF 1
| #define DIR_SEP '/'
| /* end confdefs.h.  */
| #include <stdio.h>
| #ifdef HAVE_SYS_TYPES_H
| # include <sys/types.h>
| #endif
| #ifdef HAVE_SYS_STAT_H
| # include <sys/stat.h>
| #endif
| #ifdef STDC_HEADERS
| # include <stdlib.h>
| # include <stddef.h>
| #else
| # ifdef HAVE_STDLIB_H
| #  include <stdlib.h>
| # endif
| #endif
| #ifdef HAVE_STRING_H
| # if !defined STDC_HEADERS && defined HAVE_MEMORY_H
| #  include <memory.h>
| # endif
| # include <string.h>
| #endif
| #ifdef HAVE_STRINGS_H
| # include <strings.h>
| #endif
| #ifdef HAVE_INTTYPES_H
| # include <inttypes.h>
| #endif
| #ifdef HAVE_STDINT_H
| # include <stdint.h>
| #endif
| #ifdef HAVE_UNISTD_H
| # include <unistd.h>
| #endif
| #include <readline.h>
configure:7752: result: no
configure:7752: checking readline.h presence
configure:7752: x86_64-linux-gnu-gcc -E -Wdate-time -D_FORTIFY_SOURCE=2 -D_GNU_SOURCE conftest.c
conftest.c:33:10: fatal error: readline.h: No such file or directory
   33 | #include <readline.h>
      |          ^~~~~~~~~~~~
compilation terminated.
configure:7752: $? = 1
configure: failed program was:
| /* confdefs.h */
| #define PACKAGE_NAME "sntp"
| #define PACKAGE_TARNAME "sntp"
| #define PACKAGE_VERSION "4.2.8p15"
| #define PACKAGE_STRING "sntp 4.2.8p15"
| #define PACKAGE_BUGREPORT "http://bugs.ntp.org./"
| #define PACKAGE_URL "http://www.ntp.org./"
| #define PACKAGE "sntp"
| #define VERSION "4.2.8p15"
| #define STR_SYSTEM "x86_64-pc-linux-gnu"
| #define STDC_HEADERS 1
| #define HAVE_SYS_TYPES_H 1
| #define HAVE_SYS_STAT_H 1
| #define HAVE_STDLIB_H 1
| #define HAVE_STRING_H 1
| #define HAVE_MEMORY_H 1
| #define HAVE_STRINGS_H 1
| #define HAVE_INTTYPES_H 1
| #define HAVE_STDINT_H 1
| #define HAVE_UNISTD_H 1
| #define __EXTENSIONS__ 1
| #define _ALL_SOURCE 1
| #define _GNU_SOURCE 1
| #define _POSIX_PTHREAD_SEMANTICS 1
| #define _TANDEM_SOURCE 1
| #define HAVE___ATTRIBUTE__ /**/
| #define HAVE_STDARG_H 1
| #define HAVE_UNSIGNED_LONG_LONG_INT 1
| #define HAVE_VSNPRINTF 1
| #define HAVE_SNPRINTF 1
| #define DIR_SEP '/'
| /* end confdefs.h.  */
| #include <readline.h>
configure:7752: result: no
configure:7752: checking for readline.h
configure:7752: result: no
configure:7752: checking readline/readline.h usability
configure:7752: x86_64-linux-gnu-gcc -c -g -O2 -ffile-prefix-map=/sonic/src/ntp/ntp-4.2.8p15=. -fstack-protector-strong -Wformat -Werror=format-security -fno-strict-aliasing -fcommon -Wdate-time -D_FORTIFY_SOURCE=2 -D_GNU_SOURCE conftest.c >&5
configure:7752: $? = 0
configure:7752: result: yes
configure:7752: checking readline/readline.h presence
configure:7752: x86_64-linux-gnu-gcc -E -Wdate-time -D_FORTIFY_SOURCE=2 -D_GNU_SOURCE conftest.c
configure:7752: $? = 0
configure:7752: result: yes
configure:7752: checking for readline/readline.h
configure:7752: result: yes
configure:7752: checking histedit.h usability
configure:7752: x86_64-linux-gnu-gcc -c -g -O2 -ffile-prefix-map=/sonic/src/ntp/ntp-4.2.8p15=. -fstack-protector-strong -Wformat -Werror=format-security -fno-strict-aliasing -fcommon -Wdate-time -D_FORTIFY_SOURCE=2 -D_GNU_SOURCE conftest.c >&5
configure:7752: $? = 0
configure:7752: result: yes
configure:7752: checking histedit.h presence
configure:7752: x86_64-linux-gnu-gcc -E -Wdate-time -D_FORTIFY_SOURCE=2 -D_GNU_SOURCE conftest.c
configure:7752: $? = 0
configure:7752: result: yes
configure:7752: checking for histedit.h
configure:7752: result: yes
configure:7765: checking history.h usability
configure:7765: x86_64-linux-gnu-gcc -c -g -O2 -ffile-prefix-map=/sonic/src/ntp/ntp-4.2.8p15=. -fstack-protector-strong -Wformat -Werror=format-security -fno-strict-aliasing -fcommon -Wdate-time -D_FORTIFY_SOURCE=2 -D_GNU_SOURCE conftest.c >&5
conftest.c:68:10: fatal error: history.h: No such file or directory
   68 | #include <history.h>
      |          ^~~~~~~~~~~
compilation terminated.
configure:7765: $? = 1
configure: failed program was:
| /* confdefs.h */
| #define PACKAGE_NAME "sntp"
| #define PACKAGE_TARNAME "sntp"
| #define PACKAGE_VERSION "4.2.8p15"
| #define PACKAGE_STRING "sntp 4.2.8p15"
| #define PACKAGE_BUGREPORT "http://bugs.ntp.org./"
| #define PACKAGE_URL "http://www.ntp.org./"
| #define PACKAGE "sntp"
| #define VERSION "4.2.8p15"
| #define STR_SYSTEM "x86_64-pc-linux-gnu"
| #define STDC_HEADERS 1
| #define HAVE_SYS_TYPES_H 1
| #define HAVE_SYS_STAT_H 1
| #define HAVE_STDLIB_H 1
| #define HAVE_STRING_H 1
| #define HAVE_MEMORY_H 1
| #define HAVE_STRINGS_H 1
| #define HAVE_INTTYPES_H 1
| #define HAVE_STDINT_H 1
| #define HAVE_UNISTD_H 1
| #define __EXTENSIONS__ 1
| #define _ALL_SOURCE 1
| #define _GNU_SOURCE 1
| #define _POSIX_PTHREAD_SEMANTICS 1
| #define _TANDEM_SOURCE 1
| #define HAVE___ATTRIBUTE__ /**/
| #define HAVE_STDARG_H 1
| #define HAVE_UNSIGNED_LONG_LONG_INT 1
| #define HAVE_VSNPRINTF 1
| #define HAVE_SNPRINTF 1
| #define DIR_SEP '/'
| #define HAVE_READLINE_READLINE_H 1
| #define HAVE_HISTEDIT_H 1
| /* end confdefs.h.  */
| #include <stdio.h>
| #ifdef HAVE_SYS_TYPES_H
| # include <sys/types.h>
| #endif
| #ifdef HAVE_SYS_STAT_H
| # include <sys/stat.h>
| #endif
| #ifdef STDC_HEADERS
| # include <stdlib.h>
| # include <stddef.h>
| #else
| # ifdef HAVE_STDLIB_H
| #  include <stdlib.h>
| # endif
| #endif
| #ifdef HAVE_STRING_H
| # if !defined STDC_HEADERS && defined HAVE_MEMORY_H
| #  include <memory.h>
| # endif
| # include <string.h>
| #endif
| #ifdef HAVE_STRINGS_H
| # include <strings.h>
| #endif
| #ifdef HAVE_INTTYPES_H
| # include <inttypes.h>
| #endif
| #ifdef HAVE_STDINT_H
| # include <stdint.h>
| #endif
| #ifdef HAVE_UNISTD_H
| # include <unistd.h>
| #endif
| #include <history.h>
configure:7765: result: no
configure:7765: checking history.h presence
configure:7765: x86_64-linux-gnu-gcc -E -Wdate-time -D_FORTIFY_SOURCE=2 -D_GNU_SOURCE conftest.c
conftest.c:35:10: fatal error: history.h: No such file or directory
   35 | #include <history.h>
      |          ^~~~~~~~~~~
compilation terminated.
configure:7765: $? = 1
configure: failed program was:
| /* confdefs.h */
| #define PACKAGE_NAME "sntp"
| #define PACKAGE_TARNAME "sntp"
| #define PACKAGE_VERSION "4.2.8p15"
| #define PACKAGE_STRING "sntp 4.2.8p15"
| #define PACKAGE_BUGREPORT "http://bugs.ntp.org./"
| #define PACKAGE_URL "http://www.ntp.org./"
| #define PACKAGE "sntp"
| #define VERSION "4.2.8p15"
| #define STR_SYSTEM "x86_64-pc-linux-gnu"
| #define STDC_HEADERS 1
| #define HAVE_SYS_TYPES_H 1
| #define HAVE_SYS_STAT_H 1
| #define HAVE_STDLIB_H 1
| #define HAVE_STRING_H 1
| #define HAVE_MEMORY_H 1
| #define HAVE_STRINGS_H 1
| #define HAVE_INTTYPES_H 1
| #define HAVE_STDINT_H 1
| #define HAVE_UNISTD_H 1
| #define __EXTENSIONS__ 1
| #define _ALL_SOURCE 1
| #define _GNU_SOURCE 1
| #define _POSIX_PTHREAD_SEMANTICS 1
| #define _TANDEM_SOURCE 1
| #define HAVE___ATTRIBUTE__ /**/
| #define HAVE_STDARG_H 1
| #define HAVE_UNSIGNED_LONG_LONG_INT 1
| #define HAVE_VSNPRINTF 1
| #define HAVE_SNPRINTF 1
| #define DIR_SEP '/'
| #define HAVE_READLINE_READLINE_H 1
| #define HAVE_HISTEDIT_H 1
| /* end confdefs.h.  */
| #include <history.h>
configure:7765: result: no
configure:7765: checking for history.h
configure:7765: result: no
configure:7765: checking readline/history.h usability
configure:7765: x86_64-linux-gnu-gcc -c -g -O2 -ffile-prefix-map=/sonic/src/ntp/ntp-4.2.8p15=. -fstack-protector-strong -Wformat -Werror=format-security -fno-strict-aliasing -fcommon -Wdate-time -D_FORTIFY_SOURCE=2 -D_GNU_SOURCE conftest.c >&5
configure:7765: $? = 0
configure:7765: result: yes
configure:7765: checking readline/history.h presence
configure:7765: x86_64-linux-gnu-gcc -E -Wdate-time -D_FORTIFY_SOURCE=2 -D_GNU_SOURCE conftest.c
configure:7765: $? = 0
configure:7765: result: yes
configure:7765: checking for readline/history.h
configure:7765: result: yes
configure:7778: checking number of arguments to el_init()
configure:7800: x86_64-linux-gnu-gcc -c -g -O2 -ffile-prefix-map=/sonic/src/ntp/ntp-4.2.8p15=. -fstack-protector-strong -Wformat -Werror=format-security -fno-strict-aliasing -fcommon -Wdate-time -D_FORTIFY_SOURCE=2 -D_GNU_SOURCE conftest.c >&5
configure:7800: $? = 0
configure:7809: result: 4
configure:7818: checking whether readline supports history
configure:7842: x86_64-linux-gnu-gcc -o conftest -g -O2 -ffile-prefix-map=/sonic/src/ntp/ntp-4.2.8p15=. -fstack-protector-strong -Wformat -Werror=format-security -fno-strict-aliasing -fcommon -Wdate-time -D_FORTIFY_SOURCE=2 -D_GNU_SOURCE -Wl,-z,relro -Wl,--as-needed conftest.c  -ledit >&5
configure:7842: $? = 0
configure:7849: result: yes
configure:7871: checking for library containing cos
configure:7902: x86_64-linux-gnu-gcc -o conftest -g -O2 -ffile-prefix-map=/sonic/src/ntp/ntp-4.2.8p15=. -fstack-protector-strong -Wformat -Werror=format-security -fno-strict-aliasing -fcommon -Wdate-time -D_FORTIFY_SOURCE=2 -D_GNU_SOURCE -Wl,-z,relro -Wl,--as-needed conftest.c  >&5
conftest.c:45:6: warning: conflicting types for built-in function 'cos'; expected 'double(double)' [-Wbuiltin-declaration-mismatch]
   45 | char cos ();
      |      ^~~
conftest.c:1:1: note: 'cos' is declared in header '<math.h>'
    1 | /* confdefs.h */
/usr/bin/ld: /tmp/ccolBXQi.o: in function `main':
./sntp/conftest.c:49: undefined reference to `cos'
collect2: error: ld returned 1 exit status
configure:7902: $? = 1
configure: failed program was:
| /* confdefs.h */
| #define PACKAGE_NAME "sntp"
| #define PACKAGE_TARNAME "sntp"
| #define PACKAGE_VERSION "4.2.8p15"
| #define PACKAGE_STRING "sntp 4.2.8p15"
| #define PACKAGE_BUGREPORT "http://bugs.ntp.org./"
| #define PACKAGE_URL "http://www.ntp.org./"
| #define PACKAGE "sntp"
| #define VERSION "4.2.8p15"
| #define STR_SYSTEM "x86_64-pc-linux-gnu"
| #define STDC_HEADERS 1
| #define HAVE_SYS_TYPES_H 1
| #define HAVE_SYS_STAT_H 1
| #define HAVE_STDLIB_H 1
| #define HAVE_STRING_H 1
| #define HAVE_MEMORY_H 1
| #define HAVE_STRINGS_H 1
| #define HAVE_INTTYPES_H 1
| #define HAVE_STDINT_H 1
| #define HAVE_UNISTD_H 1
| #define __EXTENSIONS__ 1
| #define _ALL_SOURCE 1
| #define _GNU_SOURCE 1
| #define _POSIX_PTHREAD_SEMANTICS 1
| #define _TANDEM_SOURCE 1
| #define HAVE___ATTRIBUTE__ /**/
| #define HAVE_STDARG_H 1
| #define HAVE_UNSIGNED_LONG_LONG_INT 1
| #define HAVE_VSNPRINTF 1
| #define HAVE_SNPRINTF 1
| #define DIR_SEP '/'
| #define HAVE_READLINE_READLINE_H 1
| #define HAVE_HISTEDIT_H 1
| #define HAVE_READLINE_HISTORY_H 1
| #define EL_INIT_ARGS 4
| #define HAVE_READLINE_HISTORY 1
| /* end confdefs.h.  */
| 
| /* Override any GCC internal prototype to avoid an error.
|    Use char because int might match the return type of a GCC
|    builtin and then its argument prototype would still apply.  */
| #ifdef __cplusplus
| extern "C"
| #endif
| char cos ();
| int
| main ()
| {
| return cos ();
|   ;
|   return 0;
| }
configure:7902: x86_64-linux-gnu-gcc -o conftest -g -O2 -ffile-prefix-map=/sonic/src/ntp/ntp-4.2.8p15=. -fstack-protector-strong -Wformat -Werror=format-security -fno-strict-aliasing -fcommon -Wdate-time -D_FORTIFY_SOURCE=2 -D_GNU_SOURCE -Wl,-z,relro -Wl,--as-needed conftest.c -lm   >&5
conftest.c:45:6: warning: conflicting types for built-in function 'cos'; expected 'double(double)' [-Wbuiltin-declaration-mismatch]
   45 | char cos ();
      |      ^~~
conftest.c:1:1: note: 'cos' is declared in header '<math.h>'
    1 | /* confdefs.h */
configure:7902: $? = 0
configure:7919: result: -lm
configure:7936: checking vfork.h usability
configure:7936: x86_64-linux-gnu-gcc -c -g -O2 -ffile-prefix-map=/sonic/src/ntp/ntp-4.2.8p15=. -fstack-protector-strong -Wformat -Werror=format-security -fno-strict-aliasing -fcommon -Wdate-time -D_FORTIFY_SOURCE=2 -D_GNU_SOURCE conftest.c >&5
conftest.c:71:10: fatal error: vfork.h: No such file or directory
   71 | #include <vfork.h>
      |          ^~~~~~~~~
compilation terminated.
configure:7936: $? = 1
configure: failed program was:
| /* confdefs.h */
| #define PACKAGE_NAME "sntp"
| #define PACKAGE_TARNAME "sntp"
| #define PACKAGE_VERSION "4.2.8p15"
| #define PACKAGE_STRING "sntp 4.2.8p15"
| #define PACKAGE_BUGREPORT "http://bugs.ntp.org./"
| #define PACKAGE_URL "http://www.ntp.org./"
| #define PACKAGE "sntp"
| #define VERSION "4.2.8p15"
| #define STR_SYSTEM "x86_64-pc-linux-gnu"
| #define STDC_HEADERS 1
| #define HAVE_SYS_TYPES_H 1
| #define HAVE_SYS_STAT_H 1
| #define HAVE_STDLIB_H 1
| #define HAVE_STRING_H 1
| #define HAVE_MEMORY_H 1
| #define HAVE_STRINGS_H 1
| #define HAVE_INTTYPES_H 1
| #define HAVE_STDINT_H 1
| #define HAVE_UNISTD_H 1
| #define __EXTENSIONS__ 1
| #define _ALL_SOURCE 1
| #define _GNU_SOURCE 1
| #define _POSIX_PTHREAD_SEMANTICS 1
| #define _TANDEM_SOURCE 1
| #define HAVE___ATTRIBUTE__ /**/
| #define HAVE_STDARG_H 1
| #define HAVE_UNSIGNED_LONG_LONG_INT 1
| #define HAVE_VSNPRINTF 1
| #define HAVE_SNPRINTF 1
| #define DIR_SEP '/'
| #define HAVE_READLINE_READLINE_H 1
| #define HAVE_HISTEDIT_H 1
| #define HAVE_READLINE_HISTORY_H 1
| #define EL_INIT_ARGS 4
| #define HAVE_READLINE_HISTORY 1
| /* end confdefs.h.  */
| #include <stdio.h>
| #ifdef HAVE_SYS_TYPES_H
| # include <sys/types.h>
| #endif
| #ifdef HAVE_SYS_STAT_H
| # include <sys/stat.h>
| #endif
| #ifdef STDC_HEADERS
| # include <stdlib.h>
| # include <stddef.h>
| #else
| # ifdef HAVE_STDLIB_H
| #  include <stdlib.h>
| # endif
| #endif
| #ifdef HAVE_STRING_H
| # if !defined STDC_HEADERS && defined HAVE_MEMORY_H
| #  include <memory.h>
| # endif
| # include <string.h>
| #endif
| #ifdef HAVE_STRINGS_H
| # include <strings.h>
| #endif
| #ifdef HAVE_INTTYPES_H
| # include <inttypes.h>
| #endif
| #ifdef HAVE_STDINT_H
| # include <stdint.h>
| #endif
| #ifdef HAVE_UNISTD_H
| # include <unistd.h>
| #endif
| #include <vfork.h>
configure:7936: result: no
configure:7936: checking vfork.h presence
configure:7936: x86_64-linux-gnu-gcc -E -Wdate-time -D_FORTIFY_SOURCE=2 -D_GNU_SOURCE conftest.c
conftest.c:38:10: fatal error: vfork.h: No such file or directory
   38 | #include <vfork.h>
      |          ^~~~~~~~~
compilation terminated.
configure:7936: $? = 1
configure: failed program was:
| /* confdefs.h */
| #define PACKAGE_NAME "sntp"
| #define PACKAGE_TARNAME "sntp"
| #define PACKAGE_VERSION "4.2.8p15"
| #define PACKAGE_STRING "sntp 4.2.8p15"
| #define PACKAGE_BUGREPORT "http://bugs.ntp.org./"
| #define PACKAGE_URL "http://www.ntp.org./"
| #define PACKAGE "sntp"
| #define VERSION "4.2.8p15"
| #define STR_SYSTEM "x86_64-pc-linux-gnu"
| #define STDC_HEADERS 1
| #define HAVE_SYS_TYPES_H 1
| #define HAVE_SYS_STAT_H 1
| #define HAVE_STDLIB_H 1
| #define HAVE_STRING_H 1
| #define HAVE_MEMORY_H 1
| #define HAVE_STRINGS_H 1
| #define HAVE_INTTYPES_H 1
| #define HAVE_STDINT_H 1
| #define HAVE_UNISTD_H 1
| #define __EXTENSIONS__ 1
| #define _ALL_SOURCE 1
| #define _GNU_SOURCE 1
| #define _POSIX_PTHREAD_SEMANTICS 1
| #define _TANDEM_SOURCE 1
| #define HAVE___ATTRIBUTE__ /**/
| #define HAVE_STDARG_H 1
| #define HAVE_UNSIGNED_LONG_LONG_INT 1
| #define HAVE_VSNPRINTF 1
| #define HAVE_SNPRINTF 1
| #define DIR_SEP '/'
| #define HAVE_READLINE_READLINE_H 1
| #define HAVE_HISTEDIT_H 1
| #define HAVE_READLINE_HISTORY_H 1
| #define EL_INIT_ARGS 4
| #define HAVE_READLINE_HISTORY 1
| /* end confdefs.h.  */
| #include <vfork.h>
configure:7936: result: no
configure:7936: checking for vfork.h
configure:7936: result: no
configure:7949: checking for fork
configure:7949: x86_64-linux-gnu-gcc -o conftest -g -O2 -ffile-prefix-map=/sonic/src/ntp/ntp-4.2.8p15=. -fstack-protector-strong -Wformat -Werror=format-security -fno-strict-aliasing -fcommon -Wdate-time -D_FORTIFY_SOURCE=2 -D_GNU_SOURCE -Wl,-z,relro -Wl,--as-needed conftest.c  >&5
conftest.c:61:6: warning: conflicting types for built-in function 'fork'; expected 'int(void)' [-Wbuiltin-declaration-mismatch]
   61 | char fork ();
      |      ^~~~
configure:7949: $? = 0
configure:7949: result: yes
configure:7949: checking for vfork
configure:7949: x86_64-linux-gnu-gcc -o conftest -g -O2 -ffile-prefix-map=/sonic/src/ntp/ntp-4.2.8p15=. -fstack-protector-strong -Wformat -Werror=format-security -fno-strict-aliasing -fcommon -Wdate-time -D_FORTIFY_SOURCE=2 -D_GNU_SOURCE -Wl,-z,relro -Wl,--as-needed conftest.c  >&5
configure:7949: $? = 0
configure:7949: result: yes
configure:7959: checking for working fork
configure:7981: x86_64-linux-gnu-gcc -o conftest -g -O2 -ffile-prefix-map=/sonic/src/ntp/ntp-4.2.8p15=. -fstack-protector-strong -Wformat -Werror=format-security -fno-strict-aliasing -fcommon -Wdate-time -D_FORTIFY_SOURCE=2 -D_GNU_SOURCE -Wl,-z,relro -Wl,--as-needed conftest.c  >&5
configure:7981: $? = 0
configure:7981: ./conftest
configure:7981: $? = 0
configure:7991: result: yes
configure:8012: checking for working vfork
configure:8122: result: yes
configure:8149: checking for working alloca.h
configure:8166: x86_64-linux-gnu-gcc -o conftest -g -O2 -ffile-prefix-map=/sonic/src/ntp/ntp-4.2.8p15=. -fstack-protector-strong -Wformat -Werror=format-security -fno-strict-aliasing -fcommon -Wdate-time -D_FORTIFY_SOURCE=2 -D_GNU_SOURCE -Wl,-z,relro -Wl,--as-needed conftest.c  >&5
configure:8166: $? = 0
configure:8174: result: yes
configure:8182: checking for alloca
configure:8219: x86_64-linux-gnu-gcc -o conftest -g -O2 -ffile-prefix-map=/sonic/src/ntp/ntp-4.2.8p15=. -fstack-protector-strong -Wformat -Werror=format-security -fno-strict-aliasing -fcommon -Wdate-time -D_FORTIFY_SOURCE=2 -D_GNU_SOURCE -Wl,-z,relro -Wl,--as-needed conftest.c  >&5
configure:8219: $? = 0
configure:8227: result: yes
configure:8333: checking whether strerror_r is declared
configure:8333: x86_64-linux-gnu-gcc -c -g -O2 -ffile-prefix-map=/sonic/src/ntp/ntp-4.2.8p15=. -fstack-protector-strong -Wformat -Werror=format-security -fno-strict-aliasing -fcommon -Wdate-time -D_FORTIFY_SOURCE=2 -D_GNU_SOURCE conftest.c >&5
configure:8333: $? = 0
configure:8333: result: yes
configure:8346: checking for strerror_r
configure:8346: x86_64-linux-gnu-gcc -o conftest -g -O2 -ffile-prefix-map=/sonic/src/ntp/ntp-4.2.8p15=. -fstack-protector-strong -Wformat -Werror=format-security -fno-strict-aliasing -fcommon -Wdate-time -D_FORTIFY_SOURCE=2 -D_GNU_SOURCE -Wl,-z,relro -Wl,--as-needed conftest.c  >&5
configure:8346: $? = 0
configure:8346: result: yes
configure:8355: checking whether strerror_r returns char *
configure:8379: x86_64-linux-gnu-gcc -c -g -O2 -ffile-prefix-map=/sonic/src/ntp/ntp-4.2.8p15=. -fstack-protector-strong -Wformat -Werror=format-security -fno-strict-aliasing -fcommon -Wdate-time -D_FORTIFY_SOURCE=2 -D_GNU_SOURCE conftest.c >&5
configure:8379: $? = 0
configure:8417: result: yes
configure:8467: checking for library containing clock_gettime
configure:8498: x86_64-linux-gnu-gcc -o conftest -g -O2 -ffile-prefix-map=/sonic/src/ntp/ntp-4.2.8p15=. -fstack-protector-strong -Wformat -Werror=format-security -fno-strict-aliasing -fcommon -Wdate-time -D_FORTIFY_SOURCE=2 -D_GNU_SOURCE -Wl,-z,relro -Wl,--as-needed conftest.c  >&5
configure:8498: $? = 0
configure:8515: result: none required
configure:8531: checking for clock_getres
configure:8531: x86_64-linux-gnu-gcc -o conftest -g -O2 -ffile-prefix-map=/sonic/src/ntp/ntp-4.2.8p15=. -fstack-protector-strong -Wformat -Werror=format-security -fno-strict-aliasing -fcommon -Wdate-time -D_FORTIFY_SOURCE=2 -D_GNU_SOURCE -Wl,-z,relro -Wl,--as-needed conftest.c  >&5
configure:8531: $? = 0
configure:8531: result: yes
configure:8531: checking for clock_gettime
configure:8531: x86_64-linux-gnu-gcc -o conftest -g -O2 -ffile-prefix-map=/sonic/src/ntp/ntp-4.2.8p15=. -fstack-protector-strong -Wformat -Werror=format-security -fno-strict-aliasing -fcommon -Wdate-time -D_FORTIFY_SOURCE=2 -D_GNU_SOURCE -Wl,-z,relro -Wl,--as-needed conftest.c  >&5
configure:8531: $? = 0
configure:8531: result: yes
configure:8531: checking for clock_settime
configure:8531: x86_64-linux-gnu-gcc -o conftest -g -O2 -ffile-prefix-map=/sonic/src/ntp/ntp-4.2.8p15=. -fstack-protector-strong -Wformat -Werror=format-security -fno-strict-aliasing -fcommon -Wdate-time -D_FORTIFY_SOURCE=2 -D_GNU_SOURCE -Wl,-z,relro -Wl,--as-needed conftest.c  >&5
configure:8531: $? = 0
configure:8531: result: yes
configure:8546: checking for getclock
configure:8546: x86_64-linux-gnu-gcc -o conftest -g -O2 -ffile-prefix-map=/sonic/src/ntp/ntp-4.2.8p15=. -fstack-protector-strong -Wformat -Werror=format-security -fno-strict-aliasing -fcommon -Wdate-time -D_FORTIFY_SOURCE=2 -D_GNU_SOURCE -Wl,-z,relro -Wl,--as-needed conftest.c  >&5
/usr/bin/ld: /tmp/ccJdWGba.o: in function `main':
./sntp/conftest.c:84: undefined reference to `getclock'
collect2: error: ld returned 1 exit status
configure:8546: $? = 1
configure: failed program was:
| /* confdefs.h */
| #define PACKAGE_NAME "sntp"
| #define PACKAGE_TARNAME "sntp"
| #define PACKAGE_VERSION "4.2.8p15"
| #define PACKAGE_STRING "sntp 4.2.8p15"
| #define PACKAGE_BUGREPORT "http://bugs.ntp.org./"
| #define PACKAGE_URL "http://www.ntp.org./"
| #define PACKAGE "sntp"
| #define VERSION "4.2.8p15"
| #define STR_SYSTEM "x86_64-pc-linux-gnu"
| #define STDC_HEADERS 1
| #define HAVE_SYS_TYPES_H 1
| #define HAVE_SYS_STAT_H 1
| #define HAVE_STDLIB_H 1
| #define HAVE_STRING_H 1
| #define HAVE_MEMORY_H 1
| #define HAVE_STRINGS_H 1
| #define HAVE_INTTYPES_H 1
| #define HAVE_STDINT_H 1
| #define HAVE_UNISTD_H 1
| #define __EXTENSIONS__ 1
| #define _ALL_SOURCE 1
| #define _GNU_SOURCE 1
| #define _POSIX_PTHREAD_SEMANTICS 1
| #define _TANDEM_SOURCE 1
| #define HAVE___ATTRIBUTE__ /**/
| #define HAVE_STDARG_H 1
| #define HAVE_UNSIGNED_LONG_LONG_INT 1
| #define HAVE_VSNPRINTF 1
| #define HAVE_SNPRINTF 1
| #define DIR_SEP '/'
| #define HAVE_READLINE_READLINE_H 1
| #define HAVE_HISTEDIT_H 1
| #define HAVE_READLINE_HISTORY_H 1
| #define EL_INIT_ARGS 4
| #define HAVE_READLINE_HISTORY 1
| #define HAVE_FORK 1
| #define HAVE_VFORK 1
| #define HAVE_WORKING_VFORK 1
| #define HAVE_WORKING_FORK 1
| #define HAVE_ALLOCA_H 1
| #define HAVE_ALLOCA 1
| #define HAVE_DECL_STRERROR_R 1
| #define HAVE_STRERROR_R 1
| #define STRERROR_R_CHAR_P 1
| #define HAVE_CLOCK_GETRES 1
| #define HAVE_CLOCK_GETTIME 1
| #define HAVE_CLOCK_SETTIME 1
| /* end confdefs.h.  */
| /* Define getclock to an innocuous variant, in case <limits.h> declares getclock.
|    For example, HP-UX 11i <limits.h> declares gettimeofday.  */
| #define getclock innocuous_getclock
| 
| /* System header to define __stub macros and hopefully few prototypes,
|     which can conflict with char getclock (); below.
|     Prefer <limits.h> to <assert.h> if __STDC__ is defined, since
|     <limits.h> exists even on freestanding compilers.  */
| 
| #ifdef __STDC__
| # include <limits.h>
| #else
| # include <assert.h>
| #endif
| 
| #undef getclock
| 
| /* Override any GCC internal prototype to avoid an error.
|    Use char because int might match the return type of a GCC
|    builtin and then its argument prototype would still apply.  */
| #ifdef __cplusplus
| extern "C"
| #endif
| char getclock ();
| /* The GNU C library defines this for functions which it implements
|     to always fail with ENOSYS.  Some functions are actually named
|     something starting with __ and the normal name is an alias.  */
| #if defined __stub_getclock || defined __stub___getclock
| choke me
| #endif
| 
| int
| main ()
| {
| return getclock ();
|   ;
|   return 0;
| }
configure:8546: result: no
configure:8546: checking for stime
configure:8546: x86_64-linux-gnu-gcc -o conftest -g -O2 -ffile-prefix-map=/sonic/src/ntp/ntp-4.2.8p15=. -fstack-protector-strong -Wformat -Werror=format-security -fno-strict-aliasing -fcommon -Wdate-time -D_FORTIFY_SOURCE=2 -D_GNU_SOURCE -Wl,-z,relro -Wl,--as-needed conftest.c  >&5
/usr/bin/ld: /tmp/ccCPYVXo.o: in function `main':
./sntp/conftest.c:84: undefined reference to `stime'
collect2: error: ld returned 1 exit status
configure:8546: $? = 1
configure: failed program was:
| /* confdefs.h */
| #define PACKAGE_NAME "sntp"
| #define PACKAGE_TARNAME "sntp"
| #define PACKAGE_VERSION "4.2.8p15"
| #define PACKAGE_STRING "sntp 4.2.8p15"
| #define PACKAGE_BUGREPORT "http://bugs.ntp.org./"
| #define PACKAGE_URL "http://www.ntp.org./"
| #define PACKAGE "sntp"
| #define VERSION "4.2.8p15"
| #define STR_SYSTEM "x86_64-pc-linux-gnu"
| #define STDC_HEADERS 1
| #define HAVE_SYS_TYPES_H 1
| #define HAVE_SYS_STAT_H 1
| #define HAVE_STDLIB_H 1
| #define HAVE_STRING_H 1
| #define HAVE_MEMORY_H 1
| #define HAVE_STRINGS_H 1
| #define HAVE_INTTYPES_H 1
| #define HAVE_STDINT_H 1
| #define HAVE_UNISTD_H 1
| #define __EXTENSIONS__ 1
| #define _ALL_SOURCE 1
| #define _GNU_SOURCE 1
| #define _POSIX_PTHREAD_SEMANTICS 1
| #define _TANDEM_SOURCE 1
| #define HAVE___ATTRIBUTE__ /**/
| #define HAVE_STDARG_H 1
| #define HAVE_UNSIGNED_LONG_LONG_INT 1
| #define HAVE_VSNPRINTF 1
| #define HAVE_SNPRINTF 1
| #define DIR_SEP '/'
| #define HAVE_READLINE_READLINE_H 1
| #define HAVE_HISTEDIT_H 1
| #define HAVE_READLINE_HISTORY_H 1
| #define EL_INIT_ARGS 4
| #define HAVE_READLINE_HISTORY 1
| #define HAVE_FORK 1
| #define HAVE_VFORK 1
| #define HAVE_WORKING_VFORK 1
| #define HAVE_WORKING_FORK 1
| #define HAVE_ALLOCA_H 1
| #define HAVE_ALLOCA 1
| #define HAVE_DECL_STRERROR_R 1
| #define HAVE_STRERROR_R 1
| #define STRERROR_R_CHAR_P 1
| #define HAVE_CLOCK_GETRES 1
| #define HAVE_CLOCK_GETTIME 1
| #define HAVE_CLOCK_SETTIME 1
| /* end confdefs.h.  */
| /* Define stime to an innocuous variant, in case <limits.h> declares stime.
|    For example, HP-UX 11i <limits.h> declares gettimeofday.  */
| #define stime innocuous_stime
| 
| /* System header to define __stub macros and hopefully few prototypes,
|     which can conflict with char stime (); below.
|     Prefer <limits.h> to <assert.h> if __STDC__ is defined, since
|     <limits.h> exists even on freestanding compilers.  */
| 
| #ifdef __STDC__
| # include <limits.h>
| #else
| # include <assert.h>
| #endif
| 
| #undef stime
| 
| /* Override any GCC internal prototype to avoid an error.
|    Use char because int might match the return type of a GCC
|    builtin and then its argument prototype would still apply.  */
| #ifdef __cplusplus
| extern "C"
| #endif
| char stime ();
| /* The GNU C library defines this for functions which it implements
|     to always fail with ENOSYS.  Some functions are actually named
|     something starting with __ and the normal name is an alias.  */
| #if defined __stub_stime || defined __stub___stime
| choke me
| #endif
| 
| int
| main ()
| {
| return stime ();
|   ;
|   return 0;
| }
configure:8546: result: no
configure:8546: checking for timegm
configure:8546: x86_64-linux-gnu-gcc -o conftest -g -O2 -ffile-prefix-map=/sonic/src/ntp/ntp-4.2.8p15=. -fstack-protector-strong -Wformat -Werror=format-security -fno-strict-aliasing -fcommon -Wdate-time -D_FORTIFY_SOURCE=2 -D_GNU_SOURCE -Wl,-z,relro -Wl,--as-needed conftest.c  >&5
configure:8546: $? = 0
configure:8546: result: yes
configure:8546: checking for strlcpy
configure:8546: x86_64-linux-gnu-gcc -o conftest -g -O2 -ffile-prefix-map=/sonic/src/ntp/ntp-4.2.8p15=. -fstack-protector-strong -Wformat -Werror=format-security -fno-strict-aliasing -fcommon -Wdate-time -D_FORTIFY_SOURCE=2 -D_GNU_SOURCE -Wl,-z,relro -Wl,--as-needed conftest.c  >&5
/usr/bin/ld: /tmp/ccgz7RNn.o: in function `main':
./sntp/conftest.c:85: undefined reference to `strlcpy'
collect2: error: ld returned 1 exit status
configure:8546: $? = 1
configure: failed program was:
| /* confdefs.h */
| #define PACKAGE_NAME "sntp"
| #define PACKAGE_TARNAME "sntp"
| #define PACKAGE_VERSION "4.2.8p15"
| #define PACKAGE_STRING "sntp 4.2.8p15"
| #define PACKAGE_BUGREPORT "http://bugs.ntp.org./"
| #define PACKAGE_URL "http://www.ntp.org./"
| #define PACKAGE "sntp"
| #define VERSION "4.2.8p15"
| #define STR_SYSTEM "x86_64-pc-linux-gnu"
| #define STDC_HEADERS 1
| #define HAVE_SYS_TYPES_H 1
| #define HAVE_SYS_STAT_H 1
| #define HAVE_STDLIB_H 1
| #define HAVE_STRING_H 1
| #define HAVE_MEMORY_H 1
| #define HAVE_STRINGS_H 1
| #define HAVE_INTTYPES_H 1
| #define HAVE_STDINT_H 1
| #define HAVE_UNISTD_H 1
| #define __EXTENSIONS__ 1
| #define _ALL_SOURCE 1
| #define _GNU_SOURCE 1
| #define _POSIX_PTHREAD_SEMANTICS 1
| #define _TANDEM_SOURCE 1
| #define HAVE___ATTRIBUTE__ /**/
| #define HAVE_STDARG_H 1
| #define HAVE_UNSIGNED_LONG_LONG_INT 1
| #define HAVE_VSNPRINTF 1
| #define HAVE_SNPRINTF 1
| #define DIR_SEP '/'
| #define HAVE_READLINE_READLINE_H 1
| #define HAVE_HISTEDIT_H 1
| #define HAVE_READLINE_HISTORY_H 1
| #define EL_INIT_ARGS 4
| #define HAVE_READLINE_HISTORY 1
| #define HAVE_FORK 1
| #define HAVE_VFORK 1
| #define HAVE_WORKING_VFORK 1
| #define HAVE_WORKING_FORK 1
| #define HAVE_ALLOCA_H 1
| #define HAVE_ALLOCA 1
| #define HAVE_DECL_STRERROR_R 1
| #define HAVE_STRERROR_R 1
| #define STRERROR_R_CHAR_P 1
| #define HAVE_CLOCK_GETRES 1
| #define HAVE_CLOCK_GETTIME 1
| #define HAVE_CLOCK_SETTIME 1
| #define HAVE_TIMEGM 1
| /* end confdefs.h.  */
| /* Define strlcpy to an innocuous variant, in case <limits.h> declares strlcpy.
|    For example, HP-UX 11i <limits.h> declares gettimeofday.  */
| #define strlcpy innocuous_strlcpy
| 
| /* System header to define __stub macros and hopefully few prototypes,
|     which can conflict with char strlcpy (); below.
|     Prefer <limits.h> to <assert.h> if __STDC__ is defined, since
|     <limits.h> exists even on freestanding compilers.  */
| 
| #ifdef __STDC__
| # include <limits.h>
| #else
| # include <assert.h>
| #endif
| 
| #undef strlcpy
| 
| /* Override any GCC internal prototype to avoid an error.
|    Use char because int might match the return type of a GCC
|    builtin and then its argument prototype would still apply.  */
| #ifdef __cplusplus
| extern "C"
| #endif
| char strlcpy ();
| /* The GNU C library defines this for functions which it implements
|     to always fail with ENOSYS.  Some functions are actually named
|     something starting with __ and the normal name is an alias.  */
| #if defined __stub_strlcpy || defined __stub___strlcpy
| choke me
| #endif
| 
| int
| main ()
| {
| return strlcpy ();
|   ;
|   return 0;
| }
configure:8546: result: no
configure:8546: checking for strlcat
configure:8546: x86_64-linux-gnu-gcc -o conftest -g -O2 -ffile-prefix-map=/sonic/src/ntp/ntp-4.2.8p15=. -fstack-protector-strong -Wformat -Werror=format-security -fno-strict-aliasing -fcommon -Wdate-time -D_FORTIFY_SOURCE=2 -D_GNU_SOURCE -Wl,-z,relro -Wl,--as-needed conftest.c  >&5
/usr/bin/ld: /tmp/ccw6iUU0.o: in function `main':
./sntp/conftest.c:85: undefined reference to `strlcat'
collect2: error: ld returned 1 exit status
configure:8546: $? = 1
configure: failed program was:
| /* confdefs.h */
| #define PACKAGE_NAME "sntp"
| #define PACKAGE_TARNAME "sntp"
| #define PACKAGE_VERSION "4.2.8p15"
| #define PACKAGE_STRING "sntp 4.2.8p15"
| #define PACKAGE_BUGREPORT "http://bugs.ntp.org./"
| #define PACKAGE_URL "http://www.ntp.org./"
| #define PACKAGE "sntp"
| #define VERSION "4.2.8p15"
| #define STR_SYSTEM "x86_64-pc-linux-gnu"
| #define STDC_HEADERS 1
| #define HAVE_SYS_TYPES_H 1
| #define HAVE_SYS_STAT_H 1
| #define HAVE_STDLIB_H 1
| #define HAVE_STRING_H 1
| #define HAVE_MEMORY_H 1
| #define HAVE_STRINGS_H 1
| #define HAVE_INTTYPES_H 1
| #define HAVE_STDINT_H 1
| #define HAVE_UNISTD_H 1
| #define __EXTENSIONS__ 1
| #define _ALL_SOURCE 1
| #define _GNU_SOURCE 1
| #define _POSIX_PTHREAD_SEMANTICS 1
| #define _TANDEM_SOURCE 1
| #define HAVE___ATTRIBUTE__ /**/
| #define HAVE_STDARG_H 1
| #define HAVE_UNSIGNED_LONG_LONG_INT 1
| #define HAVE_VSNPRINTF 1
| #define HAVE_SNPRINTF 1
| #define DIR_SEP '/'
| #define HAVE_READLINE_READLINE_H 1
| #define HAVE_HISTEDIT_H 1
| #define HAVE_READLINE_HISTORY_H 1
| #define EL_INIT_ARGS 4
| #define HAVE_READLINE_HISTORY 1
| #define HAVE_FORK 1
| #define HAVE_VFORK 1
| #define HAVE_WORKING_VFORK 1
| #define HAVE_WORKING_FORK 1
| #define HAVE_ALLOCA_H 1
| #define HAVE_ALLOCA 1
| #define HAVE_DECL_STRERROR_R 1
| #define HAVE_STRERROR_R 1
| #define STRERROR_R_CHAR_P 1
| #define HAVE_CLOCK_GETRES 1
| #define HAVE_CLOCK_GETTIME 1
| #define HAVE_CLOCK_SETTIME 1
| #define HAVE_TIMEGM 1
| /* end confdefs.h.  */
| /* Define strlcat to an innocuous variant, in case <limits.h> declares strlcat.
|    For example, HP-UX 11i <limits.h> declares gettimeofday.  */
| #define strlcat innocuous_strlcat
| 
| /* System header to define __stub macros and hopefully few prototypes,
|     which can conflict with char strlcat (); below.
|     Prefer <limits.h> to <assert.h> if __STDC__ is defined, since
|     <limits.h> exists even on freestanding compilers.  */
| 
| #ifdef __STDC__
| # include <limits.h>
| #else
| # include <assert.h>
| #endif
| 
| #undef strlcat
| 
| /* Override any GCC internal prototype to avoid an error.
|    Use char because int might match the return type of a GCC
|    builtin and then its argument prototype would still apply.  */
| #ifdef __cplusplus
| extern "C"
| #endif
| char strlcat ();
| /* The GNU C library defines this for functions which it implements
|     to always fail with ENOSYS.  Some functions are actually named
|     something starting with __ and the normal name is an alias.  */
| #if defined __stub_strlcat || defined __stub___strlcat
| choke me
| #endif
| 
| int
| main ()
| {
| return strlcat ();
|   ;
|   return 0;
| }
configure:8546: result: no
configure:8559: checking for library containing snprintb
configure:8590: x86_64-linux-gnu-gcc -o conftest -g -O2 -ffile-prefix-map=/sonic/src/ntp/ntp-4.2.8p15=. -fstack-protector-strong -Wformat -Werror=format-security -fno-strict-aliasing -fcommon -Wdate-time -D_FORTIFY_SOURCE=2 -D_GNU_SOURCE -Wl,-z,relro -Wl,--as-needed conftest.c  >&5
/usr/bin/ld: /tmp/ccbDsGcS.o: in function `main':
./sntp/conftest.c:62: undefined reference to `snprintb'
collect2: error: ld returned 1 exit status
configure:8590: $? = 1
configure: failed program was:
| /* confdefs.h */
| #define PACKAGE_NAME "sntp"
| #define PACKAGE_TARNAME "sntp"
| #define PACKAGE_VERSION "4.2.8p15"
| #define PACKAGE_STRING "sntp 4.2.8p15"
| #define PACKAGE_BUGREPORT "http://bugs.ntp.org./"
| #define PACKAGE_URL "http://www.ntp.org./"
| #define PACKAGE "sntp"
| #define VERSION "4.2.8p15"
| #define STR_SYSTEM "x86_64-pc-linux-gnu"
| #define STDC_HEADERS 1
| #define HAVE_SYS_TYPES_H 1
| #define HAVE_SYS_STAT_H 1
| #define HAVE_STDLIB_H 1
| #define HAVE_STRING_H 1
| #define HAVE_MEMORY_H 1
| #define HAVE_STRINGS_H 1
| #define HAVE_INTTYPES_H 1
| #define HAVE_STDINT_H 1
| #define HAVE_UNISTD_H 1
| #define __EXTENSIONS__ 1
| #define _ALL_SOURCE 1
| #define _GNU_SOURCE 1
| #define _POSIX_PTHREAD_SEMANTICS 1
| #define _TANDEM_SOURCE 1
| #define HAVE___ATTRIBUTE__ /**/
| #define HAVE_STDARG_H 1
| #define HAVE_UNSIGNED_LONG_LONG_INT 1
| #define HAVE_VSNPRINTF 1
| #define HAVE_SNPRINTF 1
| #define DIR_SEP '/'
| #define HAVE_READLINE_READLINE_H 1
| #define HAVE_HISTEDIT_H 1
| #define HAVE_READLINE_HISTORY_H 1
| #define EL_INIT_ARGS 4
| #define HAVE_READLINE_HISTORY 1
| #define HAVE_FORK 1
| #define HAVE_VFORK 1
| #define HAVE_WORKING_VFORK 1
| #define HAVE_WORKING_FORK 1
| #define HAVE_ALLOCA_H 1
| #define HAVE_ALLOCA 1
| #define HAVE_DECL_STRERROR_R 1
| #define HAVE_STRERROR_R 1
| #define STRERROR_R_CHAR_P 1
| #define HAVE_CLOCK_GETRES 1
| #define HAVE_CLOCK_GETTIME 1
| #define HAVE_CLOCK_SETTIME 1
| #define HAVE_TIMEGM 1
| /* end confdefs.h.  */
| 
| /* Override any GCC internal prototype to avoid an error.
|    Use char because int might match the return type of a GCC
|    builtin and then its argument prototype would still apply.  */
| #ifdef __cplusplus
| extern "C"
| #endif
| char snprintb ();
| int
| main ()
| {
| return snprintb ();
|   ;
|   return 0;
| }
configure:8590: x86_64-linux-gnu-gcc -o conftest -g -O2 -ffile-prefix-map=/sonic/src/ntp/ntp-4.2.8p15=. -fstack-protector-strong -Wformat -Werror=format-security -fno-strict-aliasing -fcommon -Wdate-time -D_FORTIFY_SOURCE=2 -D_GNU_SOURCE -Wl,-z,relro -Wl,--as-needed conftest.c -lutil   >&5
/usr/bin/ld: /tmp/ccTnHxqN.o: in function `main':
./sntp/conftest.c:62: undefined reference to `snprintb'
collect2: error: ld returned 1 exit status
configure:8590: $? = 1
configure: failed program was:
| /* confdefs.h */
| #define PACKAGE_NAME "sntp"
| #define PACKAGE_TARNAME "sntp"
| #define PACKAGE_VERSION "4.2.8p15"
| #define PACKAGE_STRING "sntp 4.2.8p15"
| #define PACKAGE_BUGREPORT "http://bugs.ntp.org./"
| #define PACKAGE_URL "http://www.ntp.org./"
| #define PACKAGE "sntp"
| #define VERSION "4.2.8p15"
| #define STR_SYSTEM "x86_64-pc-linux-gnu"
| #define STDC_HEADERS 1
| #define HAVE_SYS_TYPES_H 1
| #define HAVE_SYS_STAT_H 1
| #define HAVE_STDLIB_H 1
| #define HAVE_STRING_H 1
| #define HAVE_MEMORY_H 1
| #define HAVE_STRINGS_H 1
| #define HAVE_INTTYPES_H 1
| #define HAVE_STDINT_H 1
| #define HAVE_UNISTD_H 1
| #define __EXTENSIONS__ 1
| #define _ALL_SOURCE 1
| #define _GNU_SOURCE 1
| #define _POSIX_PTHREAD_SEMANTICS 1
| #define _TANDEM_SOURCE 1
| #define HAVE___ATTRIBUTE__ /**/
| #define HAVE_STDARG_H 1
| #define HAVE_UNSIGNED_LONG_LONG_INT 1
| #define HAVE_VSNPRINTF 1
| #define HAVE_SNPRINTF 1
| #define DIR_SEP '/'
| #define HAVE_READLINE_READLINE_H 1
| #define HAVE_HISTEDIT_H 1
| #define HAVE_READLINE_HISTORY_H 1
| #define EL_INIT_ARGS 4
| #define HAVE_READLINE_HISTORY 1
| #define HAVE_FORK 1
| #define HAVE_VFORK 1
| #define HAVE_WORKING_VFORK 1
| #define HAVE_WORKING_FORK 1
| #define HAVE_ALLOCA_H 1
| #define HAVE_ALLOCA 1
| #define HAVE_DECL_STRERROR_R 1
| #define HAVE_STRERROR_R 1
| #define STRERROR_R_CHAR_P 1
| #define HAVE_CLOCK_GETRES 1
| #define HAVE_CLOCK_GETTIME 1
| #define HAVE_CLOCK_SETTIME 1
| #define HAVE_TIMEGM 1
| /* end confdefs.h.  */
| 
| /* Override any GCC internal prototype to avoid an error.
|    Use char because int might match the return type of a GCC
|    builtin and then its argument prototype would still apply.  */
| #ifdef __cplusplus
| extern "C"
| #endif
| char snprintb ();
| int
| main ()
| {
| return snprintb ();
|   ;
|   return 0;
| }
configure:8607: result: no
configure:8627: checking errno.h usability
configure:8627: x86_64-linux-gnu-gcc -c -g -O2 -ffile-prefix-map=/sonic/src/ntp/ntp-4.2.8p15=. -fstack-protector-strong -Wformat -Werror=format-security -fno-strict-aliasing -fcommon -Wdate-time -D_FORTIFY_SOURCE=2 -D_GNU_SOURCE conftest.c >&5
configure:8627: $? = 0
configure:8627: result: yes
configure:8627: checking errno.h presence
configure:8627: x86_64-linux-gnu-gcc -E -Wdate-time -D_FORTIFY_SOURCE=2 -D_GNU_SOURCE conftest.c
configure:8627: $? = 0
configure:8627: result: yes
configure:8627: checking for errno.h
configure:8627: result: yes
configure:8627: checking sys/socket.h usability
configure:8627: x86_64-linux-gnu-gcc -c -g -O2 -ffile-prefix-map=/sonic/src/ntp/ntp-4.2.8p15=. -fstack-protector-strong -Wformat -Werror=format-security -fno-strict-aliasing -fcommon -Wdate-time -D_FORTIFY_SOURCE=2 -D_GNU_SOURCE conftest.c >&5
configure:8627: $? = 0
configure:8627: result: yes
configure:8627: checking sys/socket.h presence
configure:8627: x86_64-linux-gnu-gcc -E -Wdate-time -D_FORTIFY_SOURCE=2 -D_GNU_SOURCE conftest.c
configure:8627: $? = 0
configure:8627: result: yes
configure:8627: checking for sys/socket.h
configure:8627: result: yes
configure:8627: checking for sys/types.h
configure:8627: result: yes
configure:8627: checking time.h usability
configure:8627: x86_64-linux-gnu-gcc -c -g -O2 -ffile-prefix-map=/sonic/src/ntp/ntp-4.2.8p15=. -fstack-protector-strong -Wformat -Werror=format-security -fno-strict-aliasing -fcommon -Wdate-time -D_FORTIFY_SOURCE=2 -D_GNU_SOURCE conftest.c >&5
configure:8627: $? = 0
configure:8627: result: yes
configure:8627: checking time.h presence
configure:8627: x86_64-linux-gnu-gcc -E -Wdate-time -D_FORTIFY_SOURCE=2 -D_GNU_SOURCE conftest.c
configure:8627: $? = 0
configure:8627: result: yes
configure:8627: checking for time.h
configure:8627: result: yes
configure:8639: checking for net/if.h
configure:8639: x86_64-linux-gnu-gcc -c -g -O2 -ffile-prefix-map=/sonic/src/ntp/ntp-4.2.8p15=. -fstack-protector-strong -Wformat -Werror=format-security -fno-strict-aliasing -fcommon -Wdate-time -D_FORTIFY_SOURCE=2 -D_GNU_SOURCE conftest.c >&5
configure:8639: $? = 0
configure:8639: result: yes
configure:8720: checking for linux/if_addr.h
configure:8720: x86_64-linux-gnu-gcc -c -g -O2 -ffile-prefix-map=/sonic/src/ntp/ntp-4.2.8p15=. -fstack-protector-strong -Wformat -Werror=format-security -fno-strict-aliasing -fcommon -Wdate-time -D_FORTIFY_SOURCE=2 -D_GNU_SOURCE conftest.c >&5
configure:8720: $? = 0
configure:8720: result: yes
configure:8743: checking arpa/nameser.h usability
configure:8743: x86_64-linux-gnu-gcc -c -g -O2 -ffile-prefix-map=/sonic/src/ntp/ntp-4.2.8p15=. -fstack-protector-strong -Wformat -Werror=format-security -fno-strict-aliasing -fcommon -Wdate-time -D_FORTIFY_SOURCE=2 -D_GNU_SOURCE conftest.c >&5
configure:8743: $? = 0
configure:8743: result: yes
configure:8743: checking arpa/nameser.h presence
configure:8743: x86_64-linux-gnu-gcc -E -Wdate-time -D_FORTIFY_SOURCE=2 -D_GNU_SOURCE conftest.c
configure:8743: $? = 0
configure:8743: result: yes
configure:8743: checking for arpa/nameser.h
configure:8743: result: yes
configure:8743: checking sys/param.h usability
configure:8743: x86_64-linux-gnu-gcc -c -g -O2 -ffile-prefix-map=/sonic/src/ntp/ntp-4.2.8p15=. -fstack-protector-strong -Wformat -Werror=format-security -fno-strict-aliasing -fcommon -Wdate-time -D_FORTIFY_SOURCE=2 -D_GNU_SOURCE conftest.c >&5
configure:8743: $? = 0
configure:8743: result: yes
configure:8743: checking sys/param.h presence
configure:8743: x86_64-linux-gnu-gcc -E -Wdate-time -D_FORTIFY_SOURCE=2 -D_GNU_SOURCE conftest.c
configure:8743: $? = 0
configure:8743: result: yes
configure:8743: checking for sys/param.h
configure:8743: result: yes
configure:8743: checking sys/time.h usability
configure:8743: x86_64-linux-gnu-gcc -c -g -O2 -ffile-prefix-map=/sonic/src/ntp/ntp-4.2.8p15=. -fstack-protector-strong -Wformat -Werror=format-security -fno-strict-aliasing -fcommon -Wdate-time -D_FORTIFY_SOURCE=2 -D_GNU_SOURCE conftest.c >&5
configure:8743: $? = 0
configure:8743: result: yes
configure:8743: checking sys/time.h presence
configure:8743: x86_64-linux-gnu-gcc -E -Wdate-time -D_FORTIFY_SOURCE=2 -D_GNU_SOURCE conftest.c
configure:8743: $? = 0
configure:8743: result: yes
configure:8743: checking for sys/time.h
configure:8743: result: yes
configure:8743: checking sys/timers.h usability
configure:8743: x86_64-linux-gnu-gcc -c -g -O2 -ffile-prefix-map=/sonic/src/ntp/ntp-4.2.8p15=. -fstack-protector-strong -Wformat -Werror=format-security -fno-strict-aliasing -fcommon -Wdate-time -D_FORTIFY_SOURCE=2 -D_GNU_SOURCE conftest.c >&5
conftest.c:94:10: fatal error: sys/timers.h: No such file or directory
   94 | #include <sys/timers.h>
      |          ^~~~~~~~~~~~~~
compilation terminated.
configure:8743: $? = 1
configure: failed program was:
| /* confdefs.h */
| #define PACKAGE_NAME "sntp"
| #define PACKAGE_TARNAME "sntp"
| #define PACKAGE_VERSION "4.2.8p15"
| #define PACKAGE_STRING "sntp 4.2.8p15"
| #define PACKAGE_BUGREPORT "http://bugs.ntp.org./"
| #define PACKAGE_URL "http://www.ntp.org./"
| #define PACKAGE "sntp"
| #define VERSION "4.2.8p15"
| #define STR_SYSTEM "x86_64-pc-linux-gnu"
| #define STDC_HEADERS 1
| #define HAVE_SYS_TYPES_H 1
| #define HAVE_SYS_STAT_H 1
| #define HAVE_STDLIB_H 1
| #define HAVE_STRING_H 1
| #define HAVE_MEMORY_H 1
| #define HAVE_STRINGS_H 1
| #define HAVE_INTTYPES_H 1
| #define HAVE_STDINT_H 1
| #define HAVE_UNISTD_H 1
| #define __EXTENSIONS__ 1
| #define _ALL_SOURCE 1
| #define _GNU_SOURCE 1
| #define _POSIX_PTHREAD_SEMANTICS 1
| #define _TANDEM_SOURCE 1
| #define HAVE___ATTRIBUTE__ /**/
| #define HAVE_STDARG_H 1
| #define HAVE_UNSIGNED_LONG_LONG_INT 1
| #define HAVE_VSNPRINTF 1
| #define HAVE_SNPRINTF 1
| #define DIR_SEP '/'
| #define HAVE_READLINE_READLINE_H 1
| #define HAVE_HISTEDIT_H 1
| #define HAVE_READLINE_HISTORY_H 1
| #define EL_INIT_ARGS 4
| #define HAVE_READLINE_HISTORY 1
| #define HAVE_FORK 1
| #define HAVE_VFORK 1
| #define HAVE_WORKING_VFORK 1
| #define HAVE_WORKING_FORK 1
| #define HAVE_ALLOCA_H 1
| #define HAVE_ALLOCA 1
| #define HAVE_DECL_STRERROR_R 1
| #define HAVE_STRERROR_R 1
| #define STRERROR_R_CHAR_P 1
| #define HAVE_CLOCK_GETRES 1
| #define HAVE_CLOCK_GETTIME 1
| #define HAVE_CLOCK_SETTIME 1
| #define HAVE_TIMEGM 1
| #define HAVE_ERRNO_H 1
| #define HAVE_SYS_SOCKET_H 1
| #define HAVE_SYS_TYPES_H 1
| #define HAVE_TIME_H 1
| #define HAVE_NET_IF_H 1
| #define HAVE_LINUX_IF_ADDR_H 1
| #define NEED_EARLY_FORK 1
| #define HAVE_ARPA_NAMESER_H 1
| #define HAVE_SYS_PARAM_H 1
| #define HAVE_SYS_TIME_H 1
| /* end confdefs.h.  */
| #include <stdio.h>
| #ifdef HAVE_SYS_TYPES_H
| # include <sys/types.h>
| #endif
| #ifdef HAVE_SYS_STAT_H
| # include <sys/stat.h>
| #endif
| #ifdef STDC_HEADERS
| # include <stdlib.h>
| # include <stddef.h>
| #else
| # ifdef HAVE_STDLIB_H
| #  include <stdlib.h>
| # endif
| #endif
| #ifdef HAVE_STRING_H
| # if !defined STDC_HEADERS && defined HAVE_MEMORY_H
| #  include <memory.h>
| # endif
| # include <string.h>
| #endif
| #ifdef HAVE_STRINGS_H
| # include <strings.h>
| #endif
| #ifdef HAVE_INTTYPES_H
| # include <inttypes.h>
| #endif
| #ifdef HAVE_STDINT_H
| # include <stdint.h>
| #endif
| #ifdef HAVE_UNISTD_H
| # include <unistd.h>
| #endif
| #include <sys/timers.h>
configure:8743: result: no
configure:8743: checking sys/timers.h presence
configure:8743: x86_64-linux-gnu-gcc -E -Wdate-time -D_FORTIFY_SOURCE=2 -D_GNU_SOURCE conftest.c
conftest.c:61:10: fatal error: sys/timers.h: No such file or directory
   61 | #include <sys/timers.h>
      |          ^~~~~~~~~~~~~~
compilation terminated.
configure:8743: $? = 1
configure: failed program was:
| /* confdefs.h */
| #define PACKAGE_NAME "sntp"
| #define PACKAGE_TARNAME "sntp"
| #define PACKAGE_VERSION "4.2.8p15"
| #define PACKAGE_STRING "sntp 4.2.8p15"
| #define PACKAGE_BUGREPORT "http://bugs.ntp.org./"
| #define PACKAGE_URL "http://www.ntp.org./"
| #define PACKAGE "sntp"
| #define VERSION "4.2.8p15"
| #define STR_SYSTEM "x86_64-pc-linux-gnu"
| #define STDC_HEADERS 1
| #define HAVE_SYS_TYPES_H 1
| #define HAVE_SYS_STAT_H 1
| #define HAVE_STDLIB_H 1
| #define HAVE_STRING_H 1
| #define HAVE_MEMORY_H 1
| #define HAVE_STRINGS_H 1
| #define HAVE_INTTYPES_H 1
| #define HAVE_STDINT_H 1
| #define HAVE_UNISTD_H 1
| #define __EXTENSIONS__ 1
| #define _ALL_SOURCE 1
| #define _GNU_SOURCE 1
| #define _POSIX_PTHREAD_SEMANTICS 1
| #define _TANDEM_SOURCE 1
| #define HAVE___ATTRIBUTE__ /**/
| #define HAVE_STDARG_H 1
| #define HAVE_UNSIGNED_LONG_LONG_INT 1
| #define HAVE_VSNPRINTF 1
| #define HAVE_SNPRINTF 1
| #define DIR_SEP '/'
| #define HAVE_READLINE_READLINE_H 1
| #define HAVE_HISTEDIT_H 1
| #define HAVE_READLINE_HISTORY_H 1
| #define EL_INIT_ARGS 4
| #define HAVE_READLINE_HISTORY 1
| #define HAVE_FORK 1
| #define HAVE_VFORK 1
| #define HAVE_WORKING_VFORK 1
| #define HAVE_WORKING_FORK 1
| #define HAVE_ALLOCA_H 1
| #define HAVE_ALLOCA 1
| #define HAVE_DECL_STRERROR_R 1
| #define HAVE_STRERROR_R 1
| #define STRERROR_R_CHAR_P 1
| #define HAVE_CLOCK_GETRES 1
| #define HAVE_CLOCK_GETTIME 1
| #define HAVE_CLOCK_SETTIME 1
| #define HAVE_TIMEGM 1
| #define HAVE_ERRNO_H 1
| #define HAVE_SYS_SOCKET_H 1
| #define HAVE_SYS_TYPES_H 1
| #define HAVE_TIME_H 1
| #define HAVE_NET_IF_H 1
| #define HAVE_LINUX_IF_ADDR_H 1
| #define NEED_EARLY_FORK 1
| #define HAVE_ARPA_NAMESER_H 1
| #define HAVE_SYS_PARAM_H 1
| #define HAVE_SYS_TIME_H 1
| /* end confdefs.h.  */
| #include <sys/timers.h>
configure:8743: result: no
configure:8743: checking for sys/timers.h
configure:8743: result: no
configure:8756: checking for sys/sysctl.h
configure:8756: x86_64-linux-gnu-gcc -c -g -O2 -ffile-prefix-map=/sonic/src/ntp/ntp-4.2.8p15=. -fstack-protector-strong -Wformat -Werror=format-security -fno-strict-aliasing -fcommon -Wdate-time -D_FORTIFY_SOURCE=2 -D_GNU_SOURCE conftest.c >&5
In file included from conftest.c:67:
/usr/include/x86_64-linux-gnu/sys/sysctl.h:21:2: warning: #warning "The <sys/sysctl.h> header is deprecated and will be removed." [-Wcpp]
   21 | #warning "The <sys/sysctl.h> header is deprecated and will be removed."
      |  ^~~~~~~
configure:8756: $? = 0
configure:8756: result: yes
configure:8774: checking netinet/in_system.h usability
configure:8774: x86_64-linux-gnu-gcc -c -g -O2 -ffile-prefix-map=/sonic/src/ntp/ntp-4.2.8p15=. -fstack-protector-strong -Wformat -Werror=format-security -fno-strict-aliasing -fcommon -Wdate-time -D_FORTIFY_SOURCE=2 -D_GNU_SOURCE conftest.c >&5
conftest.c:95:10: fatal error: netinet/in_system.h: No such file or directory
   95 | #include <netinet/in_system.h>
      |          ^~~~~~~~~~~~~~~~~~~~~
compilation terminated.
configure:8774: $? = 1
configure: failed program was:
| /* confdefs.h */
| #define PACKAGE_NAME "sntp"
| #define PACKAGE_TARNAME "sntp"
| #define PACKAGE_VERSION "4.2.8p15"
| #define PACKAGE_STRING "sntp 4.2.8p15"
| #define PACKAGE_BUGREPORT "http://bugs.ntp.org./"
| #define PACKAGE_URL "http://www.ntp.org./"
| #define PACKAGE "sntp"
| #define VERSION "4.2.8p15"
| #define STR_SYSTEM "x86_64-pc-linux-gnu"
| #define STDC_HEADERS 1
| #define HAVE_SYS_TYPES_H 1
| #define HAVE_SYS_STAT_H 1
| #define HAVE_STDLIB_H 1
| #define HAVE_STRING_H 1
| #define HAVE_MEMORY_H 1
| #define HAVE_STRINGS_H 1
| #define HAVE_INTTYPES_H 1
| #define HAVE_STDINT_H 1
| #define HAVE_UNISTD_H 1
| #define __EXTENSIONS__ 1
| #define _ALL_SOURCE 1
| #define _GNU_SOURCE 1
| #define _POSIX_PTHREAD_SEMANTICS 1
| #define _TANDEM_SOURCE 1
| #define HAVE___ATTRIBUTE__ /**/
| #define HAVE_STDARG_H 1
| #define HAVE_UNSIGNED_LONG_LONG_INT 1
| #define HAVE_VSNPRINTF 1
| #define HAVE_SNPRINTF 1
| #define DIR_SEP '/'
| #define HAVE_READLINE_READLINE_H 1
| #define HAVE_HISTEDIT_H 1
| #define HAVE_READLINE_HISTORY_H 1
| #define EL_INIT_ARGS 4
| #define HAVE_READLINE_HISTORY 1
| #define HAVE_FORK 1
| #define HAVE_VFORK 1
| #define HAVE_WORKING_VFORK 1
| #define HAVE_WORKING_FORK 1
| #define HAVE_ALLOCA_H 1
| #define HAVE_ALLOCA 1
| #define HAVE_DECL_STRERROR_R 1
| #define HAVE_STRERROR_R 1
| #define STRERROR_R_CHAR_P 1
| #define HAVE_CLOCK_GETRES 1
| #define HAVE_CLOCK_GETTIME 1
| #define HAVE_CLOCK_SETTIME 1
| #define HAVE_TIMEGM 1
| #define HAVE_ERRNO_H 1
| #define HAVE_SYS_SOCKET_H 1
| #define HAVE_SYS_TYPES_H 1
| #define HAVE_TIME_H 1
| #define HAVE_NET_IF_H 1
| #define HAVE_LINUX_IF_ADDR_H 1
| #define NEED_EARLY_FORK 1
| #define HAVE_ARPA_NAMESER_H 1
| #define HAVE_SYS_PARAM_H 1
| #define HAVE_SYS_TIME_H 1
| #define HAVE_SYS_SYSCTL_H 1
| /* end confdefs.h.  */
| #include <stdio.h>
| #ifdef HAVE_SYS_TYPES_H
| # include <sys/types.h>
| #endif
| #ifdef HAVE_SYS_STAT_H
| # include <sys/stat.h>
| #endif
| #ifdef STDC_HEADERS
| # include <stdlib.h>
| # include <stddef.h>
| #else
| # ifdef HAVE_STDLIB_H
| #  include <stdlib.h>
| # endif
| #endif
| #ifdef HAVE_STRING_H
| # if !defined STDC_HEADERS && defined HAVE_MEMORY_H
| #  include <memory.h>
| # endif
| # include <string.h>
| #endif
| #ifdef HAVE_STRINGS_H
| # include <strings.h>
| #endif
| #ifdef HAVE_INTTYPES_H
| # include <inttypes.h>
| #endif
| #ifdef HAVE_STDINT_H
| # include <stdint.h>
| #endif
| #ifdef HAVE_UNISTD_H
| # include <unistd.h>
| #endif
| #include <netinet/in_system.h>
configure:8774: result: no
configure:8774: checking netinet/in_system.h presence
configure:8774: x86_64-linux-gnu-gcc -E -Wdate-time -D_FORTIFY_SOURCE=2 -D_GNU_SOURCE conftest.c
conftest.c:62:10: fatal error: netinet/in_system.h: No such file or directory
   62 | #include <netinet/in_system.h>
      |          ^~~~~~~~~~~~~~~~~~~~~
compilation terminated.
configure:8774: $? = 1
configure: failed program was:
| /* confdefs.h */
| #define PACKAGE_NAME "sntp"
| #define PACKAGE_TARNAME "sntp"
| #define PACKAGE_VERSION "4.2.8p15"
| #define PACKAGE_STRING "sntp 4.2.8p15"
| #define PACKAGE_BUGREPORT "http://bugs.ntp.org./"
| #define PACKAGE_URL "http://www.ntp.org./"
| #define PACKAGE "sntp"
| #define VERSION "4.2.8p15"
| #define STR_SYSTEM "x86_64-pc-linux-gnu"
| #define STDC_HEADERS 1
| #define HAVE_SYS_TYPES_H 1
| #define HAVE_SYS_STAT_H 1
| #define HAVE_STDLIB_H 1
| #define HAVE_STRING_H 1
| #define HAVE_MEMORY_H 1
| #define HAVE_STRINGS_H 1
| #define HAVE_INTTYPES_H 1
| #define HAVE_STDINT_H 1
| #define HAVE_UNISTD_H 1
| #define __EXTENSIONS__ 1
| #define _ALL_SOURCE 1
| #define _GNU_SOURCE 1
| #define _POSIX_PTHREAD_SEMANTICS 1
| #define _TANDEM_SOURCE 1
| #define HAVE___ATTRIBUTE__ /**/
| #define HAVE_STDARG_H 1
| #define HAVE_UNSIGNED_LONG_LONG_INT 1
| #define HAVE_VSNPRINTF 1
| #define HAVE_SNPRINTF 1
| #define DIR_SEP '/'
| #define HAVE_READLINE_READLINE_H 1
| #define HAVE_HISTEDIT_H 1
| #define HAVE_READLINE_HISTORY_H 1
| #define EL_INIT_ARGS 4
| #define HAVE_READLINE_HISTORY 1
| #define HAVE_FORK 1
| #define HAVE_VFORK 1
| #define HAVE_WORKING_VFORK 1
| #define HAVE_WORKING_FORK 1
| #define HAVE_ALLOCA_H 1
| #define HAVE_ALLOCA 1
| #define HAVE_DECL_STRERROR_R 1
| #define HAVE_STRERROR_R 1
| #define STRERROR_R_CHAR_P 1
| #define HAVE_CLOCK_GETRES 1
| #define HAVE_CLOCK_GETTIME 1
| #define HAVE_CLOCK_SETTIME 1
| #define HAVE_TIMEGM 1
| #define HAVE_ERRNO_H 1
| #define HAVE_SYS_SOCKET_H 1
| #define HAVE_SYS_TYPES_H 1
| #define HAVE_TIME_H 1
| #define HAVE_NET_IF_H 1
| #define HAVE_LINUX_IF_ADDR_H 1
| #define NEED_EARLY_FORK 1
| #define HAVE_ARPA_NAMESER_H 1
| #define HAVE_SYS_PARAM_H 1
| #define HAVE_SYS_TIME_H 1
| #define HAVE_SYS_SYSCTL_H 1
| /* end confdefs.h.  */
| #include <netinet/in_system.h>
configure:8774: result: no
configure:8774: checking for netinet/in_system.h
configure:8774: result: no
configure:8774: checking netinet/in_systm.h usability
configure:8774: x86_64-linux-gnu-gcc -c -g -O2 -ffile-prefix-map=/sonic/src/ntp/ntp-4.2.8p15=. -fstack-protector-strong -Wformat -Werror=format-security -fno-strict-aliasing -fcommon -Wdate-time -D_FORTIFY_SOURCE=2 -D_GNU_SOURCE conftest.c >&5
configure:8774: $? = 0
configure:8774: result: yes
configure:8774: checking netinet/in_systm.h presence
configure:8774: x86_64-linux-gnu-gcc -E -Wdate-time -D_FORTIFY_SOURCE=2 -D_GNU_SOURCE conftest.c
configure:8774: $? = 0
configure:8774: result: yes
configure:8774: checking for netinet/in_systm.h
configure:8774: result: yes
configure:8774: checking netinet/in.h usability
configure:8774: x86_64-linux-gnu-gcc -c -g -O2 -ffile-prefix-map=/sonic/src/ntp/ntp-4.2.8p15=. -fstack-protector-strong -Wformat -Werror=format-security -fno-strict-aliasing -fcommon -Wdate-time -D_FORTIFY_SOURCE=2 -D_GNU_SOURCE conftest.c >&5
configure:8774: $? = 0
configure:8774: result: yes
configure:8774: checking netinet/in.h presence
configure:8774: x86_64-linux-gnu-gcc -E -Wdate-time -D_FORTIFY_SOURCE=2 -D_GNU_SOURCE conftest.c
configure:8774: $? = 0
configure:8774: result: yes
configure:8774: checking for netinet/in.h
configure:8774: result: yes
configure:8787: checking for resolv.h
configure:8787: x86_64-linux-gnu-gcc -c -g -O2 -ffile-prefix-map=/sonic/src/ntp/ntp-4.2.8p15=. -fstack-protector-strong -Wformat -Werror=format-security -fno-strict-aliasing -fcommon -Wdate-time -D_FORTIFY_SOURCE=2 -D_GNU_SOURCE conftest.c >&5
configure:8787: $? = 0
configure:8787: result: yes
configure:8811: checking for net/if_var.h
configure:8811: x86_64-linux-gnu-gcc -c -g -O2 -ffile-prefix-map=/sonic/src/ntp/ntp-4.2.8p15=. -fstack-protector-strong -Wformat -Werror=format-security -fno-strict-aliasing -fcommon -Wdate-time -D_FORTIFY_SOURCE=2 -D_GNU_SOURCE conftest.c >&5
conftest.c:80:10: fatal error: net/if_var.h: No such file or directory
   80 | #include <net/if_var.h>
      |          ^~~~~~~~~~~~~~
compilation terminated.
configure:8811: $? = 1
configure: failed program was:
| /* confdefs.h */
| #define PACKAGE_NAME "sntp"
| #define PACKAGE_TARNAME "sntp"
| #define PACKAGE_VERSION "4.2.8p15"
| #define PACKAGE_STRING "sntp 4.2.8p15"
| #define PACKAGE_BUGREPORT "http://bugs.ntp.org./"
| #define PACKAGE_URL "http://www.ntp.org./"
| #define PACKAGE "sntp"
| #define VERSION "4.2.8p15"
| #define STR_SYSTEM "x86_64-pc-linux-gnu"
| #define STDC_HEADERS 1
| #define HAVE_SYS_TYPES_H 1
| #define HAVE_SYS_STAT_H 1
| #define HAVE_STDLIB_H 1
| #define HAVE_STRING_H 1
| #define HAVE_MEMORY_H 1
| #define HAVE_STRINGS_H 1
| #define HAVE_INTTYPES_H 1
| #define HAVE_STDINT_H 1
| #define HAVE_UNISTD_H 1
| #define __EXTENSIONS__ 1
| #define _ALL_SOURCE 1
| #define _GNU_SOURCE 1
| #define _POSIX_PTHREAD_SEMANTICS 1
| #define _TANDEM_SOURCE 1
| #define HAVE___ATTRIBUTE__ /**/
| #define HAVE_STDARG_H 1
| #define HAVE_UNSIGNED_LONG_LONG_INT 1
| #define HAVE_VSNPRINTF 1
| #define HAVE_SNPRINTF 1
| #define DIR_SEP '/'
| #define HAVE_READLINE_READLINE_H 1
| #define HAVE_HISTEDIT_H 1
| #define HAVE_READLINE_HISTORY_H 1
| #define EL_INIT_ARGS 4
| #define HAVE_READLINE_HISTORY 1
| #define HAVE_FORK 1
| #define HAVE_VFORK 1
| #define HAVE_WORKING_VFORK 1
| #define HAVE_WORKING_FORK 1
| #define HAVE_ALLOCA_H 1
| #define HAVE_ALLOCA 1
| #define HAVE_DECL_STRERROR_R 1
| #define HAVE_STRERROR_R 1
| #define STRERROR_R_CHAR_P 1
| #define HAVE_CLOCK_GETRES 1
| #define HAVE_CLOCK_GETTIME 1
| #define HAVE_CLOCK_SETTIME 1
| #define HAVE_TIMEGM 1
| #define HAVE_ERRNO_H 1
| #define HAVE_SYS_SOCKET_H 1
| #define HAVE_SYS_TYPES_H 1
| #define HAVE_TIME_H 1
| #define HAVE_NET_IF_H 1
| #define HAVE_LINUX_IF_ADDR_H 1
| #define NEED_EARLY_FORK 1
| #define HAVE_ARPA_NAMESER_H 1
| #define HAVE_SYS_PARAM_H 1
| #define HAVE_SYS_TIME_H 1
| #define HAVE_SYS_SYSCTL_H 1
| #define HAVE_NETINET_IN_SYSTM_H 1
| #define HAVE_NETINET_IN_H 1
| #define HAVE_RESOLV_H 1
| /* end confdefs.h.  */
| 
|     #if HAVE_SYS_TYPES_H
|     # include <sys/types.h>
|     #endif
|     #ifdef HAVE_SYS_SOCKET_H
|     # include <sys/socket.h>
|     #endif
|     #ifdef HAVE_NETINET_IN_H
|     # include <netinet/in.h>
|     #endif
|     #ifdef HAVE_NET_IF_H
|     # include <net/if.h>
|     #endif
| 
| 
| #include <net/if_var.h>
configure:8811: result: no
configure:8839: checking for netinet/ip.h
configure:8839: x86_64-linux-gnu-gcc -c -g -O2 -ffile-prefix-map=/sonic/src/ntp/ntp-4.2.8p15=. -fstack-protector-strong -Wformat -Werror=format-security -fno-strict-aliasing -fcommon -Wdate-time -D_FORTIFY_SOURCE=2 -D_GNU_SOURCE conftest.c >&5
configure:8839: $? = 0
configure:8839: result: yes
configure:8839: checking for netinet/in_var.h
configure:8839: x86_64-linux-gnu-gcc -c -g -O2 -ffile-prefix-map=/sonic/src/ntp/ntp-4.2.8p15=. -fstack-protector-strong -Wformat -Werror=format-security -fno-strict-aliasing -fcommon -Wdate-time -D_FORTIFY_SOURCE=2 -D_GNU_SOURCE conftest.c >&5
conftest.c:87:10: fatal error: netinet/in_var.h: No such file or directory
   87 | #include <netinet/in_var.h>
      |          ^~~~~~~~~~~~~~~~~~
compilation terminated.
configure:8839: $? = 1
configure: failed program was:
| /* confdefs.h */
| #define PACKAGE_NAME "sntp"
| #define PACKAGE_TARNAME "sntp"
| #define PACKAGE_VERSION "4.2.8p15"
| #define PACKAGE_STRING "sntp 4.2.8p15"
| #define PACKAGE_BUGREPORT "http://bugs.ntp.org./"
| #define PACKAGE_URL "http://www.ntp.org./"
| #define PACKAGE "sntp"
| #define VERSION "4.2.8p15"
| #define STR_SYSTEM "x86_64-pc-linux-gnu"
| #define STDC_HEADERS 1
| #define HAVE_SYS_TYPES_H 1
| #define HAVE_SYS_STAT_H 1
| #define HAVE_STDLIB_H 1
| #define HAVE_STRING_H 1
| #define HAVE_MEMORY_H 1
| #define HAVE_STRINGS_H 1
| #define HAVE_INTTYPES_H 1
| #define HAVE_STDINT_H 1
| #define HAVE_UNISTD_H 1
| #define __EXTENSIONS__ 1
| #define _ALL_SOURCE 1
| #define _GNU_SOURCE 1
| #define _POSIX_PTHREAD_SEMANTICS 1
| #define _TANDEM_SOURCE 1
| #define HAVE___ATTRIBUTE__ /**/
| #define HAVE_STDARG_H 1
| #define HAVE_UNSIGNED_LONG_LONG_INT 1
| #define HAVE_VSNPRINTF 1
| #define HAVE_SNPRINTF 1
| #define DIR_SEP '/'
| #define HAVE_READLINE_READLINE_H 1
| #define HAVE_HISTEDIT_H 1
| #define HAVE_READLINE_HISTORY_H 1
| #define EL_INIT_ARGS 4
| #define HAVE_READLINE_HISTORY 1
| #define HAVE_FORK 1
| #define HAVE_VFORK 1
| #define HAVE_WORKING_VFORK 1
| #define HAVE_WORKING_FORK 1
| #define HAVE_ALLOCA_H 1
| #define HAVE_ALLOCA 1
| #define HAVE_DECL_STRERROR_R 1
| #define HAVE_STRERROR_R 1
| #define STRERROR_R_CHAR_P 1
| #define HAVE_CLOCK_GETRES 1
| #define HAVE_CLOCK_GETTIME 1
| #define HAVE_CLOCK_SETTIME 1
| #define HAVE_TIMEGM 1
| #define HAVE_ERRNO_H 1
| #define HAVE_SYS_SOCKET_H 1
| #define HAVE_SYS_TYPES_H 1
| #define HAVE_TIME_H 1
| #define HAVE_NET_IF_H 1
| #define HAVE_LINUX_IF_ADDR_H 1
| #define NEED_EARLY_FORK 1
| #define HAVE_ARPA_NAMESER_H 1
| #define HAVE_SYS_PARAM_H 1
| #define HAVE_SYS_TIME_H 1
| #define HAVE_SYS_SYSCTL_H 1
| #define HAVE_NETINET_IN_SYSTM_H 1
| #define HAVE_NETINET_IN_H 1
| #define HAVE_RESOLV_H 1
| #define HAVE_NETINET_IP_H 1
| /* end confdefs.h.  */
| 
|     #ifdef HAVE_SYS_TYPES_H
|     # include <sys/types.h>
|     #endif
|     #ifdef HAVE_SYS_SOCKET_H
|     # include <sys/socket.h>
|     #endif
|     #ifdef HAVE_NET_IF_H
|     # include <net/if.h>
|     #endif
|     #ifdef HAVE_NETINET_IN_H
|     # include <netinet/in.h>
|     #endif
|     #ifdef HAVE_NET_IF_VAR_H
|     # include <net/if_var.h>
|     #endif
|     #ifdef HAVE_NETINET_IN_SYSTM_H
|     # include <netinet/in_systm.h>
|     #endif
| 
| 
| #include <netinet/in_var.h>
configure:8839: result: no
configure:8871: checking for library containing inet_pton
configure:8902: x86_64-linux-gnu-gcc -o conftest -g -O2 -ffile-prefix-map=/sonic/src/ntp/ntp-4.2.8p15=. -fstack-protector-strong -Wformat -Werror=format-security -fno-strict-aliasing -fcommon -Wdate-time -D_FORTIFY_SOURCE=2 -D_GNU_SOURCE -Wl,-z,relro -Wl,--as-needed conftest.c  >&5
configure:8902: $? = 0
configure:8919: result: none required
configure:8932: checking for library containing inet_ntop
configure:8963: x86_64-linux-gnu-gcc -o conftest -g -O2 -ffile-prefix-map=/sonic/src/ntp/ntp-4.2.8p15=. -fstack-protector-strong -Wformat -Werror=format-security -fno-strict-aliasing -fcommon -Wdate-time -D_FORTIFY_SOURCE=2 -D_GNU_SOURCE -Wl,-z,relro -Wl,--as-needed conftest.c  >&5
configure:8963: $? = 0
configure:8980: result: none required
configure:9001: checking for library containing setsockopt
configure:9032: x86_64-linux-gnu-gcc -o conftest -g -O2 -ffile-prefix-map=/sonic/src/ntp/ntp-4.2.8p15=. -fstack-protector-strong -Wformat -Werror=format-security -fno-strict-aliasing -fcommon -Wdate-time -D_FORTIFY_SOURCE=2 -D_GNU_SOURCE -Wl,-z,relro -Wl,--as-needed conftest.c  >&5
configure:9032: $? = 0
configure:9049: result: none required
configure:9144: checking for recvmsg
configure:9144: x86_64-linux-gnu-gcc -o conftest -g -O2 -ffile-prefix-map=/sonic/src/ntp/ntp-4.2.8p15=. -fstack-protector-strong -Wformat -Werror=format-security -fno-strict-aliasing -fcommon -Wdate-time -D_FORTIFY_SOURCE=2 -D_GNU_SOURCE -Wl,-z,relro -Wl,--as-needed conftest.c  >&5
configure:9144: $? = 0
configure:9144: result: yes
configure:9154: checking for inline
configure:9170: x86_64-linux-gnu-gcc -c -g -O2 -ffile-prefix-map=/sonic/src/ntp/ntp-4.2.8p15=. -fstack-protector-strong -Wformat -Werror=format-security -fno-strict-aliasing -fcommon -Wdate-time -D_FORTIFY_SOURCE=2 -D_GNU_SOURCE conftest.c >&5
configure:9170: $? = 0
configure:9178: result: inline
configure:9207: checking whether time.h and sys/time.h may both be included
configure:9227: x86_64-linux-gnu-gcc -c -g -O2 -ffile-prefix-map=/sonic/src/ntp/ntp-4.2.8p15=. -fstack-protector-strong -Wformat -Werror=format-security -fno-strict-aliasing -fcommon -Wdate-time -D_FORTIFY_SOURCE=2 -D_GNU_SOURCE conftest.c >&5
configure:9227: $? = 0
configure:9234: result: yes
configure:9246: checking size of time_t
configure:9251: x86_64-linux-gnu-gcc -o conftest -g -O2 -ffile-prefix-map=/sonic/src/ntp/ntp-4.2.8p15=. -fstack-protector-strong -Wformat -Werror=format-security -fno-strict-aliasing -fcommon -Wdate-time -D_FORTIFY_SOURCE=2 -D_GNU_SOURCE -Wl,-z,relro -Wl,--as-needed conftest.c  >&5
configure:9251: $? = 0
configure:9251: ./conftest
configure:9251: $? = 0
configure:9265: result: 8
configure:9275: checking whether char is unsigned
configure:9294: x86_64-linux-gnu-gcc -c -g -O2 -ffile-prefix-map=/sonic/src/ntp/ntp-4.2.8p15=. -fstack-protector-strong -Wformat -Werror=format-security -fno-strict-aliasing -fcommon -Wdate-time -D_FORTIFY_SOURCE=2 -D_GNU_SOURCE conftest.c >&5
configure:9294: $? = 0
configure:9301: result: no
configure:9311: checking size of signed char
configure:9316: x86_64-linux-gnu-gcc -o conftest -g -O2 -ffile-prefix-map=/sonic/src/ntp/ntp-4.2.8p15=. -fstack-protector-strong -Wformat -Werror=format-security -fno-strict-aliasing -fcommon -Wdate-time -D_FORTIFY_SOURCE=2 -D_GNU_SOURCE -Wl,-z,relro -Wl,--as-needed conftest.c  >&5
configure:9316: $? = 0
configure:9316: ./conftest
configure:9316: $? = 0
configure:9330: result: 1
configure:9340: checking for s_char
configure:9340: x86_64-linux-gnu-gcc -c -g -O2 -ffile-prefix-map=/sonic/src/ntp/ntp-4.2.8p15=. -fstack-protector-strong -Wformat -Werror=format-security -fno-strict-aliasing -fcommon -Wdate-time -D_FORTIFY_SOURCE=2 -D_GNU_SOURCE conftest.c >&5
conftest.c: In function 'main':
conftest.c:107:13: error: 's_char' undeclared (first use in this function); did you mean 'u_char'?
  107 | if (sizeof (s_char))
      |             ^~~~~~
      |             u_char
conftest.c:107:13: note: each undeclared identifier is reported only once for each function it appears in
configure:9340: $? = 1
configure: failed program was:
| /* confdefs.h */
| #define PACKAGE_NAME "sntp"
| #define PACKAGE_TARNAME "sntp"
| #define PACKAGE_VERSION "4.2.8p15"
| #define PACKAGE_STRING "sntp 4.2.8p15"
| #define PACKAGE_BUGREPORT "http://bugs.ntp.org./"
| #define PACKAGE_URL "http://www.ntp.org./"
| #define PACKAGE "sntp"
| #define VERSION "4.2.8p15"
| #define STR_SYSTEM "x86_64-pc-linux-gnu"
| #define STDC_HEADERS 1
| #define HAVE_SYS_TYPES_H 1
| #define HAVE_SYS_STAT_H 1
| #define HAVE_STDLIB_H 1
| #define HAVE_STRING_H 1
| #define HAVE_MEMORY_H 1
| #define HAVE_STRINGS_H 1
| #define HAVE_INTTYPES_H 1
| #define HAVE_STDINT_H 1
| #define HAVE_UNISTD_H 1
| #define __EXTENSIONS__ 1
| #define _ALL_SOURCE 1
| #define _GNU_SOURCE 1
| #define _POSIX_PTHREAD_SEMANTICS 1
| #define _TANDEM_SOURCE 1
| #define HAVE___ATTRIBUTE__ /**/
| #define HAVE_STDARG_H 1
| #define HAVE_UNSIGNED_LONG_LONG_INT 1
| #define HAVE_VSNPRINTF 1
| #define HAVE_SNPRINTF 1
| #define DIR_SEP '/'
| #define HAVE_READLINE_READLINE_H 1
| #define HAVE_HISTEDIT_H 1
| #define HAVE_READLINE_HISTORY_H 1
| #define EL_INIT_ARGS 4
| #define HAVE_READLINE_HISTORY 1
| #define HAVE_FORK 1
| #define HAVE_VFORK 1
| #define HAVE_WORKING_VFORK 1
| #define HAVE_WORKING_FORK 1
| #define HAVE_ALLOCA_H 1
| #define HAVE_ALLOCA 1
| #define HAVE_DECL_STRERROR_R 1
| #define HAVE_STRERROR_R 1
| #define STRERROR_R_CHAR_P 1
| #define HAVE_CLOCK_GETRES 1
| #define HAVE_CLOCK_GETTIME 1
| #define HAVE_CLOCK_SETTIME 1
| #define HAVE_TIMEGM 1
| #define HAVE_ERRNO_H 1
| #define HAVE_SYS_SOCKET_H 1
| #define HAVE_SYS_TYPES_H 1
| #define HAVE_TIME_H 1
| #define HAVE_NET_IF_H 1
| #define HAVE_LINUX_IF_ADDR_H 1
| #define NEED_EARLY_FORK 1
| #define HAVE_ARPA_NAMESER_H 1
| #define HAVE_SYS_PARAM_H 1
| #define HAVE_SYS_TIME_H 1
| #define HAVE_SYS_SYSCTL_H 1
| #define HAVE_NETINET_IN_SYSTM_H 1
| #define HAVE_NETINET_IN_H 1
| #define HAVE_RESOLV_H 1
| #define HAVE_NETINET_IP_H 1
| #define HAVE_RECVMSG 1
| #define HAVE_INLINE 1
| #define TIME_WITH_SYS_TIME 1
| #define SIZEOF_TIME_T 8
| #define SIZEOF_SIGNED_CHAR 1
| /* end confdefs.h.  */
| #include <stdio.h>
| #ifdef HAVE_SYS_TYPES_H
| # include <sys/types.h>
| #endif
| #ifdef HAVE_SYS_STAT_H
| # include <sys/stat.h>
| #endif
| #ifdef STDC_HEADERS
| # include <stdlib.h>
| # include <stddef.h>
| #else
| # ifdef HAVE_STDLIB_H
| #  include <stdlib.h>
| # endif
| #endif
| #ifdef HAVE_STRING_H
| # if !defined STDC_HEADERS && defined HAVE_MEMORY_H
| #  include <memory.h>
| # endif
| # include <string.h>
| #endif
| #ifdef HAVE_STRINGS_H
| # include <strings.h>
| #endif
| #ifdef HAVE_INTTYPES_H
| # include <inttypes.h>
| #endif
| #ifdef HAVE_STDINT_H
| # include <stdint.h>
| #endif
| #ifdef HAVE_UNISTD_H
| # include <unistd.h>
| #endif
| int
| main ()
| {
| if (sizeof (s_char))
| 	 return 0;
|   ;
|   return 0;
| }
configure:9340: result: no
configure:9349: checking for long long
configure:9349: x86_64-linux-gnu-gcc -c -g -O2 -ffile-prefix-map=/sonic/src/ntp/ntp-4.2.8p15=. -fstack-protector-strong -Wformat -Werror=format-security -fno-strict-aliasing -fcommon -Wdate-time -D_FORTIFY_SOURCE=2 -D_GNU_SOURCE conftest.c >&5
configure:9349: $? = 0
configure:9349: x86_64-linux-gnu-gcc -c -g -O2 -ffile-prefix-map=/sonic/src/ntp/ntp-4.2.8p15=. -fstack-protector-strong -Wformat -Werror=format-security -fno-strict-aliasing -fcommon -Wdate-time -D_FORTIFY_SOURCE=2 -D_GNU_SOURCE conftest.c >&5
conftest.c: In function 'main':
conftest.c:107:24: error: expected expression before ')' token
  107 | if (sizeof ((long long)))
      |                        ^
configure:9349: $? = 1
configure: failed program was:
| /* confdefs.h */
| #define PACKAGE_NAME "sntp"
| #define PACKAGE_TARNAME "sntp"
| #define PACKAGE_VERSION "4.2.8p15"
| #define PACKAGE_STRING "sntp 4.2.8p15"
| #define PACKAGE_BUGREPORT "http://bugs.ntp.org./"
| #define PACKAGE_URL "http://www.ntp.org./"
| #define PACKAGE "sntp"
| #define VERSION "4.2.8p15"
| #define STR_SYSTEM "x86_64-pc-linux-gnu"
| #define STDC_HEADERS 1
| #define HAVE_SYS_TYPES_H 1
| #define HAVE_SYS_STAT_H 1
| #define HAVE_STDLIB_H 1
| #define HAVE_STRING_H 1
| #define HAVE_MEMORY_H 1
| #define HAVE_STRINGS_H 1
| #define HAVE_INTTYPES_H 1
| #define HAVE_STDINT_H 1
| #define HAVE_UNISTD_H 1
| #define __EXTENSIONS__ 1
| #define _ALL_SOURCE 1
| #define _GNU_SOURCE 1
| #define _POSIX_PTHREAD_SEMANTICS 1
| #define _TANDEM_SOURCE 1
| #define HAVE___ATTRIBUTE__ /**/
| #define HAVE_STDARG_H 1
| #define HAVE_UNSIGNED_LONG_LONG_INT 1
| #define HAVE_VSNPRINTF 1
| #define HAVE_SNPRINTF 1
| #define DIR_SEP '/'
| #define HAVE_READLINE_READLINE_H 1
| #define HAVE_HISTEDIT_H 1
| #define HAVE_READLINE_HISTORY_H 1
| #define EL_INIT_ARGS 4
| #define HAVE_READLINE_HISTORY 1
| #define HAVE_FORK 1
| #define HAVE_VFORK 1
| #define HAVE_WORKING_VFORK 1
| #define HAVE_WORKING_FORK 1
| #define HAVE_ALLOCA_H 1
| #define HAVE_ALLOCA 1
| #define HAVE_DECL_STRERROR_R 1
| #define HAVE_STRERROR_R 1
| #define STRERROR_R_CHAR_P 1
| #define HAVE_CLOCK_GETRES 1
| #define HAVE_CLOCK_GETTIME 1
| #define HAVE_CLOCK_SETTIME 1
| #define HAVE_TIMEGM 1
| #define HAVE_ERRNO_H 1
| #define HAVE_SYS_SOCKET_H 1
| #define HAVE_SYS_TYPES_H 1
| #define HAVE_TIME_H 1
| #define HAVE_NET_IF_H 1
| #define HAVE_LINUX_IF_ADDR_H 1
| #define NEED_EARLY_FORK 1
| #define HAVE_ARPA_NAMESER_H 1
| #define HAVE_SYS_PARAM_H 1
| #define HAVE_SYS_TIME_H 1
| #define HAVE_SYS_SYSCTL_H 1
| #define HAVE_NETINET_IN_SYSTM_H 1
| #define HAVE_NETINET_IN_H 1
| #define HAVE_RESOLV_H 1
| #define HAVE_NETINET_IP_H 1
| #define HAVE_RECVMSG 1
| #define HAVE_INLINE 1
| #define TIME_WITH_SYS_TIME 1
| #define SIZEOF_TIME_T 8
| #define SIZEOF_SIGNED_CHAR 1
| /* end confdefs.h.  */
| #include <stdio.h>
| #ifdef HAVE_SYS_TYPES_H
| # include <sys/types.h>
| #endif
| #ifdef HAVE_SYS_STAT_H
| # include <sys/stat.h>
| #endif
| #ifdef STDC_HEADERS
| # include <stdlib.h>
| # include <stddef.h>
| #else
| # ifdef HAVE_STDLIB_H
| #  include <stdlib.h>
| # endif
| #endif
| #ifdef HAVE_STRING_H
| # if !defined STDC_HEADERS && defined HAVE_MEMORY_H
| #  include <memory.h>
| # endif
| # include <string.h>
| #endif
| #ifdef HAVE_STRINGS_H
| # include <strings.h>
| #endif
| #ifdef HAVE_INTTYPES_H
| # include <inttypes.h>
| #endif
| #ifdef HAVE_STDINT_H
| # include <stdint.h>
| #endif
| #ifdef HAVE_UNISTD_H
| # include <unistd.h>
| #endif
| int
| main ()
| {
| if (sizeof ((long long)))
| 	    return 0;
|   ;
|   return 0;
| }
configure:9349: result: yes
configure:9363: checking size of short
configure:9368: x86_64-linux-gnu-gcc -o conftest -g -O2 -ffile-prefix-map=/sonic/src/ntp/ntp-4.2.8p15=. -fstack-protector-strong -Wformat -Werror=format-security -fno-strict-aliasing -fcommon -Wdate-time -D_FORTIFY_SOURCE=2 -D_GNU_SOURCE -Wl,-z,relro -Wl,--as-needed conftest.c  >&5
configure:9368: $? = 0
configure:9368: ./conftest
configure:9368: $? = 0
configure:9382: result: 2
configure:9396: checking size of int
configure:9401: x86_64-linux-gnu-gcc -o conftest -g -O2 -ffile-prefix-map=/sonic/src/ntp/ntp-4.2.8p15=. -fstack-protector-strong -Wformat -Werror=format-security -fno-strict-aliasing -fcommon -Wdate-time -D_FORTIFY_SOURCE=2 -D_GNU_SOURCE -Wl,-z,relro -Wl,--as-needed conftest.c  >&5
configure:9401: $? = 0
configure:9401: ./conftest
configure:9401: $? = 0
configure:9415: result: 4
configure:9429: checking size of long
configure:9434: x86_64-linux-gnu-gcc -o conftest -g -O2 -ffile-prefix-map=/sonic/src/ntp/ntp-4.2.8p15=. -fstack-protector-strong -Wformat -Werror=format-security -fno-strict-aliasing -fcommon -Wdate-time -D_FORTIFY_SOURCE=2 -D_GNU_SOURCE -Wl,-z,relro -Wl,--as-needed conftest.c  >&5
configure:9434: $? = 0
configure:9434: ./conftest
configure:9434: $? = 0
configure:9448: result: 8
configure:9467: checking size of long long
configure:9472: x86_64-linux-gnu-gcc -o conftest -g -O2 -ffile-prefix-map=/sonic/src/ntp/ntp-4.2.8p15=. -fstack-protector-strong -Wformat -Werror=format-security -fno-strict-aliasing -fcommon -Wdate-time -D_FORTIFY_SOURCE=2 -D_GNU_SOURCE -Wl,-z,relro -Wl,--as-needed conftest.c  >&5
configure:9472: $? = 0
configure:9472: ./conftest
configure:9472: $? = 0
configure:9486: result: 8
configure:9527: checking for uid_t in sys/types.h
configure:9546: result: yes
configure:9562: checking if we're including debugging code
configure:9578: result: yes
configure:9586: checking semaphore.h usability
configure:9586: x86_64-linux-gnu-gcc -c -g -O2 -ffile-prefix-map=/sonic/src/ntp/ntp-4.2.8p15=. -fstack-protector-strong -Wformat -Werror=format-security -fno-strict-aliasing -fcommon -Wdate-time -D_FORTIFY_SOURCE=2 -D_GNU_SOURCE conftest.c >&5
configure:9586: $? = 0
configure:9586: result: yes
configure:9586: checking semaphore.h presence
configure:9586: x86_64-linux-gnu-gcc -E -Wdate-time -D_FORTIFY_SOURCE=2 -D_GNU_SOURCE conftest.c
configure:9586: $? = 0
configure:9586: result: yes
configure:9586: checking for semaphore.h
configure:9586: result: yes
configure:9598: checking for socketpair
configure:9598: x86_64-linux-gnu-gcc -o conftest -g -O2 -ffile-prefix-map=/sonic/src/ntp/ntp-4.2.8p15=. -fstack-protector-strong -Wformat -Werror=format-security -fno-strict-aliasing -fcommon -Wdate-time -D_FORTIFY_SOURCE=2 -D_GNU_SOURCE -Wl,-z,relro -Wl,--as-needed conftest.c  >&5
configure:9598: $? = 0
configure:9598: result: yes
configure:9757: checking for _beginthread
configure:9757: x86_64-linux-gnu-gcc -o conftest -g -O2 -ffile-prefix-map=/sonic/src/ntp/ntp-4.2.8p15=. -fstack-protector-strong -Wformat -Werror=format-security -fno-strict-aliasing -fcommon -Wdate-time -D_FORTIFY_SOURCE=2 -D_GNU_SOURCE -Wl,-z,relro -Wl,--as-needed conftest.c  >&5
/usr/bin/ld: /tmp/ccLtiFfg.o: in function `main':
./sntp/conftest.c:114: undefined reference to `_beginthread'
collect2: error: ld returned 1 exit status
configure:9757: $? = 1
configure: failed program was:
| /* confdefs.h */
| #define PACKAGE_NAME "sntp"
| #define PACKAGE_TARNAME "sntp"
| #define PACKAGE_VERSION "4.2.8p15"
| #define PACKAGE_STRING "sntp 4.2.8p15"
| #define PACKAGE_BUGREPORT "http://bugs.ntp.org./"
| #define PACKAGE_URL "http://www.ntp.org./"
| #define PACKAGE "sntp"
| #define VERSION "4.2.8p15"
| #define STR_SYSTEM "x86_64-pc-linux-gnu"
| #define STDC_HEADERS 1
| #define HAVE_SYS_TYPES_H 1
| #define HAVE_SYS_STAT_H 1
| #define HAVE_STDLIB_H 1
| #define HAVE_STRING_H 1
| #define HAVE_MEMORY_H 1
| #define HAVE_STRINGS_H 1
| #define HAVE_INTTYPES_H 1
| #define HAVE_STDINT_H 1
| #define HAVE_UNISTD_H 1
| #define __EXTENSIONS__ 1
| #define _ALL_SOURCE 1
| #define _GNU_SOURCE 1
| #define _POSIX_PTHREAD_SEMANTICS 1
| #define _TANDEM_SOURCE 1
| #define HAVE___ATTRIBUTE__ /**/
| #define HAVE_STDARG_H 1
| #define HAVE_UNSIGNED_LONG_LONG_INT 1
| #define HAVE_VSNPRINTF 1
| #define HAVE_SNPRINTF 1
| #define DIR_SEP '/'
| #define HAVE_READLINE_READLINE_H 1
| #define HAVE_HISTEDIT_H 1
| #define HAVE_READLINE_HISTORY_H 1
| #define EL_INIT_ARGS 4
| #define HAVE_READLINE_HISTORY 1
| #define HAVE_FORK 1
| #define HAVE_VFORK 1
| #define HAVE_WORKING_VFORK 1
| #define HAVE_WORKING_FORK 1
| #define HAVE_ALLOCA_H 1
| #define HAVE_ALLOCA 1
| #define HAVE_DECL_STRERROR_R 1
| #define HAVE_STRERROR_R 1
| #define STRERROR_R_CHAR_P 1
| #define HAVE_CLOCK_GETRES 1
| #define HAVE_CLOCK_GETTIME 1
| #define HAVE_CLOCK_SETTIME 1
| #define HAVE_TIMEGM 1
| #define HAVE_ERRNO_H 1
| #define HAVE_SYS_SOCKET_H 1
| #define HAVE_SYS_TYPES_H 1
| #define HAVE_TIME_H 1
| #define HAVE_NET_IF_H 1
| #define HAVE_LINUX_IF_ADDR_H 1
| #define NEED_EARLY_FORK 1
| #define HAVE_ARPA_NAMESER_H 1
| #define HAVE_SYS_PARAM_H 1
| #define HAVE_SYS_TIME_H 1
| #define HAVE_SYS_SYSCTL_H 1
| #define HAVE_NETINET_IN_SYSTM_H 1
| #define HAVE_NETINET_IN_H 1
| #define HAVE_RESOLV_H 1
| #define HAVE_NETINET_IP_H 1
| #define HAVE_RECVMSG 1
| #define HAVE_INLINE 1
| #define TIME_WITH_SYS_TIME 1
| #define SIZEOF_TIME_T 8
| #define SIZEOF_SIGNED_CHAR 1
| #define HAVE_LONG_LONG 1
| #define SIZEOF_SHORT 2
| #define SIZEOF_INT 4
| #define SIZEOF_LONG 8
| #define SIZEOF_LONG_LONG 8
| #define NEED_S_CHAR_TYPEDEF 1
| #define DEBUG 1
| #define HAVE_SEMAPHORE_H 1
| #define HAVE_SOCKETPAIR 1
| /* end confdefs.h.  */
| /* Define _beginthread to an innocuous variant, in case <limits.h> declares _beginthread.
|    For example, HP-UX 11i <limits.h> declares gettimeofday.  */
| #define _beginthread innocuous__beginthread
| 
| /* System header to define __stub macros and hopefully few prototypes,
|     which can conflict with char _beginthread (); below.
|     Prefer <limits.h> to <assert.h> if __STDC__ is defined, since
|     <limits.h> exists even on freestanding compilers.  */
| 
| #ifdef __STDC__
| # include <limits.h>
| #else
| # include <assert.h>
| #endif
| 
| #undef _beginthread
| 
| /* Override any GCC internal prototype to avoid an error.
|    Use char because int might match the return type of a GCC
|    builtin and then its argument prototype would still apply.  */
| #ifdef __cplusplus
| extern "C"
| #endif
| char _beginthread ();
| /* The GNU C library defines this for functions which it implements
|     to always fail with ENOSYS.  Some functions are actually named
|     something starting with __ and the normal name is an alias.  */
| #if defined __stub__beginthread || defined __stub____beginthread
| choke me
| #endif
| 
| int
| main ()
| {
| return _beginthread ();
|   ;
|   return 0;
| }
configure:9757: result: no
configure:9794: checking pthread.h usability
configure:9794: x86_64-linux-gnu-gcc -c -g -O2 -ffile-prefix-map=/sonic/src/ntp/ntp-4.2.8p15=. -fstack-protector-strong -Wformat -Werror=format-security -fno-strict-aliasing -fcommon -Wdate-time -D_FORTIFY_SOURCE=2 -D_GNU_SOURCE conftest.c >&5
configure:9794: $? = 0
configure:9794: result: yes
configure:9794: checking pthread.h presence
configure:9794: x86_64-linux-gnu-gcc -E -Wdate-time -D_FORTIFY_SOURCE=2 -D_GNU_SOURCE conftest.c
configure:9794: $? = 0
configure:9794: result: yes
configure:9794: checking for pthread.h
configure:9794: result: yes
configure:9806: checking POSIX thread version
configure:9827: x86_64-linux-gnu-gcc -c -g -O2 -ffile-prefix-map=/sonic/src/ntp/ntp-4.2.8p15=. -fstack-protector-strong -Wformat -Werror=format-security -fno-strict-aliasing -fcommon -Wdate-time -D_FORTIFY_SOURCE=2 -D_GNU_SOURCE conftest.c >&5
configure:9827: $? = 0
configure:9895: result: 10
configure:9913: checking for LinuxThreads pthread.h
configure:9932: result: no
configure:9941: checking for GNU Pth pthread.h
configure:9964: result: no
configure:9971: checking sched.h usability
configure:9971: x86_64-linux-gnu-gcc -c -g -O2 -ffile-prefix-map=/sonic/src/ntp/ntp-4.2.8p15=. -fstack-protector-strong -Wformat -Werror=format-security -fno-strict-aliasing -fcommon -Wdate-time -D_FORTIFY_SOURCE=2 -D_GNU_SOURCE conftest.c >&5
configure:9971: $? = 0
configure:9971: result: yes
configure:9971: checking sched.h presence
configure:9971: x86_64-linux-gnu-gcc -E -Wdate-time -D_FORTIFY_SOURCE=2 -D_GNU_SOURCE conftest.c
configure:9971: $? = 0
configure:9971: result: yes
configure:9971: checking for sched.h
configure:9971: result: yes
configure:9984: checking for pthread_create in default libraries
configure:10145: x86_64-linux-gnu-gcc -o conftest -g -O2 -ffile-prefix-map=/sonic/src/ntp/ntp-4.2.8p15=. -fstack-protector-strong -Wformat -Werror=format-security -fno-strict-aliasing -fcommon -Wdate-time -D_FORTIFY_SOURCE=2 -D_GNU_SOURCE -Wl,-z,relro -Wl,--as-needed conftest.c  >&5
conftest.c: In function 'task':
conftest.c:97:9: warning: cast to pointer from integer of different size [-Wint-to-pointer-cast]
   97 |  return (void *) (p == NULL);
      |         ^
/usr/bin/ld: /tmp/ccC3DrFv.o: in function `main':
./sntp/conftest.c:128: undefined reference to `pthread_create'
collect2: error: ld returned 1 exit status
configure:10145: $? = 1
configure: program exited with status 1
configure: failed program was:
| /* confdefs.h */
| #define PACKAGE_NAME "sntp"
| #define PACKAGE_TARNAME "sntp"
| #define PACKAGE_VERSION "4.2.8p15"
| #define PACKAGE_STRING "sntp 4.2.8p15"
| #define PACKAGE_BUGREPORT "http://bugs.ntp.org./"
| #define PACKAGE_URL "http://www.ntp.org./"
| #define PACKAGE "sntp"
| #define VERSION "4.2.8p15"
| #define STR_SYSTEM "x86_64-pc-linux-gnu"
| #define STDC_HEADERS 1
| #define HAVE_SYS_TYPES_H 1
| #define HAVE_SYS_STAT_H 1
| #define HAVE_STDLIB_H 1
| #define HAVE_STRING_H 1
| #define HAVE_MEMORY_H 1
| #define HAVE_STRINGS_H 1
| #define HAVE_INTTYPES_H 1
| #define HAVE_STDINT_H 1
| #define HAVE_UNISTD_H 1
| #define __EXTENSIONS__ 1
| #define _ALL_SOURCE 1
| #define _GNU_SOURCE 1
| #define _POSIX_PTHREAD_SEMANTICS 1
| #define _TANDEM_SOURCE 1
| #define HAVE___ATTRIBUTE__ /**/
| #define HAVE_STDARG_H 1
| #define HAVE_UNSIGNED_LONG_LONG_INT 1
| #define HAVE_VSNPRINTF 1
| #define HAVE_SNPRINTF 1
| #define DIR_SEP '/'
| #define HAVE_READLINE_READLINE_H 1
| #define HAVE_HISTEDIT_H 1
| #define HAVE_READLINE_HISTORY_H 1
| #define EL_INIT_ARGS 4
| #define HAVE_READLINE_HISTORY 1
| #define HAVE_FORK 1
| #define HAVE_VFORK 1
| #define HAVE_WORKING_VFORK 1
| #define HAVE_WORKING_FORK 1
| #define HAVE_ALLOCA_H 1
| #define HAVE_ALLOCA 1
| #define HAVE_DECL_STRERROR_R 1
| #define HAVE_STRERROR_R 1
| #define STRERROR_R_CHAR_P 1
| #define HAVE_CLOCK_GETRES 1
| #define HAVE_CLOCK_GETTIME 1
| #define HAVE_CLOCK_SETTIME 1
| #define HAVE_TIMEGM 1
| #define HAVE_ERRNO_H 1
| #define HAVE_SYS_SOCKET_H 1
| #define HAVE_SYS_TYPES_H 1
| #define HAVE_TIME_H 1
| #define HAVE_NET_IF_H 1
| #define HAVE_LINUX_IF_ADDR_H 1
| #define NEED_EARLY_FORK 1
| #define HAVE_ARPA_NAMESER_H 1
| #define HAVE_SYS_PARAM_H 1
| #define HAVE_SYS_TIME_H 1
| #define HAVE_SYS_SYSCTL_H 1
| #define HAVE_NETINET_IN_SYSTM_H 1
| #define HAVE_NETINET_IN_H 1
| #define HAVE_RESOLV_H 1
| #define HAVE_NETINET_IP_H 1
| #define HAVE_RECVMSG 1
| #define HAVE_INLINE 1
| #define TIME_WITH_SYS_TIME 1
| #define SIZEOF_TIME_T 8
| #define SIZEOF_SIGNED_CHAR 1
| #define HAVE_LONG_LONG 1
| #define SIZEOF_SHORT 2
| #define SIZEOF_INT 4
| #define SIZEOF_LONG 8
| #define SIZEOF_LONG_LONG 8
| #define NEED_S_CHAR_TYPEDEF 1
| #define DEBUG 1
| #define HAVE_SEMAPHORE_H 1
| #define HAVE_SOCKETPAIR 1
| #define HAVE_PTHREAD_H 1
| #define HAVE_PTHREADS 10
| #define HAVE_SCHED_H 1
| /* end confdefs.h.  */
| 
| 
| /* pthread test headers */
| #include <pthread.h>
| #if HAVE_PTHREADS < 7
| #include <errno.h>
| #endif
| #ifndef NULL
| #define NULL (void*)0
| #endif
| 
| static void *task(p)
| 	void *p;
| {
| 	return (void *) (p == NULL);
| }
| 
| 
| int main(argc, argv)
| 	int argc;
| 	char **argv;
| {
| 
| 	/* pthread test function */
| #ifndef PTHREAD_CREATE_DETACHED
| #define	PTHREAD_CREATE_DETACHED	1
| #endif
| 	pthread_t t;
| 	int status;
| 	int detach = PTHREAD_CREATE_DETACHED;
| 
| #if HAVE_PTHREADS > 4
| 	/* Final pthreads */
| 	pthread_attr_t attr;
| 
| 	status = pthread_attr_init(&attr);
| 	if( status ) return status;
| 
| #if HAVE_PTHREADS < 7
| 	status = pthread_attr_setdetachstate(&attr, &detach);
| 	if( status < 0 ) status = errno;
| #else
| 	status = pthread_attr_setdetachstate(&attr, detach);
| #endif
| 	if( status ) return status;
| 	status = pthread_create( &t, &attr, task, NULL );
| #if HAVE_PTHREADS < 7
| 	if( status < 0 ) status = errno;
| #endif
| 	if( status ) return status;
| #else
| 	/* Draft 4 pthreads */
| 	status = pthread_create( &t, pthread_attr_default, task, NULL );
| 	if( status ) return errno;
| 
| 	/* give thread a chance to complete */
| 	/* it should remain joinable and hence detachable */
| 	sleep( 1 );
| 
| 	status = pthread_detach( &t );
| 	if( status ) return errno;
| #endif
| 
| #ifdef HAVE_LINUX_THREADS
| 	pthread_kill_other_threads_np();
| #endif
| 
| 	return 0;
| 
| }
| 
configure:10155: result: no
configure:10166: checking for pthread link with -kthread
configure:10331: x86_64-linux-gnu-gcc -o conftest -g -O2 -ffile-prefix-map=/sonic/src/ntp/ntp-4.2.8p15=. -fstack-protector-strong -Wformat -Werror=format-security -fno-strict-aliasing -fcommon -Wdate-time -D_FORTIFY_SOURCE=2 -D_GNU_SOURCE -Wl,-z,relro -Wl,--as-needed conftest.c -kthread  >&5
x86_64-linux-gnu-gcc: error: unrecognized command-line option '-kthread'; did you mean '-pthread'?
configure:10331: $? = 1
configure: program exited with status 1
configure: failed program was:
| /* confdefs.h */
| #define PACKAGE_NAME "sntp"
| #define PACKAGE_TARNAME "sntp"
| #define PACKAGE_VERSION "4.2.8p15"
| #define PACKAGE_STRING "sntp 4.2.8p15"
| #define PACKAGE_BUGREPORT "http://bugs.ntp.org./"
| #define PACKAGE_URL "http://www.ntp.org./"
| #define PACKAGE "sntp"
| #define VERSION "4.2.8p15"
| #define STR_SYSTEM "x86_64-pc-linux-gnu"
| #define STDC_HEADERS 1
| #define HAVE_SYS_TYPES_H 1
| #define HAVE_SYS_STAT_H 1
| #define HAVE_STDLIB_H 1
| #define HAVE_STRING_H 1
| #define HAVE_MEMORY_H 1
| #define HAVE_STRINGS_H 1
| #define HAVE_INTTYPES_H 1
| #define HAVE_STDINT_H 1
| #define HAVE_UNISTD_H 1
| #define __EXTENSIONS__ 1
| #define _ALL_SOURCE 1
| #define _GNU_SOURCE 1
| #define _POSIX_PTHREAD_SEMANTICS 1
| #define _TANDEM_SOURCE 1
| #define HAVE___ATTRIBUTE__ /**/
| #define HAVE_STDARG_H 1
| #define HAVE_UNSIGNED_LONG_LONG_INT 1
| #define HAVE_VSNPRINTF 1
| #define HAVE_SNPRINTF 1
| #define DIR_SEP '/'
| #define HAVE_READLINE_READLINE_H 1
| #define HAVE_HISTEDIT_H 1
| #define HAVE_READLINE_HISTORY_H 1
| #define EL_INIT_ARGS 4
| #define HAVE_READLINE_HISTORY 1
| #define HAVE_FORK 1
| #define HAVE_VFORK 1
| #define HAVE_WORKING_VFORK 1
| #define HAVE_WORKING_FORK 1
| #define HAVE_ALLOCA_H 1
| #define HAVE_ALLOCA 1
| #define HAVE_DECL_STRERROR_R 1
| #define HAVE_STRERROR_R 1
| #define STRERROR_R_CHAR_P 1
| #define HAVE_CLOCK_GETRES 1
| #define HAVE_CLOCK_GETTIME 1
| #define HAVE_CLOCK_SETTIME 1
| #define HAVE_TIMEGM 1
| #define HAVE_ERRNO_H 1
| #define HAVE_SYS_SOCKET_H 1
| #define HAVE_SYS_TYPES_H 1
| #define HAVE_TIME_H 1
| #define HAVE_NET_IF_H 1
| #define HAVE_LINUX_IF_ADDR_H 1
| #define NEED_EARLY_FORK 1
| #define HAVE_ARPA_NAMESER_H 1
| #define HAVE_SYS_PARAM_H 1
| #define HAVE_SYS_TIME_H 1
| #define HAVE_SYS_SYSCTL_H 1
| #define HAVE_NETINET_IN_SYSTM_H 1
| #define HAVE_NETINET_IN_H 1
| #define HAVE_RESOLV_H 1
| #define HAVE_NETINET_IP_H 1
| #define HAVE_RECVMSG 1
| #define HAVE_INLINE 1
| #define TIME_WITH_SYS_TIME 1
| #define SIZEOF_TIME_T 8
| #define SIZEOF_SIGNED_CHAR 1
| #define HAVE_LONG_LONG 1
| #define SIZEOF_SHORT 2
| #define SIZEOF_INT 4
| #define SIZEOF_LONG 8
| #define SIZEOF_LONG_LONG 8
| #define NEED_S_CHAR_TYPEDEF 1
| #define DEBUG 1
| #define HAVE_SEMAPHORE_H 1
| #define HAVE_SOCKETPAIR 1
| #define HAVE_PTHREAD_H 1
| #define HAVE_PTHREADS 10
| #define HAVE_SCHED_H 1
| /* end confdefs.h.  */
| 
| 
| /* pthread test headers */
| #include <pthread.h>
| #if HAVE_PTHREADS < 7
| #include <errno.h>
| #endif
| #ifndef NULL
| #define NULL (void*)0
| #endif
| 
| static void *task(p)
| 	void *p;
| {
| 	return (void *) (p == NULL);
| }
| 
| 
| int main(argc, argv)
| 	int argc;
| 	char **argv;
| {
| 
| 	/* pthread test function */
| #ifndef PTHREAD_CREATE_DETACHED
| #define	PTHREAD_CREATE_DETACHED	1
| #endif
| 	pthread_t t;
| 	int status;
| 	int detach = PTHREAD_CREATE_DETACHED;
| 
| #if HAVE_PTHREADS > 4
| 	/* Final pthreads */
| 	pthread_attr_t attr;
| 
| 	status = pthread_attr_init(&attr);
| 	if( status ) return status;
| 
| #if HAVE_PTHREADS < 7
| 	status = pthread_attr_setdetachstate(&attr, &detach);
| 	if( status < 0 ) status = errno;
| #else
| 	status = pthread_attr_setdetachstate(&attr, detach);
| #endif
| 	if( status ) return status;
| 	status = pthread_create( &t, &attr, task, NULL );
| #if HAVE_PTHREADS < 7
| 	if( status < 0 ) status = errno;
| #endif
| 	if( status ) return status;
| #else
| 	/* Draft 4 pthreads */
| 	status = pthread_create( &t, pthread_attr_default, task, NULL );
| 	if( status ) return errno;
| 
| 	/* give thread a chance to complete */
| 	/* it should remain joinable and hence detachable */
| 	sleep( 1 );
| 
| 	status = pthread_detach( &t );
| 	if( status ) return errno;
| #endif
| 
| #ifdef HAVE_LINUX_THREADS
| 	pthread_kill_other_threads_np();
| #endif
| 
| 	return 0;
| 
| }
| 
configure:10345: result: no
configure:10357: checking for pthread link with -pthread
configure:10522: x86_64-linux-gnu-gcc -o conftest -g -O2 -ffile-prefix-map=/sonic/src/ntp/ntp-4.2.8p15=. -fstack-protector-strong -Wformat -Werror=format-security -fno-strict-aliasing -fcommon -Wdate-time -D_FORTIFY_SOURCE=2 -D_GNU_SOURCE -Wl,-z,relro -Wl,--as-needed conftest.c -pthread  >&5
conftest.c: In function 'task':
conftest.c:97:9: warning: cast to pointer from integer of different size [-Wint-to-pointer-cast]
   97 |  return (void *) (p == NULL);
      |         ^
configure:10522: $? = 0
configure:10522: ./conftest
configure:10522: $? = 0
configure:10536: result: yes
configure:13035: ol_link_threads: <posix> ol_link_pthreads <-pthread>
configure:13048: checking for sched_yield
configure:13048: x86_64-linux-gnu-gcc -o conftest -g -O2 -ffile-prefix-map=/sonic/src/ntp/ntp-4.2.8p15=. -fstack-protector-strong -Wformat -Werror=format-security -fno-strict-aliasing -fcommon -Wdate-time -D_FORTIFY_SOURCE=2 -D_GNU_SOURCE -Wl,-z,relro -Wl,--as-needed conftest.c  -pthread  >&5
configure:13048: $? = 0
configure:13048: result: yes
configure:13048: checking for pthread_yield
configure:13048: x86_64-linux-gnu-gcc -o conftest -g -O2 -ffile-prefix-map=/sonic/src/ntp/ntp-4.2.8p15=. -fstack-protector-strong -Wformat -Werror=format-security -fno-strict-aliasing -fcommon -Wdate-time -D_FORTIFY_SOURCE=2 -D_GNU_SOURCE -Wl,-z,relro -Wl,--as-needed conftest.c  -pthread  >&5
configure:13048: $? = 0
configure:13048: result: yes
configure:13048: checking for thr_yield
configure:13048: x86_64-linux-gnu-gcc -o conftest -g -O2 -ffile-prefix-map=/sonic/src/ntp/ntp-4.2.8p15=. -fstack-protector-strong -Wformat -Werror=format-security -fno-strict-aliasing -fcommon -Wdate-time -D_FORTIFY_SOURCE=2 -D_GNU_SOURCE -Wl,-z,relro -Wl,--as-needed conftest.c  -pthread  >&5
/usr/bin/ld: /tmp/ccBe3iNa.o: in function `main':
./sntp/conftest.c:119: undefined reference to `thr_yield'
collect2: error: ld returned 1 exit status
configure:13048: $? = 1
configure: failed program was:
| /* confdefs.h */
| #define PACKAGE_NAME "sntp"
| #define PACKAGE_TARNAME "sntp"
| #define PACKAGE_VERSION "4.2.8p15"
| #define PACKAGE_STRING "sntp 4.2.8p15"
| #define PACKAGE_BUGREPORT "http://bugs.ntp.org./"
| #define PACKAGE_URL "http://www.ntp.org./"
| #define PACKAGE "sntp"
| #define VERSION "4.2.8p15"
| #define STR_SYSTEM "x86_64-pc-linux-gnu"
| #define STDC_HEADERS 1
| #define HAVE_SYS_TYPES_H 1
| #define HAVE_SYS_STAT_H 1
| #define HAVE_STDLIB_H 1
| #define HAVE_STRING_H 1
| #define HAVE_MEMORY_H 1
| #define HAVE_STRINGS_H 1
| #define HAVE_INTTYPES_H 1
| #define HAVE_STDINT_H 1
| #define HAVE_UNISTD_H 1
| #define __EXTENSIONS__ 1
| #define _ALL_SOURCE 1
| #define _GNU_SOURCE 1
| #define _POSIX_PTHREAD_SEMANTICS 1
| #define _TANDEM_SOURCE 1
| #define HAVE___ATTRIBUTE__ /**/
| #define HAVE_STDARG_H 1
| #define HAVE_UNSIGNED_LONG_LONG_INT 1
| #define HAVE_VSNPRINTF 1
| #define HAVE_SNPRINTF 1
| #define DIR_SEP '/'
| #define HAVE_READLINE_READLINE_H 1
| #define HAVE_HISTEDIT_H 1
| #define HAVE_READLINE_HISTORY_H 1
| #define EL_INIT_ARGS 4
| #define HAVE_READLINE_HISTORY 1
| #define HAVE_FORK 1
| #define HAVE_VFORK 1
| #define HAVE_WORKING_VFORK 1
| #define HAVE_WORKING_FORK 1
| #define HAVE_ALLOCA_H 1
| #define HAVE_ALLOCA 1
| #define HAVE_DECL_STRERROR_R 1
| #define HAVE_STRERROR_R 1
| #define STRERROR_R_CHAR_P 1
| #define HAVE_CLOCK_GETRES 1
| #define HAVE_CLOCK_GETTIME 1
| #define HAVE_CLOCK_SETTIME 1
| #define HAVE_TIMEGM 1
| #define HAVE_ERRNO_H 1
| #define HAVE_SYS_SOCKET_H 1
| #define HAVE_SYS_TYPES_H 1
| #define HAVE_TIME_H 1
| #define HAVE_NET_IF_H 1
| #define HAVE_LINUX_IF_ADDR_H 1
| #define NEED_EARLY_FORK 1
| #define HAVE_ARPA_NAMESER_H 1
| #define HAVE_SYS_PARAM_H 1
| #define HAVE_SYS_TIME_H 1
| #define HAVE_SYS_SYSCTL_H 1
| #define HAVE_NETINET_IN_SYSTM_H 1
| #define HAVE_NETINET_IN_H 1
| #define HAVE_RESOLV_H 1
| #define HAVE_NETINET_IP_H 1
| #define HAVE_RECVMSG 1
| #define HAVE_INLINE 1
| #define TIME_WITH_SYS_TIME 1
| #define SIZEOF_TIME_T 8
| #define SIZEOF_SIGNED_CHAR 1
| #define HAVE_LONG_LONG 1
| #define SIZEOF_SHORT 2
| #define SIZEOF_INT 4
| #define SIZEOF_LONG 8
| #define SIZEOF_LONG_LONG 8
| #define NEED_S_CHAR_TYPEDEF 1
| #define DEBUG 1
| #define HAVE_SEMAPHORE_H 1
| #define HAVE_SOCKETPAIR 1
| #define HAVE_PTHREAD_H 1
| #define HAVE_PTHREADS 10
| #define HAVE_SCHED_H 1
| #define HAVE_SCHED_YIELD 1
| #define HAVE_PTHREAD_YIELD 1
| /* end confdefs.h.  */
| /* Define thr_yield to an innocuous variant, in case <limits.h> declares thr_yield.
|    For example, HP-UX 11i <limits.h> declares gettimeofday.  */
| #define thr_yield innocuous_thr_yield
| 
| /* System header to define __stub macros and hopefully few prototypes,
|     which can conflict with char thr_yield (); below.
|     Prefer <limits.h> to <assert.h> if __STDC__ is defined, since
|     <limits.h> exists even on freestanding compilers.  */
| 
| #ifdef __STDC__
| # include <limits.h>
| #else
| # include <assert.h>
| #endif
| 
| #undef thr_yield
| 
| /* Override any GCC internal prototype to avoid an error.
|    Use char because int might match the return type of a GCC
|    builtin and then its argument prototype would still apply.  */
| #ifdef __cplusplus
| extern "C"
| #endif
| char thr_yield ();
| /* The GNU C library defines this for functions which it implements
|     to always fail with ENOSYS.  Some functions are actually named
|     something starting with __ and the normal name is an alias.  */
| #if defined __stub_thr_yield || defined __stub___thr_yield
| choke me
| #endif
| 
| int
| main ()
| {
| return thr_yield ();
|   ;
|   return 0;
| }
configure:13048: result: no
configure:13117: checking for pthread_kill
configure:13117: x86_64-linux-gnu-gcc -o conftest -g -O2 -ffile-prefix-map=/sonic/src/ntp/ntp-4.2.8p15=. -fstack-protector-strong -Wformat -Werror=format-security -fno-strict-aliasing -fcommon -Wdate-time -D_FORTIFY_SOURCE=2 -D_GNU_SOURCE -Wl,-z,relro -Wl,--as-needed conftest.c  -pthread  >&5
configure:13117: $? = 0
configure:13117: result: yes
configure:13127: checking for pthread_rwlock_destroy with <pthread.h>
configure:13147: x86_64-linux-gnu-gcc -o conftest -g -O2 -ffile-prefix-map=/sonic/src/ntp/ntp-4.2.8p15=. -fstack-protector-strong -Wformat -Werror=format-security -fno-strict-aliasing -fcommon -Wdate-time -D_FORTIFY_SOURCE=2 -D_GNU_SOURCE -Wl,-z,relro -Wl,--as-needed conftest.c  -pthread  >&5
configure:13147: $? = 0
configure:13156: result: yes
configure:13164: checking for pthread_detach with <pthread.h>
configure:13186: x86_64-linux-gnu-gcc -o conftest -g -O2 -ffile-prefix-map=/sonic/src/ntp/ntp-4.2.8p15=. -fstack-protector-strong -Wformat -Werror=format-security -fno-strict-aliasing -fcommon -Wdate-time -D_FORTIFY_SOURCE=2 -D_GNU_SOURCE -Wl,-z,relro -Wl,--as-needed conftest.c  -pthread  >&5
conftest.c: In function 'main':
conftest.c:96:16: warning: passing argument 1 of 'pthread_detach' makes integer from pointer without a cast [-Wint-conversion]
   96 | pthread_detach(NULL);
      |                ^~~~
      |                |
      |                void *
In file included from conftest.c:88:
/usr/include/pthread.h:247:38: note: expected 'pthread_t' {aka 'long unsigned int'} but argument is of type 'void *'
  247 | extern int pthread_detach (pthread_t __th) __THROW;
      |                            ~~~~~~~~~~^~~~
configure:13186: $? = 0
configure:13195: result: yes
configure:13214: checking for pthread_setconcurrency
configure:13214: x86_64-linux-gnu-gcc -o conftest -g -O2 -ffile-prefix-map=/sonic/src/ntp/ntp-4.2.8p15=. -fstack-protector-strong -Wformat -Werror=format-security -fno-strict-aliasing -fcommon -Wdate-time -D_FORTIFY_SOURCE=2 -D_GNU_SOURCE -Wl,-z,relro -Wl,--as-needed conftest.c  -pthread  >&5
configure:13214: $? = 0
configure:13214: result: yes
configure:13214: checking for pthread_getconcurrency
configure:13214: x86_64-linux-gnu-gcc -o conftest -g -O2 -ffile-prefix-map=/sonic/src/ntp/ntp-4.2.8p15=. -fstack-protector-strong -Wformat -Werror=format-security -fno-strict-aliasing -fcommon -Wdate-time -D_FORTIFY_SOURCE=2 -D_GNU_SOURCE -Wl,-z,relro -Wl,--as-needed conftest.c  -pthread  >&5
configure:13214: $? = 0
configure:13214: result: yes
configure:13214: checking for thr_setconcurrency
configure:13214: x86_64-linux-gnu-gcc -o conftest -g -O2 -ffile-prefix-map=/sonic/src/ntp/ntp-4.2.8p15=. -fstack-protector-strong -Wformat -Werror=format-security -fno-strict-aliasing -fcommon -Wdate-time -D_FORTIFY_SOURCE=2 -D_GNU_SOURCE -Wl,-z,relro -Wl,--as-needed conftest.c  -pthread  >&5
/usr/bin/ld: /tmp/ccX0GsP9.o: in function `main':
./sntp/conftest.c:124: undefined reference to `thr_setconcurrency'
collect2: error: ld returned 1 exit status
configure:13214: $? = 1
configure: failed program was:
| /* confdefs.h */
| #define PACKAGE_NAME "sntp"
| #define PACKAGE_TARNAME "sntp"
| #define PACKAGE_VERSION "4.2.8p15"
| #define PACKAGE_STRING "sntp 4.2.8p15"
| #define PACKAGE_BUGREPORT "http://bugs.ntp.org./"
| #define PACKAGE_URL "http://www.ntp.org./"
| #define PACKAGE "sntp"
| #define VERSION "4.2.8p15"
| #define STR_SYSTEM "x86_64-pc-linux-gnu"
| #define STDC_HEADERS 1
| #define HAVE_SYS_TYPES_H 1
| #define HAVE_SYS_STAT_H 1
| #define HAVE_STDLIB_H 1
| #define HAVE_STRING_H 1
| #define HAVE_MEMORY_H 1
| #define HAVE_STRINGS_H 1
| #define HAVE_INTTYPES_H 1
| #define HAVE_STDINT_H 1
| #define HAVE_UNISTD_H 1
| #define __EXTENSIONS__ 1
| #define _ALL_SOURCE 1
| #define _GNU_SOURCE 1
| #define _POSIX_PTHREAD_SEMANTICS 1
| #define _TANDEM_SOURCE 1
| #define HAVE___ATTRIBUTE__ /**/
| #define HAVE_STDARG_H 1
| #define HAVE_UNSIGNED_LONG_LONG_INT 1
| #define HAVE_VSNPRINTF 1
| #define HAVE_SNPRINTF 1
| #define DIR_SEP '/'
| #define HAVE_READLINE_READLINE_H 1
| #define HAVE_HISTEDIT_H 1
| #define HAVE_READLINE_HISTORY_H 1
| #define EL_INIT_ARGS 4
| #define HAVE_READLINE_HISTORY 1
| #define HAVE_FORK 1
| #define HAVE_VFORK 1
| #define HAVE_WORKING_VFORK 1
| #define HAVE_WORKING_FORK 1
| #define HAVE_ALLOCA_H 1
| #define HAVE_ALLOCA 1
| #define HAVE_DECL_STRERROR_R 1
| #define HAVE_STRERROR_R 1
| #define STRERROR_R_CHAR_P 1
| #define HAVE_CLOCK_GETRES 1
| #define HAVE_CLOCK_GETTIME 1
| #define HAVE_CLOCK_SETTIME 1
| #define HAVE_TIMEGM 1
| #define HAVE_ERRNO_H 1
| #define HAVE_SYS_SOCKET_H 1
| #define HAVE_SYS_TYPES_H 1
| #define HAVE_TIME_H 1
| #define HAVE_NET_IF_H 1
| #define HAVE_LINUX_IF_ADDR_H 1
| #define NEED_EARLY_FORK 1
| #define HAVE_ARPA_NAMESER_H 1
| #define HAVE_SYS_PARAM_H 1
| #define HAVE_SYS_TIME_H 1
| #define HAVE_SYS_SYSCTL_H 1
| #define HAVE_NETINET_IN_SYSTM_H 1
| #define HAVE_NETINET_IN_H 1
| #define HAVE_RESOLV_H 1
| #define HAVE_NETINET_IP_H 1
| #define HAVE_RECVMSG 1
| #define HAVE_INLINE 1
| #define TIME_WITH_SYS_TIME 1
| #define SIZEOF_TIME_T 8
| #define SIZEOF_SIGNED_CHAR 1
| #define HAVE_LONG_LONG 1
| #define SIZEOF_SHORT 2
| #define SIZEOF_INT 4
| #define SIZEOF_LONG 8
| #define SIZEOF_LONG_LONG 8
| #define NEED_S_CHAR_TYPEDEF 1
| #define DEBUG 1
| #define HAVE_SEMAPHORE_H 1
| #define HAVE_SOCKETPAIR 1
| #define HAVE_PTHREAD_H 1
| #define HAVE_PTHREADS 10
| #define HAVE_SCHED_H 1
| #define HAVE_SCHED_YIELD 1
| #define HAVE_PTHREAD_YIELD 1
| #define HAVE_PTHREAD_KILL 1
| #define HAVE_PTHREAD_RWLOCK_DESTROY 1
| #define HAVE_PTHREAD_DETACH 1
| #define HAVE_PTHREAD_SETCONCURRENCY 1
| #define HAVE_PTHREAD_GETCONCURRENCY 1
| /* end confdefs.h.  */
| /* Define thr_setconcurrency to an innocuous variant, in case <limits.h> declares thr_setconcurrency.
|    For example, HP-UX 11i <limits.h> declares gettimeofday.  */
| #define thr_setconcurrency innocuous_thr_setconcurrency
| 
| /* System header to define __stub macros and hopefully few prototypes,
|     which can conflict with char thr_setconcurrency (); below.
|     Prefer <limits.h> to <assert.h> if __STDC__ is defined, since
|     <limits.h> exists even on freestanding compilers.  */
| 
| #ifdef __STDC__
| # include <limits.h>
| #else
| # include <assert.h>
| #endif
| 
| #undef thr_setconcurrency
| 
| /* Override any GCC internal prototype to avoid an error.
|    Use char because int might match the return type of a GCC
|    builtin and then its argument prototype would still apply.  */
| #ifdef __cplusplus
| extern "C"
| #endif
| char thr_setconcurrency ();
| /* The GNU C library defines this for functions which it implements
|     to always fail with ENOSYS.  Some functions are actually named
|     something starting with __ and the normal name is an alias.  */
| #if defined __stub_thr_setconcurrency || defined __stub___thr_setconcurrency
| choke me
| #endif
| 
| int
| main ()
| {
| return thr_setconcurrency ();
|   ;
|   return 0;
| }
configure:13214: result: no
configure:13214: checking for thr_getconcurrency
configure:13214: x86_64-linux-gnu-gcc -o conftest -g -O2 -ffile-prefix-map=/sonic/src/ntp/ntp-4.2.8p15=. -fstack-protector-strong -Wformat -Werror=format-security -fno-strict-aliasing -fcommon -Wdate-time -D_FORTIFY_SOURCE=2 -D_GNU_SOURCE -Wl,-z,relro -Wl,--as-needed conftest.c  -pthread  >&5
/usr/bin/ld: /tmp/ccWAvvqs.o: in function `main':
./sntp/conftest.c:124: undefined reference to `thr_getconcurrency'
collect2: error: ld returned 1 exit status
configure:13214: $? = 1
configure: failed program was:
| /* confdefs.h */
| #define PACKAGE_NAME "sntp"
| #define PACKAGE_TARNAME "sntp"
| #define PACKAGE_VERSION "4.2.8p15"
| #define PACKAGE_STRING "sntp 4.2.8p15"
| #define PACKAGE_BUGREPORT "http://bugs.ntp.org./"
| #define PACKAGE_URL "http://www.ntp.org./"
| #define PACKAGE "sntp"
| #define VERSION "4.2.8p15"
| #define STR_SYSTEM "x86_64-pc-linux-gnu"
| #define STDC_HEADERS 1
| #define HAVE_SYS_TYPES_H 1
| #define HAVE_SYS_STAT_H 1
| #define HAVE_STDLIB_H 1
| #define HAVE_STRING_H 1
| #define HAVE_MEMORY_H 1
| #define HAVE_STRINGS_H 1
| #define HAVE_INTTYPES_H 1
| #define HAVE_STDINT_H 1
| #define HAVE_UNISTD_H 1
| #define __EXTENSIONS__ 1
| #define _ALL_SOURCE 1
| #define _GNU_SOURCE 1
| #define _POSIX_PTHREAD_SEMANTICS 1
| #define _TANDEM_SOURCE 1
| #define HAVE___ATTRIBUTE__ /**/
| #define HAVE_STDARG_H 1
| #define HAVE_UNSIGNED_LONG_LONG_INT 1
| #define HAVE_VSNPRINTF 1
| #define HAVE_SNPRINTF 1
| #define DIR_SEP '/'
| #define HAVE_READLINE_READLINE_H 1
| #define HAVE_HISTEDIT_H 1
| #define HAVE_READLINE_HISTORY_H 1
| #define EL_INIT_ARGS 4
| #define HAVE_READLINE_HISTORY 1
| #define HAVE_FORK 1
| #define HAVE_VFORK 1
| #define HAVE_WORKING_VFORK 1
| #define HAVE_WORKING_FORK 1
| #define HAVE_ALLOCA_H 1
| #define HAVE_ALLOCA 1
| #define HAVE_DECL_STRERROR_R 1
| #define HAVE_STRERROR_R 1
| #define STRERROR_R_CHAR_P 1
| #define HAVE_CLOCK_GETRES 1
| #define HAVE_CLOCK_GETTIME 1
| #define HAVE_CLOCK_SETTIME 1
| #define HAVE_TIMEGM 1
| #define HAVE_ERRNO_H 1
| #define HAVE_SYS_SOCKET_H 1
| #define HAVE_SYS_TYPES_H 1
| #define HAVE_TIME_H 1
| #define HAVE_NET_IF_H 1
| #define HAVE_LINUX_IF_ADDR_H 1
| #define NEED_EARLY_FORK 1
| #define HAVE_ARPA_NAMESER_H 1
| #define HAVE_SYS_PARAM_H 1
| #define HAVE_SYS_TIME_H 1
| #define HAVE_SYS_SYSCTL_H 1
| #define HAVE_NETINET_IN_SYSTM_H 1
| #define HAVE_NETINET_IN_H 1
| #define HAVE_RESOLV_H 1
| #define HAVE_NETINET_IP_H 1
| #define HAVE_RECVMSG 1
| #define HAVE_INLINE 1
| #define TIME_WITH_SYS_TIME 1
| #define SIZEOF_TIME_T 8
| #define SIZEOF_SIGNED_CHAR 1
| #define HAVE_LONG_LONG 1
| #define SIZEOF_SHORT 2
| #define SIZEOF_INT 4
| #define SIZEOF_LONG 8
| #define SIZEOF_LONG_LONG 8
| #define NEED_S_CHAR_TYPEDEF 1
| #define DEBUG 1
| #define HAVE_SEMAPHORE_H 1
| #define HAVE_SOCKETPAIR 1
| #define HAVE_PTHREAD_H 1
| #define HAVE_PTHREADS 10
| #define HAVE_SCHED_H 1
| #define HAVE_SCHED_YIELD 1
| #define HAVE_PTHREAD_YIELD 1
| #define HAVE_PTHREAD_KILL 1
| #define HAVE_PTHREAD_RWLOCK_DESTROY 1
| #define HAVE_PTHREAD_DETACH 1
| #define HAVE_PTHREAD_SETCONCURRENCY 1
| #define HAVE_PTHREAD_GETCONCURRENCY 1
| /* end confdefs.h.  */
| /* Define thr_getconcurrency to an innocuous variant, in case <limits.h> declares thr_getconcurrency.
|    For example, HP-UX 11i <limits.h> declares gettimeofday.  */
| #define thr_getconcurrency innocuous_thr_getconcurrency
| 
| /* System header to define __stub macros and hopefully few prototypes,
|     which can conflict with char thr_getconcurrency (); below.
|     Prefer <limits.h> to <assert.h> if __STDC__ is defined, since
|     <limits.h> exists even on freestanding compilers.  */
| 
| #ifdef __STDC__
| # include <limits.h>
| #else
| # include <assert.h>
| #endif
| 
| #undef thr_getconcurrency
| 
| /* Override any GCC internal prototype to avoid an error.
|    Use char because int might match the return type of a GCC
|    builtin and then its argument prototype would still apply.  */
| #ifdef __cplusplus
| extern "C"
| #endif
| char thr_getconcurrency ();
| /* The GNU C library defines this for functions which it implements
|     to always fail with ENOSYS.  Some functions are actually named
|     something starting with __ and the normal name is an alias.  */
| #if defined __stub_thr_getconcurrency || defined __stub___thr_getconcurrency
| choke me
| #endif
| 
| int
| main ()
| {
| return thr_getconcurrency ();
|   ;
|   return 0;
| }
configure:13214: result: no
configure:13227: checking for pthread_kill_other_threads_np
configure:13227: x86_64-linux-gnu-gcc -o conftest -g -O2 -ffile-prefix-map=/sonic/src/ntp/ntp-4.2.8p15=. -fstack-protector-strong -Wformat -Werror=format-security -fno-strict-aliasing -fcommon -Wdate-time -D_FORTIFY_SOURCE=2 -D_GNU_SOURCE -Wl,-z,relro -Wl,--as-needed conftest.c  -pthread  >&5
/usr/bin/ld: /tmp/ccpF6VjG.o: in function `main':
./sntp/conftest.c:124: undefined reference to `pthread_kill_other_threads_np'
collect2: error: ld returned 1 exit status
configure:13227: $? = 1
configure: failed program was:
| /* confdefs.h */
| #define PACKAGE_NAME "sntp"
| #define PACKAGE_TARNAME "sntp"
| #define PACKAGE_VERSION "4.2.8p15"
| #define PACKAGE_STRING "sntp 4.2.8p15"
| #define PACKAGE_BUGREPORT "http://bugs.ntp.org./"
| #define PACKAGE_URL "http://www.ntp.org./"
| #define PACKAGE "sntp"
| #define VERSION "4.2.8p15"
| #define STR_SYSTEM "x86_64-pc-linux-gnu"
| #define STDC_HEADERS 1
| #define HAVE_SYS_TYPES_H 1
| #define HAVE_SYS_STAT_H 1
| #define HAVE_STDLIB_H 1
| #define HAVE_STRING_H 1
| #define HAVE_MEMORY_H 1
| #define HAVE_STRINGS_H 1
| #define HAVE_INTTYPES_H 1
| #define HAVE_STDINT_H 1
| #define HAVE_UNISTD_H 1
| #define __EXTENSIONS__ 1
| #define _ALL_SOURCE 1
| #define _GNU_SOURCE 1
| #define _POSIX_PTHREAD_SEMANTICS 1
| #define _TANDEM_SOURCE 1
| #define HAVE___ATTRIBUTE__ /**/
| #define HAVE_STDARG_H 1
| #define HAVE_UNSIGNED_LONG_LONG_INT 1
| #define HAVE_VSNPRINTF 1
| #define HAVE_SNPRINTF 1
| #define DIR_SEP '/'
| #define HAVE_READLINE_READLINE_H 1
| #define HAVE_HISTEDIT_H 1
| #define HAVE_READLINE_HISTORY_H 1
| #define EL_INIT_ARGS 4
| #define HAVE_READLINE_HISTORY 1
| #define HAVE_FORK 1
| #define HAVE_VFORK 1
| #define HAVE_WORKING_VFORK 1
| #define HAVE_WORKING_FORK 1
| #define HAVE_ALLOCA_H 1
| #define HAVE_ALLOCA 1
| #define HAVE_DECL_STRERROR_R 1
| #define HAVE_STRERROR_R 1
| #define STRERROR_R_CHAR_P 1
| #define HAVE_CLOCK_GETRES 1
| #define HAVE_CLOCK_GETTIME 1
| #define HAVE_CLOCK_SETTIME 1
| #define HAVE_TIMEGM 1
| #define HAVE_ERRNO_H 1
| #define HAVE_SYS_SOCKET_H 1
| #define HAVE_SYS_TYPES_H 1
| #define HAVE_TIME_H 1
| #define HAVE_NET_IF_H 1
| #define HAVE_LINUX_IF_ADDR_H 1
| #define NEED_EARLY_FORK 1
| #define HAVE_ARPA_NAMESER_H 1
| #define HAVE_SYS_PARAM_H 1
| #define HAVE_SYS_TIME_H 1
| #define HAVE_SYS_SYSCTL_H 1
| #define HAVE_NETINET_IN_SYSTM_H 1
| #define HAVE_NETINET_IN_H 1
| #define HAVE_RESOLV_H 1
| #define HAVE_NETINET_IP_H 1
| #define HAVE_RECVMSG 1
| #define HAVE_INLINE 1
| #define TIME_WITH_SYS_TIME 1
| #define SIZEOF_TIME_T 8
| #define SIZEOF_SIGNED_CHAR 1
| #define HAVE_LONG_LONG 1
| #define SIZEOF_SHORT 2
| #define SIZEOF_INT 4
| #define SIZEOF_LONG 8
| #define SIZEOF_LONG_LONG 8
| #define NEED_S_CHAR_TYPEDEF 1
| #define DEBUG 1
| #define HAVE_SEMAPHORE_H 1
| #define HAVE_SOCKETPAIR 1
| #define HAVE_PTHREAD_H 1
| #define HAVE_PTHREADS 10
| #define HAVE_SCHED_H 1
| #define HAVE_SCHED_YIELD 1
| #define HAVE_PTHREAD_YIELD 1
| #define HAVE_PTHREAD_KILL 1
| #define HAVE_PTHREAD_RWLOCK_DESTROY 1
| #define HAVE_PTHREAD_DETACH 1
| #define HAVE_PTHREAD_SETCONCURRENCY 1
| #define HAVE_PTHREAD_GETCONCURRENCY 1
| /* end confdefs.h.  */
| /* Define pthread_kill_other_threads_np to an innocuous variant, in case <limits.h> declares pthread_kill_other_threads_np.
|    For example, HP-UX 11i <limits.h> declares gettimeofday.  */
| #define pthread_kill_other_threads_np innocuous_pthread_kill_other_threads_np
| 
| /* System header to define __stub macros and hopefully few prototypes,
|     which can conflict with char pthread_kill_other_threads_np (); below.
|     Prefer <limits.h> to <assert.h> if __STDC__ is defined, since
|     <limits.h> exists even on freestanding compilers.  */
| 
| #ifdef __STDC__
| # include <limits.h>
| #else
| # include <assert.h>
| #endif
| 
| #undef pthread_kill_other_threads_np
| 
| /* Override any GCC internal prototype to avoid an error.
|    Use char because int might match the return type of a GCC
|    builtin and then its argument prototype would still apply.  */
| #ifdef __cplusplus
| extern "C"
| #endif
| char pthread_kill_other_threads_np ();
| /* The GNU C library defines this for functions which it implements
|     to always fail with ENOSYS.  Some functions are actually named
|     something starting with __ and the normal name is an alias.  */
| #if defined __stub_pthread_kill_other_threads_np || defined __stub___pthread_kill_other_threads_np
| choke me
| #endif
| 
| int
| main ()
| {
| return pthread_kill_other_threads_np ();
|   ;
|   return 0;
| }
configure:13227: result: no
configure:13236: checking for LinuxThreads implementation
configure:13243: result: no
configure:13249: checking for LinuxThreads consistency
configure:13266: result: no
configure:13274: checking if pthread_create() works
configure:13357: x86_64-linux-gnu-gcc -o conftest -g -O2 -ffile-prefix-map=/sonic/src/ntp/ntp-4.2.8p15=. -fstack-protector-strong -Wformat -Werror=format-security -fno-strict-aliasing -fcommon -Wdate-time -D_FORTIFY_SOURCE=2 -D_GNU_SOURCE -Wl,-z,relro -Wl,--as-needed conftest.c  -pthread  >&5
conftest.c: In function 'task':
conftest.c:104:9: warning: cast to pointer from integer of different size [-Wint-to-pointer-cast]
  104 |  return (void *) (p == NULL);
      |         ^
configure:13357: $? = 0
configure:13357: ./conftest
configure:13357: $? = 0
configure:13367: result: yes
configure:13383: checking if select yields when using pthreads
configure:13469: x86_64-linux-gnu-gcc -o conftest -g -O2 -ffile-prefix-map=/sonic/src/ntp/ntp-4.2.8p15=. -fstack-protector-strong -Wformat -Werror=format-security -fno-strict-aliasing -fcommon -Wdate-time -D_FORTIFY_SOURCE=2 -D_GNU_SOURCE -Wl,-z,relro -Wl,--as-needed conftest.c  -pthread  >&5
conftest.c: In function 'task':
conftest.c:119:3: warning: implicit declaration of function 'perror' [-Wimplicit-function-declaration]
  119 |   perror("select");
      |   ^~~~~~
conftest.c:120:3: warning: implicit declaration of function 'exit' [-Wimplicit-function-declaration]
  120 |   exit(10);
      |   ^~~~
conftest.c:120:3: warning: incompatible implicit declaration of built-in function 'exit'
conftest.c:95:1: note: include '<stdlib.h>' or provide a declaration of 'exit'
   94 | #include <pthread.h>
  +++ |+#include <stdlib.h>
   95 | #ifndef NULL
conftest.c:123:2: warning: incompatible implicit declaration of built-in function 'exit'
  123 |  exit(0); /* if we exit here, the select blocked the whole process */
      |  ^~~~
conftest.c:123:2: note: include '<stdlib.h>' or provide a declaration of 'exit'
conftest.c: In function 'main':
conftest.c:135:3: warning: incompatible implicit declaration of built-in function 'exit'
  135 |   exit(1);
      |   ^~~~
conftest.c:135:3: note: include '<stdlib.h>' or provide a declaration of 'exit'
conftest.c:162:2: warning: incompatible implicit declaration of built-in function 'exit'
  162 |  exit(2);
      |  ^~~~
conftest.c:162:2: note: include '<stdlib.h>' or provide a declaration of 'exit'
configure:13469: $? = 0
configure:13469: ./conftest
configure:13469: $? = 2
configure: program exited with status 2
configure: failed program was:
| /* confdefs.h */
| #define PACKAGE_NAME "sntp"
| #define PACKAGE_TARNAME "sntp"
| #define PACKAGE_VERSION "4.2.8p15"
| #define PACKAGE_STRING "sntp 4.2.8p15"
| #define PACKAGE_BUGREPORT "http://bugs.ntp.org./"
| #define PACKAGE_URL "http://www.ntp.org./"
| #define PACKAGE "sntp"
| #define VERSION "4.2.8p15"
| #define STR_SYSTEM "x86_64-pc-linux-gnu"
| #define STDC_HEADERS 1
| #define HAVE_SYS_TYPES_H 1
| #define HAVE_SYS_STAT_H 1
| #define HAVE_STDLIB_H 1
| #define HAVE_STRING_H 1
| #define HAVE_MEMORY_H 1
| #define HAVE_STRINGS_H 1
| #define HAVE_INTTYPES_H 1
| #define HAVE_STDINT_H 1
| #define HAVE_UNISTD_H 1
| #define __EXTENSIONS__ 1
| #define _ALL_SOURCE 1
| #define _GNU_SOURCE 1
| #define _POSIX_PTHREAD_SEMANTICS 1
| #define _TANDEM_SOURCE 1
| #define HAVE___ATTRIBUTE__ /**/
| #define HAVE_STDARG_H 1
| #define HAVE_UNSIGNED_LONG_LONG_INT 1
| #define HAVE_VSNPRINTF 1
| #define HAVE_SNPRINTF 1
| #define DIR_SEP '/'
| #define HAVE_READLINE_READLINE_H 1
| #define HAVE_HISTEDIT_H 1
| #define HAVE_READLINE_HISTORY_H 1
| #define EL_INIT_ARGS 4
| #define HAVE_READLINE_HISTORY 1
| #define HAVE_FORK 1
| #define HAVE_VFORK 1
| #define HAVE_WORKING_VFORK 1
| #define HAVE_WORKING_FORK 1
| #define HAVE_ALLOCA_H 1
| #define HAVE_ALLOCA 1
| #define HAVE_DECL_STRERROR_R 1
| #define HAVE_STRERROR_R 1
| #define STRERROR_R_CHAR_P 1
| #define HAVE_CLOCK_GETRES 1
| #define HAVE_CLOCK_GETTIME 1
| #define HAVE_CLOCK_SETTIME 1
| #define HAVE_TIMEGM 1
| #define HAVE_ERRNO_H 1
| #define HAVE_SYS_SOCKET_H 1
| #define HAVE_SYS_TYPES_H 1
| #define HAVE_TIME_H 1
| #define HAVE_NET_IF_H 1
| #define HAVE_LINUX_IF_ADDR_H 1
| #define NEED_EARLY_FORK 1
| #define HAVE_ARPA_NAMESER_H 1
| #define HAVE_SYS_PARAM_H 1
| #define HAVE_SYS_TIME_H 1
| #define HAVE_SYS_SYSCTL_H 1
| #define HAVE_NETINET_IN_SYSTM_H 1
| #define HAVE_NETINET_IN_H 1
| #define HAVE_RESOLV_H 1
| #define HAVE_NETINET_IP_H 1
| #define HAVE_RECVMSG 1
| #define HAVE_INLINE 1
| #define TIME_WITH_SYS_TIME 1
| #define SIZEOF_TIME_T 8
| #define SIZEOF_SIGNED_CHAR 1
| #define HAVE_LONG_LONG 1
| #define SIZEOF_SHORT 2
| #define SIZEOF_INT 4
| #define SIZEOF_LONG 8
| #define SIZEOF_LONG_LONG 8
| #define NEED_S_CHAR_TYPEDEF 1
| #define DEBUG 1
| #define HAVE_SEMAPHORE_H 1
| #define HAVE_SOCKETPAIR 1
| #define HAVE_PTHREAD_H 1
| #define HAVE_PTHREADS 10
| #define HAVE_SCHED_H 1
| #define HAVE_SCHED_YIELD 1
| #define HAVE_PTHREAD_YIELD 1
| #define HAVE_PTHREAD_KILL 1
| #define HAVE_PTHREAD_RWLOCK_DESTROY 1
| #define HAVE_PTHREAD_DETACH 1
| #define HAVE_PTHREAD_SETCONCURRENCY 1
| #define HAVE_PTHREAD_GETCONCURRENCY 1
| /* end confdefs.h.  */
| 
| #include <sys/types.h>
| #include <sys/time.h>
| #include <unistd.h>
| #include <pthread.h>
| #ifndef NULL
| #define NULL (void*) 0
| #endif
| 
| static int fildes[2];
| 
| static void *task(p)
| 	void *p;
| {
| 	int i;
| 	struct timeval tv;
| 
| 	fd_set rfds;
| 
| 	tv.tv_sec=10;
| 	tv.tv_usec=0;
| 
| 	FD_ZERO(&rfds);
| 	FD_SET(fildes[0], &rfds);
| 
| 	/* we're not interested in any fds */
| 	i = select(FD_SETSIZE, &rfds, NULL, NULL, &tv);
| 
| 	if(i < 0) {
| 		perror("select");
| 		exit(10);
| 	}
| 
| 	exit(0); /* if we exit here, the select blocked the whole process */
| }
| 
| int main(argc, argv)
| 	int argc;
| 	char **argv;
| {
| 	pthread_t t;
| 
| 	/* create a pipe to select */
| 	if(pipe(&fildes[0])) {
| 		perror("select");
| 		exit(1);
| 	}
| 
| #ifdef HAVE_PTHREAD_SETCONCURRENCY
| 	(void) pthread_setconcurrency(2);
| #else
| #ifdef HAVE_THR_SETCONCURRENCY
| 	/* Set Solaris LWP concurrency to 2 */
| 	thr_setconcurrency(2);
| #endif
| #endif
| 
| #if HAVE_PTHREADS < 6
| 	pthread_create(&t, pthread_attr_default, task, NULL);
| #else
| 	pthread_create(&t, NULL, task, NULL);
| #endif
| 
| 	/* make sure task runs first */
| #ifdef HAVE_THR_YIELD
| 	thr_yield();
| #elif defined( HAVE_SCHED_YIELD )
| 	sched_yield();
| #elif defined( HAVE_PTHREAD_YIELD )
| 	pthread_yield();
| #endif
| 
| 	exit(2);
| }
configure:13479: result: yes
configure:13968: checking for thread specific errno
configure:13985: x86_64-linux-gnu-gcc -o conftest -g -O2 -ffile-prefix-map=/sonic/src/ntp/ntp-4.2.8p15=. -fstack-protector-strong -Wformat -Werror=format-security -fno-strict-aliasing -fcommon -Wdate-time -D_FORTIFY_SOURCE=2 -D_GNU_SOURCE -Wl,-z,relro -Wl,--as-needed conftest.c  >&5
configure:13985: $? = 0
configure:13994: result: yes
configure:13997: checking for thread specific h_errno
configure:14014: x86_64-linux-gnu-gcc -o conftest -g -O2 -ffile-prefix-map=/sonic/src/ntp/ntp-4.2.8p15=. -fstack-protector-strong -Wformat -Werror=format-security -fno-strict-aliasing -fcommon -Wdate-time -D_FORTIFY_SOURCE=2 -D_GNU_SOURCE -Wl,-z,relro -Wl,--as-needed conftest.c  >&5
configure:14014: $? = 0
configure:14023: result: yes
configure:14090: checking for sem_timedwait
configure:14090: x86_64-linux-gnu-gcc -o conftest  -g -O2 -ffile-prefix-map=/sonic/src/ntp/ntp-4.2.8p15=. -fstack-protector-strong -Wformat -Werror=format-security -fno-strict-aliasing -fcommon -Wdate-time -D_FORTIFY_SOURCE=2 -D_GNU_SOURCE -Wl,-z,relro -Wl,--as-needed conftest.c  -pthread  >&5
configure:14090: $? = 0
configure:14090: result: yes
configure:14122: checking size of pthread_t
configure:14127: x86_64-linux-gnu-gcc -o conftest  -g -O2 -ffile-prefix-map=/sonic/src/ntp/ntp-4.2.8p15=. -fstack-protector-strong -Wformat -Werror=format-security -fno-strict-aliasing -fcommon -Wdate-time -D_FORTIFY_SOURCE=2 -D_GNU_SOURCE -Wl,-z,relro -Wl,--as-needed conftest.c  -pthread  >&5
configure:14127: $? = 0
configure:14127: ./conftest
configure:14127: $? = 0
configure:14146: result: 8
configure:14163: checking for sigwait
configure:14163: x86_64-linux-gnu-gcc -o conftest  -g -O2 -ffile-prefix-map=/sonic/src/ntp/ntp-4.2.8p15=. -fstack-protector-strong -Wformat -Werror=format-security -fno-strict-aliasing -fcommon -Wdate-time -D_FORTIFY_SOURCE=2 -D_GNU_SOURCE -Wl,-z,relro -Wl,--as-needed conftest.c  -pthread  >&5
configure:14163: $? = 0
configure:14163: result: yes
configure:14351: checking for pthread_attr_getstacksize
configure:14351: x86_64-linux-gnu-gcc -o conftest  -g -O2 -ffile-prefix-map=/sonic/src/ntp/ntp-4.2.8p15=. -fstack-protector-strong -Wformat -Werror=format-security -fno-strict-aliasing -fcommon -Wdate-time -D_FORTIFY_SOURCE=2 -D_GNU_SOURCE -Wl,-z,relro -Wl,--as-needed conftest.c  -pthread  >&5
configure:14351: $? = 0
configure:14351: result: yes
configure:14363: checking for pthread_attr_setstacksize
configure:14363: x86_64-linux-gnu-gcc -o conftest  -g -O2 -ffile-prefix-map=/sonic/src/ntp/ntp-4.2.8p15=. -fstack-protector-strong -Wformat -Werror=format-security -fno-strict-aliasing -fcommon -Wdate-time -D_FORTIFY_SOURCE=2 -D_GNU_SOURCE -Wl,-z,relro -Wl,--as-needed conftest.c  -pthread  >&5
configure:14363: $? = 0
configure:14363: result: yes
configure:14363: checking for sysconf
configure:14363: x86_64-linux-gnu-gcc -o conftest  -g -O2 -ffile-prefix-map=/sonic/src/ntp/ntp-4.2.8p15=. -fstack-protector-strong -Wformat -Werror=format-security -fno-strict-aliasing -fcommon -Wdate-time -D_FORTIFY_SOURCE=2 -D_GNU_SOURCE -Wl,-z,relro -Wl,--as-needed conftest.c  -pthread  >&5
configure:14363: $? = 0
configure:14363: result: yes
configure:14498: checking if vsnprintf expands "%m" to strerror(errno)
configure:14558: x86_64-linux-gnu-gcc -o conftest -g -O2 -ffile-prefix-map=/sonic/src/ntp/ntp-4.2.8p15=. -fstack-protector-strong -Wformat -Werror=format-security -fno-strict-aliasing -fcommon -Wdate-time -D_FORTIFY_SOURCE=2 -D_GNU_SOURCE -Wl,-z,relro -Wl,--as-needed conftest.c  >&5
configure:14558: $? = 0
configure:14558: ./conftest
configure:14558: $? = 0
configure:14569: result: yes
configure:14581: checking sys/clockctl.h usability
configure:14581: x86_64-linux-gnu-gcc -c -g -O2 -ffile-prefix-map=/sonic/src/ntp/ntp-4.2.8p15=. -fstack-protector-strong -Wformat -Werror=format-security -fno-strict-aliasing -fcommon -Wdate-time -D_FORTIFY_SOURCE=2 -D_GNU_SOURCE conftest.c >&5
conftest.c:141:10: fatal error: sys/clockctl.h: No such file or directory
  141 | #include <sys/clockctl.h>
      |          ^~~~~~~~~~~~~~~~
compilation terminated.
configure:14581: $? = 1
configure: failed program was:
| /* confdefs.h */
| #define PACKAGE_NAME "sntp"
| #define PACKAGE_TARNAME "sntp"
| #define PACKAGE_VERSION "4.2.8p15"
| #define PACKAGE_STRING "sntp 4.2.8p15"
| #define PACKAGE_BUGREPORT "http://bugs.ntp.org./"
| #define PACKAGE_URL "http://www.ntp.org./"
| #define PACKAGE "sntp"
| #define VERSION "4.2.8p15"
| #define STR_SYSTEM "x86_64-pc-linux-gnu"
| #define STDC_HEADERS 1
| #define HAVE_SYS_TYPES_H 1
| #define HAVE_SYS_STAT_H 1
| #define HAVE_STDLIB_H 1
| #define HAVE_STRING_H 1
| #define HAVE_MEMORY_H 1
| #define HAVE_STRINGS_H 1
| #define HAVE_INTTYPES_H 1
| #define HAVE_STDINT_H 1
| #define HAVE_UNISTD_H 1
| #define __EXTENSIONS__ 1
| #define _ALL_SOURCE 1
| #define _GNU_SOURCE 1
| #define _POSIX_PTHREAD_SEMANTICS 1
| #define _TANDEM_SOURCE 1
| #define HAVE___ATTRIBUTE__ /**/
| #define HAVE_STDARG_H 1
| #define HAVE_UNSIGNED_LONG_LONG_INT 1
| #define HAVE_VSNPRINTF 1
| #define HAVE_SNPRINTF 1
| #define DIR_SEP '/'
| #define HAVE_READLINE_READLINE_H 1
| #define HAVE_HISTEDIT_H 1
| #define HAVE_READLINE_HISTORY_H 1
| #define EL_INIT_ARGS 4
| #define HAVE_READLINE_HISTORY 1
| #define HAVE_FORK 1
| #define HAVE_VFORK 1
| #define HAVE_WORKING_VFORK 1
| #define HAVE_WORKING_FORK 1
| #define HAVE_ALLOCA_H 1
| #define HAVE_ALLOCA 1
| #define HAVE_DECL_STRERROR_R 1
| #define HAVE_STRERROR_R 1
| #define STRERROR_R_CHAR_P 1
| #define HAVE_CLOCK_GETRES 1
| #define HAVE_CLOCK_GETTIME 1
| #define HAVE_CLOCK_SETTIME 1
| #define HAVE_TIMEGM 1
| #define HAVE_ERRNO_H 1
| #define HAVE_SYS_SOCKET_H 1
| #define HAVE_SYS_TYPES_H 1
| #define HAVE_TIME_H 1
| #define HAVE_NET_IF_H 1
| #define HAVE_LINUX_IF_ADDR_H 1
| #define NEED_EARLY_FORK 1
| #define HAVE_ARPA_NAMESER_H 1
| #define HAVE_SYS_PARAM_H 1
| #define HAVE_SYS_TIME_H 1
| #define HAVE_SYS_SYSCTL_H 1
| #define HAVE_NETINET_IN_SYSTM_H 1
| #define HAVE_NETINET_IN_H 1
| #define HAVE_RESOLV_H 1
| #define HAVE_NETINET_IP_H 1
| #define HAVE_RECVMSG 1
| #define HAVE_INLINE 1
| #define TIME_WITH_SYS_TIME 1
| #define SIZEOF_TIME_T 8
| #define SIZEOF_SIGNED_CHAR 1
| #define HAVE_LONG_LONG 1
| #define SIZEOF_SHORT 2
| #define SIZEOF_INT 4
| #define SIZEOF_LONG 8
| #define SIZEOF_LONG_LONG 8
| #define NEED_S_CHAR_TYPEDEF 1
| #define DEBUG 1
| #define HAVE_SEMAPHORE_H 1
| #define HAVE_SOCKETPAIR 1
| #define HAVE_PTHREAD_H 1
| #define HAVE_PTHREADS 10
| #define HAVE_SCHED_H 1
| #define HAVE_SCHED_YIELD 1
| #define HAVE_PTHREAD_YIELD 1
| #define HAVE_PTHREAD_KILL 1
| #define HAVE_PTHREAD_RWLOCK_DESTROY 1
| #define HAVE_PTHREAD_DETACH 1
| #define HAVE_PTHREAD_SETCONCURRENCY 1
| #define HAVE_PTHREAD_GETCONCURRENCY 1
| #define HAVE_YIELDING_SELECT 1
| #define REENTRANT 1
| #define _REENTRANT 1
| #define THREAD_SAFE 1
| #define _THREAD_SAFE 1
| #define THREADSAFE 1
| #define _THREADSAFE 1
| #define _SGI_MP_SOURCE 1
| #define LDAP_API_FEATURE_X_OPENLDAP_THREAD_SAFE 1
| #define HAVE_SEM_TIMEDWAIT 1
| #define SIZEOF_PTHREAD_T 8
| #define ISC_PLATFORM_USETHREADS 1
| #define HAVE_SIGWAIT 1
| #define HAVE_PTHREAD_ATTR_GETSTACKSIZE 1
| #define HAVE_PTHREAD_ATTR_SETSTACKSIZE 1
| #define HAVE_SYSCONF 1
| #define HAVE_LINUXTHREADS 1
| #define VSNPRINTF_PERCENT_M 1
| /* end confdefs.h.  */
| #include <stdio.h>
| #ifdef HAVE_SYS_TYPES_H
| # include <sys/types.h>
| #endif
| #ifdef HAVE_SYS_STAT_H
| # include <sys/stat.h>
| #endif
| #ifdef STDC_HEADERS
| # include <stdlib.h>
| # include <stddef.h>
| #else
| # ifdef HAVE_STDLIB_H
| #  include <stdlib.h>
| # endif
| #endif
| #ifdef HAVE_STRING_H
| # if !defined STDC_HEADERS && defined HAVE_MEMORY_H
| #  include <memory.h>
| # endif
| # include <string.h>
| #endif
| #ifdef HAVE_STRINGS_H
| # include <strings.h>
| #endif
| #ifdef HAVE_INTTYPES_H
| # include <inttypes.h>
| #endif
| #ifdef HAVE_STDINT_H
| # include <stdint.h>
| #endif
| #ifdef HAVE_UNISTD_H
| # include <unistd.h>
| #endif
| #include <sys/clockctl.h>
configure:14581: result: no
configure:14581: checking sys/clockctl.h presence
configure:14581: x86_64-linux-gnu-gcc -E -Wdate-time -D_FORTIFY_SOURCE=2 -D_GNU_SOURCE conftest.c
conftest.c:108:10: fatal error: sys/clockctl.h: No such file or directory
  108 | #include <sys/clockctl.h>
      |          ^~~~~~~~~~~~~~~~
compilation terminated.
configure:14581: $? = 1
configure: failed program was:
| /* confdefs.h */
| #define PACKAGE_NAME "sntp"
| #define PACKAGE_TARNAME "sntp"
| #define PACKAGE_VERSION "4.2.8p15"
| #define PACKAGE_STRING "sntp 4.2.8p15"
| #define PACKAGE_BUGREPORT "http://bugs.ntp.org./"
| #define PACKAGE_URL "http://www.ntp.org./"
| #define PACKAGE "sntp"
| #define VERSION "4.2.8p15"
| #define STR_SYSTEM "x86_64-pc-linux-gnu"
| #define STDC_HEADERS 1
| #define HAVE_SYS_TYPES_H 1
| #define HAVE_SYS_STAT_H 1
| #define HAVE_STDLIB_H 1
| #define HAVE_STRING_H 1
| #define HAVE_MEMORY_H 1
| #define HAVE_STRINGS_H 1
| #define HAVE_INTTYPES_H 1
| #define HAVE_STDINT_H 1
| #define HAVE_UNISTD_H 1
| #define __EXTENSIONS__ 1
| #define _ALL_SOURCE 1
| #define _GNU_SOURCE 1
| #define _POSIX_PTHREAD_SEMANTICS 1
| #define _TANDEM_SOURCE 1
| #define HAVE___ATTRIBUTE__ /**/
| #define HAVE_STDARG_H 1
| #define HAVE_UNSIGNED_LONG_LONG_INT 1
| #define HAVE_VSNPRINTF 1
| #define HAVE_SNPRINTF 1
| #define DIR_SEP '/'
| #define HAVE_READLINE_READLINE_H 1
| #define HAVE_HISTEDIT_H 1
| #define HAVE_READLINE_HISTORY_H 1
| #define EL_INIT_ARGS 4
| #define HAVE_READLINE_HISTORY 1
| #define HAVE_FORK 1
| #define HAVE_VFORK 1
| #define HAVE_WORKING_VFORK 1
| #define HAVE_WORKING_FORK 1
| #define HAVE_ALLOCA_H 1
| #define HAVE_ALLOCA 1
| #define HAVE_DECL_STRERROR_R 1
| #define HAVE_STRERROR_R 1
| #define STRERROR_R_CHAR_P 1
| #define HAVE_CLOCK_GETRES 1
| #define HAVE_CLOCK_GETTIME 1
| #define HAVE_CLOCK_SETTIME 1
| #define HAVE_TIMEGM 1
| #define HAVE_ERRNO_H 1
| #define HAVE_SYS_SOCKET_H 1
| #define HAVE_SYS_TYPES_H 1
| #define HAVE_TIME_H 1
| #define HAVE_NET_IF_H 1
| #define HAVE_LINUX_IF_ADDR_H 1
| #define NEED_EARLY_FORK 1
| #define HAVE_ARPA_NAMESER_H 1
| #define HAVE_SYS_PARAM_H 1
| #define HAVE_SYS_TIME_H 1
| #define HAVE_SYS_SYSCTL_H 1
| #define HAVE_NETINET_IN_SYSTM_H 1
| #define HAVE_NETINET_IN_H 1
| #define HAVE_RESOLV_H 1
| #define HAVE_NETINET_IP_H 1
| #define HAVE_RECVMSG 1
| #define HAVE_INLINE 1
| #define TIME_WITH_SYS_TIME 1
| #define SIZEOF_TIME_T 8
| #define SIZEOF_SIGNED_CHAR 1
| #define HAVE_LONG_LONG 1
| #define SIZEOF_SHORT 2
| #define SIZEOF_INT 4
| #define SIZEOF_LONG 8
| #define SIZEOF_LONG_LONG 8
| #define NEED_S_CHAR_TYPEDEF 1
| #define DEBUG 1
| #define HAVE_SEMAPHORE_H 1
| #define HAVE_SOCKETPAIR 1
| #define HAVE_PTHREAD_H 1
| #define HAVE_PTHREADS 10
| #define HAVE_SCHED_H 1
| #define HAVE_SCHED_YIELD 1
| #define HAVE_PTHREAD_YIELD 1
| #define HAVE_PTHREAD_KILL 1
| #define HAVE_PTHREAD_RWLOCK_DESTROY 1
| #define HAVE_PTHREAD_DETACH 1
| #define HAVE_PTHREAD_SETCONCURRENCY 1
| #define HAVE_PTHREAD_GETCONCURRENCY 1
| #define HAVE_YIELDING_SELECT 1
| #define REENTRANT 1
| #define _REENTRANT 1
| #define THREAD_SAFE 1
| #define _THREAD_SAFE 1
| #define THREADSAFE 1
| #define _THREADSAFE 1
| #define _SGI_MP_SOURCE 1
| #define LDAP_API_FEATURE_X_OPENLDAP_THREAD_SAFE 1
| #define HAVE_SEM_TIMEDWAIT 1
| #define SIZEOF_PTHREAD_T 8
| #define ISC_PLATFORM_USETHREADS 1
| #define HAVE_SIGWAIT 1
| #define HAVE_PTHREAD_ATTR_GETSTACKSIZE 1
| #define HAVE_PTHREAD_ATTR_SETSTACKSIZE 1
| #define HAVE_SYSCONF 1
| #define HAVE_LINUXTHREADS 1
| #define VSNPRINTF_PERCENT_M 1
| /* end confdefs.h.  */
| #include <sys/clockctl.h>
configure:14581: result: no
configure:14581: checking for sys/clockctl.h
configure:14581: result: no
configure:14601: checking if we should use /dev/clockctl
configure:14603: result: no
configure:14610: checking sys/capability.h usability
configure:14610: x86_64-linux-gnu-gcc -c -g -O2 -ffile-prefix-map=/sonic/src/ntp/ntp-4.2.8p15=. -fstack-protector-strong -Wformat -Werror=format-security -fno-strict-aliasing -fcommon -Wdate-time -D_FORTIFY_SOURCE=2 -D_GNU_SOURCE conftest.c >&5
configure:14610: $? = 0
configure:14610: result: yes
configure:14610: checking sys/capability.h presence
configure:14610: x86_64-linux-gnu-gcc -E -Wdate-time -D_FORTIFY_SOURCE=2 -D_GNU_SOURCE conftest.c
configure:14610: $? = 0
configure:14610: result: yes
configure:14610: checking for sys/capability.h
configure:14610: result: yes
configure:14610: checking sys/prctl.h usability
configure:14610: x86_64-linux-gnu-gcc -c -g -O2 -ffile-prefix-map=/sonic/src/ntp/ntp-4.2.8p15=. -fstack-protector-strong -Wformat -Werror=format-security -fno-strict-aliasing -fcommon -Wdate-time -D_FORTIFY_SOURCE=2 -D_GNU_SOURCE conftest.c >&5
configure:14610: $? = 0
configure:14610: result: yes
configure:14610: checking sys/prctl.h presence
configure:14610: x86_64-linux-gnu-gcc -E -Wdate-time -D_FORTIFY_SOURCE=2 -D_GNU_SOURCE conftest.c
configure:14610: $? = 0
configure:14610: result: yes
configure:14610: checking for sys/prctl.h
configure:14610: result: yes
configure:14621: checking if we have linux capabilities (libcap)
configure:14646: result: yes
configure:14661: checking priv.h usability
configure:14661: x86_64-linux-gnu-gcc -c -g -O2 -ffile-prefix-map=/sonic/src/ntp/ntp-4.2.8p15=. -fstack-protector-strong -Wformat -Werror=format-security -fno-strict-aliasing -fcommon -Wdate-time -D_FORTIFY_SOURCE=2 -D_GNU_SOURCE conftest.c >&5
conftest.c:144:10: fatal error: priv.h: No such file or directory
  144 | #include <priv.h>
      |          ^~~~~~~~
compilation terminated.
configure:14661: $? = 1
configure: failed program was:
| /* confdefs.h */
| #define PACKAGE_NAME "sntp"
| #define PACKAGE_TARNAME "sntp"
| #define PACKAGE_VERSION "4.2.8p15"
| #define PACKAGE_STRING "sntp 4.2.8p15"
| #define PACKAGE_BUGREPORT "http://bugs.ntp.org./"
| #define PACKAGE_URL "http://www.ntp.org./"
| #define PACKAGE "sntp"
| #define VERSION "4.2.8p15"
| #define STR_SYSTEM "x86_64-pc-linux-gnu"
| #define STDC_HEADERS 1
| #define HAVE_SYS_TYPES_H 1
| #define HAVE_SYS_STAT_H 1
| #define HAVE_STDLIB_H 1
| #define HAVE_STRING_H 1
| #define HAVE_MEMORY_H 1
| #define HAVE_STRINGS_H 1
| #define HAVE_INTTYPES_H 1
| #define HAVE_STDINT_H 1
| #define HAVE_UNISTD_H 1
| #define __EXTENSIONS__ 1
| #define _ALL_SOURCE 1
| #define _GNU_SOURCE 1
| #define _POSIX_PTHREAD_SEMANTICS 1
| #define _TANDEM_SOURCE 1
| #define HAVE___ATTRIBUTE__ /**/
| #define HAVE_STDARG_H 1
| #define HAVE_UNSIGNED_LONG_LONG_INT 1
| #define HAVE_VSNPRINTF 1
| #define HAVE_SNPRINTF 1
| #define DIR_SEP '/'
| #define HAVE_READLINE_READLINE_H 1
| #define HAVE_HISTEDIT_H 1
| #define HAVE_READLINE_HISTORY_H 1
| #define EL_INIT_ARGS 4
| #define HAVE_READLINE_HISTORY 1
| #define HAVE_FORK 1
| #define HAVE_VFORK 1
| #define HAVE_WORKING_VFORK 1
| #define HAVE_WORKING_FORK 1
| #define HAVE_ALLOCA_H 1
| #define HAVE_ALLOCA 1
| #define HAVE_DECL_STRERROR_R 1
| #define HAVE_STRERROR_R 1
| #define STRERROR_R_CHAR_P 1
| #define HAVE_CLOCK_GETRES 1
| #define HAVE_CLOCK_GETTIME 1
| #define HAVE_CLOCK_SETTIME 1
| #define HAVE_TIMEGM 1
| #define HAVE_ERRNO_H 1
| #define HAVE_SYS_SOCKET_H 1
| #define HAVE_SYS_TYPES_H 1
| #define HAVE_TIME_H 1
| #define HAVE_NET_IF_H 1
| #define HAVE_LINUX_IF_ADDR_H 1
| #define NEED_EARLY_FORK 1
| #define HAVE_ARPA_NAMESER_H 1
| #define HAVE_SYS_PARAM_H 1
| #define HAVE_SYS_TIME_H 1
| #define HAVE_SYS_SYSCTL_H 1
| #define HAVE_NETINET_IN_SYSTM_H 1
| #define HAVE_NETINET_IN_H 1
| #define HAVE_RESOLV_H 1
| #define HAVE_NETINET_IP_H 1
| #define HAVE_RECVMSG 1
| #define HAVE_INLINE 1
| #define TIME_WITH_SYS_TIME 1
| #define SIZEOF_TIME_T 8
| #define SIZEOF_SIGNED_CHAR 1
| #define HAVE_LONG_LONG 1
| #define SIZEOF_SHORT 2
| #define SIZEOF_INT 4
| #define SIZEOF_LONG 8
| #define SIZEOF_LONG_LONG 8
| #define NEED_S_CHAR_TYPEDEF 1
| #define DEBUG 1
| #define HAVE_SEMAPHORE_H 1
| #define HAVE_SOCKETPAIR 1
| #define HAVE_PTHREAD_H 1
| #define HAVE_PTHREADS 10
| #define HAVE_SCHED_H 1
| #define HAVE_SCHED_YIELD 1
| #define HAVE_PTHREAD_YIELD 1
| #define HAVE_PTHREAD_KILL 1
| #define HAVE_PTHREAD_RWLOCK_DESTROY 1
| #define HAVE_PTHREAD_DETACH 1
| #define HAVE_PTHREAD_SETCONCURRENCY 1
| #define HAVE_PTHREAD_GETCONCURRENCY 1
| #define HAVE_YIELDING_SELECT 1
| #define REENTRANT 1
| #define _REENTRANT 1
| #define THREAD_SAFE 1
| #define _THREAD_SAFE 1
| #define THREADSAFE 1
| #define _THREADSAFE 1
| #define _SGI_MP_SOURCE 1
| #define LDAP_API_FEATURE_X_OPENLDAP_THREAD_SAFE 1
| #define HAVE_SEM_TIMEDWAIT 1
| #define SIZEOF_PTHREAD_T 8
| #define ISC_PLATFORM_USETHREADS 1
| #define HAVE_SIGWAIT 1
| #define HAVE_PTHREAD_ATTR_GETSTACKSIZE 1
| #define HAVE_PTHREAD_ATTR_SETSTACKSIZE 1
| #define HAVE_SYSCONF 1
| #define HAVE_LINUXTHREADS 1
| #define VSNPRINTF_PERCENT_M 1
| #define HAVE_SYS_CAPABILITY_H 1
| #define HAVE_SYS_PRCTL_H 1
| #define HAVE_LINUX_CAPABILITIES 1
| /* end confdefs.h.  */
| #include <stdio.h>
| #ifdef HAVE_SYS_TYPES_H
| # include <sys/types.h>
| #endif
| #ifdef HAVE_SYS_STAT_H
| # include <sys/stat.h>
| #endif
| #ifdef STDC_HEADERS
| # include <stdlib.h>
| # include <stddef.h>
| #else
| # ifdef HAVE_STDLIB_H
| #  include <stdlib.h>
| # endif
| #endif
| #ifdef HAVE_STRING_H
| # if !defined STDC_HEADERS && defined HAVE_MEMORY_H
| #  include <memory.h>
| # endif
| # include <string.h>
| #endif
| #ifdef HAVE_STRINGS_H
| # include <strings.h>
| #endif
| #ifdef HAVE_INTTYPES_H
| # include <inttypes.h>
| #endif
| #ifdef HAVE_STDINT_H
| # include <stdint.h>
| #endif
| #ifdef HAVE_UNISTD_H
| # include <unistd.h>
| #endif
| #include <priv.h>
configure:14661: result: no
configure:14661: checking priv.h presence
configure:14661: x86_64-linux-gnu-gcc -E -Wdate-time -D_FORTIFY_SOURCE=2 -D_GNU_SOURCE conftest.c
conftest.c:111:10: fatal error: priv.h: No such file or directory
  111 | #include <priv.h>
      |          ^~~~~~~~
compilation terminated.
configure:14661: $? = 1
configure: failed program was:
| /* confdefs.h */
| #define PACKAGE_NAME "sntp"
| #define PACKAGE_TARNAME "sntp"
| #define PACKAGE_VERSION "4.2.8p15"
| #define PACKAGE_STRING "sntp 4.2.8p15"
| #define PACKAGE_BUGREPORT "http://bugs.ntp.org./"
| #define PACKAGE_URL "http://www.ntp.org./"
| #define PACKAGE "sntp"
| #define VERSION "4.2.8p15"
| #define STR_SYSTEM "x86_64-pc-linux-gnu"
| #define STDC_HEADERS 1
| #define HAVE_SYS_TYPES_H 1
| #define HAVE_SYS_STAT_H 1
| #define HAVE_STDLIB_H 1
| #define HAVE_STRING_H 1
| #define HAVE_MEMORY_H 1
| #define HAVE_STRINGS_H 1
| #define HAVE_INTTYPES_H 1
| #define HAVE_STDINT_H 1
| #define HAVE_UNISTD_H 1
| #define __EXTENSIONS__ 1
| #define _ALL_SOURCE 1
| #define _GNU_SOURCE 1
| #define _POSIX_PTHREAD_SEMANTICS 1
| #define _TANDEM_SOURCE 1
| #define HAVE___ATTRIBUTE__ /**/
| #define HAVE_STDARG_H 1
| #define HAVE_UNSIGNED_LONG_LONG_INT 1
| #define HAVE_VSNPRINTF 1
| #define HAVE_SNPRINTF 1
| #define DIR_SEP '/'
| #define HAVE_READLINE_READLINE_H 1
| #define HAVE_HISTEDIT_H 1
| #define HAVE_READLINE_HISTORY_H 1
| #define EL_INIT_ARGS 4
| #define HAVE_READLINE_HISTORY 1
| #define HAVE_FORK 1
| #define HAVE_VFORK 1
| #define HAVE_WORKING_VFORK 1
| #define HAVE_WORKING_FORK 1
| #define HAVE_ALLOCA_H 1
| #define HAVE_ALLOCA 1
| #define HAVE_DECL_STRERROR_R 1
| #define HAVE_STRERROR_R 1
| #define STRERROR_R_CHAR_P 1
| #define HAVE_CLOCK_GETRES 1
| #define HAVE_CLOCK_GETTIME 1
| #define HAVE_CLOCK_SETTIME 1
| #define HAVE_TIMEGM 1
| #define HAVE_ERRNO_H 1
| #define HAVE_SYS_SOCKET_H 1
| #define HAVE_SYS_TYPES_H 1
| #define HAVE_TIME_H 1
| #define HAVE_NET_IF_H 1
| #define HAVE_LINUX_IF_ADDR_H 1
| #define NEED_EARLY_FORK 1
| #define HAVE_ARPA_NAMESER_H 1
| #define HAVE_SYS_PARAM_H 1
| #define HAVE_SYS_TIME_H 1
| #define HAVE_SYS_SYSCTL_H 1
| #define HAVE_NETINET_IN_SYSTM_H 1
| #define HAVE_NETINET_IN_H 1
| #define HAVE_RESOLV_H 1
| #define HAVE_NETINET_IP_H 1
| #define HAVE_RECVMSG 1
| #define HAVE_INLINE 1
| #define TIME_WITH_SYS_TIME 1
| #define SIZEOF_TIME_T 8
| #define SIZEOF_SIGNED_CHAR 1
| #define HAVE_LONG_LONG 1
| #define SIZEOF_SHORT 2
| #define SIZEOF_INT 4
| #define SIZEOF_LONG 8
| #define SIZEOF_LONG_LONG 8
| #define NEED_S_CHAR_TYPEDEF 1
| #define DEBUG 1
| #define HAVE_SEMAPHORE_H 1
| #define HAVE_SOCKETPAIR 1
| #define HAVE_PTHREAD_H 1
| #define HAVE_PTHREADS 10
| #define HAVE_SCHED_H 1
| #define HAVE_SCHED_YIELD 1
| #define HAVE_PTHREAD_YIELD 1
| #define HAVE_PTHREAD_KILL 1
| #define HAVE_PTHREAD_RWLOCK_DESTROY 1
| #define HAVE_PTHREAD_DETACH 1
| #define HAVE_PTHREAD_SETCONCURRENCY 1
| #define HAVE_PTHREAD_GETCONCURRENCY 1
| #define HAVE_YIELDING_SELECT 1
| #define REENTRANT 1
| #define _REENTRANT 1
| #define THREAD_SAFE 1
| #define _THREAD_SAFE 1
| #define THREADSAFE 1
| #define _THREADSAFE 1
| #define _SGI_MP_SOURCE 1
| #define LDAP_API_FEATURE_X_OPENLDAP_THREAD_SAFE 1
| #define HAVE_SEM_TIMEDWAIT 1
| #define SIZEOF_PTHREAD_T 8
| #define ISC_PLATFORM_USETHREADS 1
| #define HAVE_SIGWAIT 1
| #define HAVE_PTHREAD_ATTR_GETSTACKSIZE 1
| #define HAVE_PTHREAD_ATTR_SETSTACKSIZE 1
| #define HAVE_SYSCONF 1
| #define HAVE_LINUXTHREADS 1
| #define VSNPRINTF_PERCENT_M 1
| #define HAVE_SYS_CAPABILITY_H 1
| #define HAVE_SYS_PRCTL_H 1
| #define HAVE_LINUX_CAPABILITIES 1
| /* end confdefs.h.  */
| #include <priv.h>
configure:14661: result: no
configure:14661: checking for priv.h
configure:14661: result: no
configure:14694: checking if we have solaris privileges
configure:14707: result: no
configure:14712: checking sys/mac.h usability
configure:14712: x86_64-linux-gnu-gcc -c -g -O2 -ffile-prefix-map=/sonic/src/ntp/ntp-4.2.8p15=. -fstack-protector-strong -Wformat -Werror=format-security -fno-strict-aliasing -fcommon -Wdate-time -D_FORTIFY_SOURCE=2 -D_GNU_SOURCE conftest.c >&5
conftest.c:144:10: fatal error: sys/mac.h: No such file or directory
  144 | #include <sys/mac.h>
      |          ^~~~~~~~~~~
compilation terminated.
configure:14712: $? = 1
configure: failed program was:
| /* confdefs.h */
| #define PACKAGE_NAME "sntp"
| #define PACKAGE_TARNAME "sntp"
| #define PACKAGE_VERSION "4.2.8p15"
| #define PACKAGE_STRING "sntp 4.2.8p15"
| #define PACKAGE_BUGREPORT "http://bugs.ntp.org./"
| #define PACKAGE_URL "http://www.ntp.org./"
| #define PACKAGE "sntp"
| #define VERSION "4.2.8p15"
| #define STR_SYSTEM "x86_64-pc-linux-gnu"
| #define STDC_HEADERS 1
| #define HAVE_SYS_TYPES_H 1
| #define HAVE_SYS_STAT_H 1
| #define HAVE_STDLIB_H 1
| #define HAVE_STRING_H 1
| #define HAVE_MEMORY_H 1
| #define HAVE_STRINGS_H 1
| #define HAVE_INTTYPES_H 1
| #define HAVE_STDINT_H 1
| #define HAVE_UNISTD_H 1
| #define __EXTENSIONS__ 1
| #define _ALL_SOURCE 1
| #define _GNU_SOURCE 1
| #define _POSIX_PTHREAD_SEMANTICS 1
| #define _TANDEM_SOURCE 1
| #define HAVE___ATTRIBUTE__ /**/
| #define HAVE_STDARG_H 1
| #define HAVE_UNSIGNED_LONG_LONG_INT 1
| #define HAVE_VSNPRINTF 1
| #define HAVE_SNPRINTF 1
| #define DIR_SEP '/'
| #define HAVE_READLINE_READLINE_H 1
| #define HAVE_HISTEDIT_H 1
| #define HAVE_READLINE_HISTORY_H 1
| #define EL_INIT_ARGS 4
| #define HAVE_READLINE_HISTORY 1
| #define HAVE_FORK 1
| #define HAVE_VFORK 1
| #define HAVE_WORKING_VFORK 1
| #define HAVE_WORKING_FORK 1
| #define HAVE_ALLOCA_H 1
| #define HAVE_ALLOCA 1
| #define HAVE_DECL_STRERROR_R 1
| #define HAVE_STRERROR_R 1
| #define STRERROR_R_CHAR_P 1
| #define HAVE_CLOCK_GETRES 1
| #define HAVE_CLOCK_GETTIME 1
| #define HAVE_CLOCK_SETTIME 1
| #define HAVE_TIMEGM 1
| #define HAVE_ERRNO_H 1
| #define HAVE_SYS_SOCKET_H 1
| #define HAVE_SYS_TYPES_H 1
| #define HAVE_TIME_H 1
| #define HAVE_NET_IF_H 1
| #define HAVE_LINUX_IF_ADDR_H 1
| #define NEED_EARLY_FORK 1
| #define HAVE_ARPA_NAMESER_H 1
| #define HAVE_SYS_PARAM_H 1
| #define HAVE_SYS_TIME_H 1
| #define HAVE_SYS_SYSCTL_H 1
| #define HAVE_NETINET_IN_SYSTM_H 1
| #define HAVE_NETINET_IN_H 1
| #define HAVE_RESOLV_H 1
| #define HAVE_NETINET_IP_H 1
| #define HAVE_RECVMSG 1
| #define HAVE_INLINE 1
| #define TIME_WITH_SYS_TIME 1
| #define SIZEOF_TIME_T 8
| #define SIZEOF_SIGNED_CHAR 1
| #define HAVE_LONG_LONG 1
| #define SIZEOF_SHORT 2
| #define SIZEOF_INT 4
| #define SIZEOF_LONG 8
| #define SIZEOF_LONG_LONG 8
| #define NEED_S_CHAR_TYPEDEF 1
| #define DEBUG 1
| #define HAVE_SEMAPHORE_H 1
| #define HAVE_SOCKETPAIR 1
| #define HAVE_PTHREAD_H 1
| #define HAVE_PTHREADS 10
| #define HAVE_SCHED_H 1
| #define HAVE_SCHED_YIELD 1
| #define HAVE_PTHREAD_YIELD 1
| #define HAVE_PTHREAD_KILL 1
| #define HAVE_PTHREAD_RWLOCK_DESTROY 1
| #define HAVE_PTHREAD_DETACH 1
| #define HAVE_PTHREAD_SETCONCURRENCY 1
| #define HAVE_PTHREAD_GETCONCURRENCY 1
| #define HAVE_YIELDING_SELECT 1
| #define REENTRANT 1
| #define _REENTRANT 1
| #define THREAD_SAFE 1
| #define _THREAD_SAFE 1
| #define THREADSAFE 1
| #define _THREADSAFE 1
| #define _SGI_MP_SOURCE 1
| #define LDAP_API_FEATURE_X_OPENLDAP_THREAD_SAFE 1
| #define HAVE_SEM_TIMEDWAIT 1
| #define SIZEOF_PTHREAD_T 8
| #define ISC_PLATFORM_USETHREADS 1
| #define HAVE_SIGWAIT 1
| #define HAVE_PTHREAD_ATTR_GETSTACKSIZE 1
| #define HAVE_PTHREAD_ATTR_SETSTACKSIZE 1
| #define HAVE_SYSCONF 1
| #define HAVE_LINUXTHREADS 1
| #define VSNPRINTF_PERCENT_M 1
| #define HAVE_SYS_CAPABILITY_H 1
| #define HAVE_SYS_PRCTL_H 1
| #define HAVE_LINUX_CAPABILITIES 1
| /* end confdefs.h.  */
| #include <stdio.h>
| #ifdef HAVE_SYS_TYPES_H
| # include <sys/types.h>
| #endif
| #ifdef HAVE_SYS_STAT_H
| # include <sys/stat.h>
| #endif
| #ifdef STDC_HEADERS
| # include <stdlib.h>
| # include <stddef.h>
| #else
| # ifdef HAVE_STDLIB_H
| #  include <stdlib.h>
| # endif
| #endif
| #ifdef HAVE_STRING_H
| # if !defined STDC_HEADERS && defined HAVE_MEMORY_H
| #  include <memory.h>
| # endif
| # include <string.h>
| #endif
| #ifdef HAVE_STRINGS_H
| # include <strings.h>
| #endif
| #ifdef HAVE_INTTYPES_H
| # include <inttypes.h>
| #endif
| #ifdef HAVE_STDINT_H
| # include <stdint.h>
| #endif
| #ifdef HAVE_UNISTD_H
| # include <unistd.h>
| #endif
| #include <sys/mac.h>
configure:14712: result: no
configure:14712: checking sys/mac.h presence
configure:14712: x86_64-linux-gnu-gcc -E -Wdate-time -D_FORTIFY_SOURCE=2 -D_GNU_SOURCE conftest.c
conftest.c:111:10: fatal error: sys/mac.h: No such file or directory
  111 | #include <sys/mac.h>
      |          ^~~~~~~~~~~
compilation terminated.
configure:14712: $? = 1
configure: failed program was:
| /* confdefs.h */
| #define PACKAGE_NAME "sntp"
| #define PACKAGE_TARNAME "sntp"
| #define PACKAGE_VERSION "4.2.8p15"
| #define PACKAGE_STRING "sntp 4.2.8p15"
| #define PACKAGE_BUGREPORT "http://bugs.ntp.org./"
| #define PACKAGE_URL "http://www.ntp.org./"
| #define PACKAGE "sntp"
| #define VERSION "4.2.8p15"
| #define STR_SYSTEM "x86_64-pc-linux-gnu"
| #define STDC_HEADERS 1
| #define HAVE_SYS_TYPES_H 1
| #define HAVE_SYS_STAT_H 1
| #define HAVE_STDLIB_H 1
| #define HAVE_STRING_H 1
| #define HAVE_MEMORY_H 1
| #define HAVE_STRINGS_H 1
| #define HAVE_INTTYPES_H 1
| #define HAVE_STDINT_H 1
| #define HAVE_UNISTD_H 1
| #define __EXTENSIONS__ 1
| #define _ALL_SOURCE 1
| #define _GNU_SOURCE 1
| #define _POSIX_PTHREAD_SEMANTICS 1
| #define _TANDEM_SOURCE 1
| #define HAVE___ATTRIBUTE__ /**/
| #define HAVE_STDARG_H 1
| #define HAVE_UNSIGNED_LONG_LONG_INT 1
| #define HAVE_VSNPRINTF 1
| #define HAVE_SNPRINTF 1
| #define DIR_SEP '/'
| #define HAVE_READLINE_READLINE_H 1
| #define HAVE_HISTEDIT_H 1
| #define HAVE_READLINE_HISTORY_H 1
| #define EL_INIT_ARGS 4
| #define HAVE_READLINE_HISTORY 1
| #define HAVE_FORK 1
| #define HAVE_VFORK 1
| #define HAVE_WORKING_VFORK 1
| #define HAVE_WORKING_FORK 1
| #define HAVE_ALLOCA_H 1
| #define HAVE_ALLOCA 1
| #define HAVE_DECL_STRERROR_R 1
| #define HAVE_STRERROR_R 1
| #define STRERROR_R_CHAR_P 1
| #define HAVE_CLOCK_GETRES 1
| #define HAVE_CLOCK_GETTIME 1
| #define HAVE_CLOCK_SETTIME 1
| #define HAVE_TIMEGM 1
| #define HAVE_ERRNO_H 1
| #define HAVE_SYS_SOCKET_H 1
| #define HAVE_SYS_TYPES_H 1
| #define HAVE_TIME_H 1
| #define HAVE_NET_IF_H 1
| #define HAVE_LINUX_IF_ADDR_H 1
| #define NEED_EARLY_FORK 1
| #define HAVE_ARPA_NAMESER_H 1
| #define HAVE_SYS_PARAM_H 1
| #define HAVE_SYS_TIME_H 1
| #define HAVE_SYS_SYSCTL_H 1
| #define HAVE_NETINET_IN_SYSTM_H 1
| #define HAVE_NETINET_IN_H 1
| #define HAVE_RESOLV_H 1
| #define HAVE_NETINET_IP_H 1
| #define HAVE_RECVMSG 1
| #define HAVE_INLINE 1
| #define TIME_WITH_SYS_TIME 1
| #define SIZEOF_TIME_T 8
| #define SIZEOF_SIGNED_CHAR 1
| #define HAVE_LONG_LONG 1
| #define SIZEOF_SHORT 2
| #define SIZEOF_INT 4
| #define SIZEOF_LONG 8
| #define SIZEOF_LONG_LONG 8
| #define NEED_S_CHAR_TYPEDEF 1
| #define DEBUG 1
| #define HAVE_SEMAPHORE_H 1
| #define HAVE_SOCKETPAIR 1
| #define HAVE_PTHREAD_H 1
| #define HAVE_PTHREADS 10
| #define HAVE_SCHED_H 1
| #define HAVE_SCHED_YIELD 1
| #define HAVE_PTHREAD_YIELD 1
| #define HAVE_PTHREAD_KILL 1
| #define HAVE_PTHREAD_RWLOCK_DESTROY 1
| #define HAVE_PTHREAD_DETACH 1
| #define HAVE_PTHREAD_SETCONCURRENCY 1
| #define HAVE_PTHREAD_GETCONCURRENCY 1
| #define HAVE_YIELDING_SELECT 1
| #define REENTRANT 1
| #define _REENTRANT 1
| #define THREAD_SAFE 1
| #define _THREAD_SAFE 1
| #define THREADSAFE 1
| #define _THREADSAFE 1
| #define _SGI_MP_SOURCE 1
| #define LDAP_API_FEATURE_X_OPENLDAP_THREAD_SAFE 1
| #define HAVE_SEM_TIMEDWAIT 1
| #define SIZEOF_PTHREAD_T 8
| #define ISC_PLATFORM_USETHREADS 1
| #define HAVE_SIGWAIT 1
| #define HAVE_PTHREAD_ATTR_GETSTACKSIZE 1
| #define HAVE_PTHREAD_ATTR_SETSTACKSIZE 1
| #define HAVE_SYSCONF 1
| #define HAVE_LINUXTHREADS 1
| #define VSNPRINTF_PERCENT_M 1
| #define HAVE_SYS_CAPABILITY_H 1
| #define HAVE_SYS_PRCTL_H 1
| #define HAVE_LINUX_CAPABILITIES 1
| /* end confdefs.h.  */
| #include <sys/mac.h>
configure:14712: result: no
configure:14712: checking for sys/mac.h
configure:14712: result: no
configure:14730: checking if we should use TrustedBSD MAC privileges
configure:14743: result: no
configure:14812: checking for library containing res_init
configure:14843: x86_64-linux-gnu-gcc -o conftest -g -O2 -ffile-prefix-map=/sonic/src/ntp/ntp-4.2.8p15=. -fstack-protector-strong -Wformat -Werror=format-security -fno-strict-aliasing -fcommon -Wdate-time -D_FORTIFY_SOURCE=2 -D_GNU_SOURCE -Wl,-z,relro -Wl,--as-needed conftest.c  -lcap >&5
/usr/bin/ld: /tmp/cciJhWn8.o: in function `main':
./sntp/conftest.c:123: undefined reference to `res_init'
collect2: error: ld returned 1 exit status
configure:14843: $? = 1
configure: failed program was:
| /* confdefs.h */
| #define PACKAGE_NAME "sntp"
| #define PACKAGE_TARNAME "sntp"
| #define PACKAGE_VERSION "4.2.8p15"
| #define PACKAGE_STRING "sntp 4.2.8p15"
| #define PACKAGE_BUGREPORT "http://bugs.ntp.org./"
| #define PACKAGE_URL "http://www.ntp.org./"
| #define PACKAGE "sntp"
| #define VERSION "4.2.8p15"
| #define STR_SYSTEM "x86_64-pc-linux-gnu"
| #define STDC_HEADERS 1
| #define HAVE_SYS_TYPES_H 1
| #define HAVE_SYS_STAT_H 1
| #define HAVE_STDLIB_H 1
| #define HAVE_STRING_H 1
| #define HAVE_MEMORY_H 1
| #define HAVE_STRINGS_H 1
| #define HAVE_INTTYPES_H 1
| #define HAVE_STDINT_H 1
| #define HAVE_UNISTD_H 1
| #define __EXTENSIONS__ 1
| #define _ALL_SOURCE 1
| #define _GNU_SOURCE 1
| #define _POSIX_PTHREAD_SEMANTICS 1
| #define _TANDEM_SOURCE 1
| #define HAVE___ATTRIBUTE__ /**/
| #define HAVE_STDARG_H 1
| #define HAVE_UNSIGNED_LONG_LONG_INT 1
| #define HAVE_VSNPRINTF 1
| #define HAVE_SNPRINTF 1
| #define DIR_SEP '/'
| #define HAVE_READLINE_READLINE_H 1
| #define HAVE_HISTEDIT_H 1
| #define HAVE_READLINE_HISTORY_H 1
| #define EL_INIT_ARGS 4
| #define HAVE_READLINE_HISTORY 1
| #define HAVE_FORK 1
| #define HAVE_VFORK 1
| #define HAVE_WORKING_VFORK 1
| #define HAVE_WORKING_FORK 1
| #define HAVE_ALLOCA_H 1
| #define HAVE_ALLOCA 1
| #define HAVE_DECL_STRERROR_R 1
| #define HAVE_STRERROR_R 1
| #define STRERROR_R_CHAR_P 1
| #define HAVE_CLOCK_GETRES 1
| #define HAVE_CLOCK_GETTIME 1
| #define HAVE_CLOCK_SETTIME 1
| #define HAVE_TIMEGM 1
| #define HAVE_ERRNO_H 1
| #define HAVE_SYS_SOCKET_H 1
| #define HAVE_SYS_TYPES_H 1
| #define HAVE_TIME_H 1
| #define HAVE_NET_IF_H 1
| #define HAVE_LINUX_IF_ADDR_H 1
| #define NEED_EARLY_FORK 1
| #define HAVE_ARPA_NAMESER_H 1
| #define HAVE_SYS_PARAM_H 1
| #define HAVE_SYS_TIME_H 1
| #define HAVE_SYS_SYSCTL_H 1
| #define HAVE_NETINET_IN_SYSTM_H 1
| #define HAVE_NETINET_IN_H 1
| #define HAVE_RESOLV_H 1
| #define HAVE_NETINET_IP_H 1
| #define HAVE_RECVMSG 1
| #define HAVE_INLINE 1
| #define TIME_WITH_SYS_TIME 1
| #define SIZEOF_TIME_T 8
| #define SIZEOF_SIGNED_CHAR 1
| #define HAVE_LONG_LONG 1
| #define SIZEOF_SHORT 2
| #define SIZEOF_INT 4
| #define SIZEOF_LONG 8
| #define SIZEOF_LONG_LONG 8
| #define NEED_S_CHAR_TYPEDEF 1
| #define DEBUG 1
| #define HAVE_SEMAPHORE_H 1
| #define HAVE_SOCKETPAIR 1
| #define HAVE_PTHREAD_H 1
| #define HAVE_PTHREADS 10
| #define HAVE_SCHED_H 1
| #define HAVE_SCHED_YIELD 1
| #define HAVE_PTHREAD_YIELD 1
| #define HAVE_PTHREAD_KILL 1
| #define HAVE_PTHREAD_RWLOCK_DESTROY 1
| #define HAVE_PTHREAD_DETACH 1
| #define HAVE_PTHREAD_SETCONCURRENCY 1
| #define HAVE_PTHREAD_GETCONCURRENCY 1
| #define HAVE_YIELDING_SELECT 1
| #define REENTRANT 1
| #define _REENTRANT 1
| #define THREAD_SAFE 1
| #define _THREAD_SAFE 1
| #define THREADSAFE 1
| #define _THREADSAFE 1
| #define _SGI_MP_SOURCE 1
| #define LDAP_API_FEATURE_X_OPENLDAP_THREAD_SAFE 1
| #define HAVE_SEM_TIMEDWAIT 1
| #define SIZEOF_PTHREAD_T 8
| #define ISC_PLATFORM_USETHREADS 1
| #define HAVE_SIGWAIT 1
| #define HAVE_PTHREAD_ATTR_GETSTACKSIZE 1
| #define HAVE_PTHREAD_ATTR_SETSTACKSIZE 1
| #define HAVE_SYSCONF 1
| #define HAVE_LINUXTHREADS 1
| #define VSNPRINTF_PERCENT_M 1
| #define HAVE_SYS_CAPABILITY_H 1
| #define HAVE_SYS_PRCTL_H 1
| #define HAVE_LINUX_CAPABILITIES 1
| #define HAVE_DROPROOT 1
| /* end confdefs.h.  */
| 
| /* Override any GCC internal prototype to avoid an error.
|    Use char because int might match the return type of a GCC
|    builtin and then its argument prototype would still apply.  */
| #ifdef __cplusplus
| extern "C"
| #endif
| char res_init ();
| int
| main ()
| {
| return res_init ();
|   ;
|   return 0;
| }
configure:14843: x86_64-linux-gnu-gcc -o conftest -g -O2 -ffile-prefix-map=/sonic/src/ntp/ntp-4.2.8p15=. -fstack-protector-strong -Wformat -Werror=format-security -fno-strict-aliasing -fcommon -Wdate-time -D_FORTIFY_SOURCE=2 -D_GNU_SOURCE -Wl,-z,relro -Wl,--as-needed conftest.c -lresolv   -lcap >&5
/usr/bin/ld: /tmp/ccyli43t.o: in function `main':
./sntp/conftest.c:123: undefined reference to `res_init'
collect2: error: ld returned 1 exit status
configure:14843: $? = 1
configure: failed program was:
| /* confdefs.h */
| #define PACKAGE_NAME "sntp"
| #define PACKAGE_TARNAME "sntp"
| #define PACKAGE_VERSION "4.2.8p15"
| #define PACKAGE_STRING "sntp 4.2.8p15"
| #define PACKAGE_BUGREPORT "http://bugs.ntp.org./"
| #define PACKAGE_URL "http://www.ntp.org./"
| #define PACKAGE "sntp"
| #define VERSION "4.2.8p15"
| #define STR_SYSTEM "x86_64-pc-linux-gnu"
| #define STDC_HEADERS 1
| #define HAVE_SYS_TYPES_H 1
| #define HAVE_SYS_STAT_H 1
| #define HAVE_STDLIB_H 1
| #define HAVE_STRING_H 1
| #define HAVE_MEMORY_H 1
| #define HAVE_STRINGS_H 1
| #define HAVE_INTTYPES_H 1
| #define HAVE_STDINT_H 1
| #define HAVE_UNISTD_H 1
| #define __EXTENSIONS__ 1
| #define _ALL_SOURCE 1
| #define _GNU_SOURCE 1
| #define _POSIX_PTHREAD_SEMANTICS 1
| #define _TANDEM_SOURCE 1
| #define HAVE___ATTRIBUTE__ /**/
| #define HAVE_STDARG_H 1
| #define HAVE_UNSIGNED_LONG_LONG_INT 1
| #define HAVE_VSNPRINTF 1
| #define HAVE_SNPRINTF 1
| #define DIR_SEP '/'
| #define HAVE_READLINE_READLINE_H 1
| #define HAVE_HISTEDIT_H 1
| #define HAVE_READLINE_HISTORY_H 1
| #define EL_INIT_ARGS 4
| #define HAVE_READLINE_HISTORY 1
| #define HAVE_FORK 1
| #define HAVE_VFORK 1
| #define HAVE_WORKING_VFORK 1
| #define HAVE_WORKING_FORK 1
| #define HAVE_ALLOCA_H 1
| #define HAVE_ALLOCA 1
| #define HAVE_DECL_STRERROR_R 1
| #define HAVE_STRERROR_R 1
| #define STRERROR_R_CHAR_P 1
| #define HAVE_CLOCK_GETRES 1
| #define HAVE_CLOCK_GETTIME 1
| #define HAVE_CLOCK_SETTIME 1
| #define HAVE_TIMEGM 1
| #define HAVE_ERRNO_H 1
| #define HAVE_SYS_SOCKET_H 1
| #define HAVE_SYS_TYPES_H 1
| #define HAVE_TIME_H 1
| #define HAVE_NET_IF_H 1
| #define HAVE_LINUX_IF_ADDR_H 1
| #define NEED_EARLY_FORK 1
| #define HAVE_ARPA_NAMESER_H 1
| #define HAVE_SYS_PARAM_H 1
| #define HAVE_SYS_TIME_H 1
| #define HAVE_SYS_SYSCTL_H 1
| #define HAVE_NETINET_IN_SYSTM_H 1
| #define HAVE_NETINET_IN_H 1
| #define HAVE_RESOLV_H 1
| #define HAVE_NETINET_IP_H 1
| #define HAVE_RECVMSG 1
| #define HAVE_INLINE 1
| #define TIME_WITH_SYS_TIME 1
| #define SIZEOF_TIME_T 8
| #define SIZEOF_SIGNED_CHAR 1
| #define HAVE_LONG_LONG 1
| #define SIZEOF_SHORT 2
| #define SIZEOF_INT 4
| #define SIZEOF_LONG 8
| #define SIZEOF_LONG_LONG 8
| #define NEED_S_CHAR_TYPEDEF 1
| #define DEBUG 1
| #define HAVE_SEMAPHORE_H 1
| #define HAVE_SOCKETPAIR 1
| #define HAVE_PTHREAD_H 1
| #define HAVE_PTHREADS 10
| #define HAVE_SCHED_H 1
| #define HAVE_SCHED_YIELD 1
| #define HAVE_PTHREAD_YIELD 1
| #define HAVE_PTHREAD_KILL 1
| #define HAVE_PTHREAD_RWLOCK_DESTROY 1
| #define HAVE_PTHREAD_DETACH 1
| #define HAVE_PTHREAD_SETCONCURRENCY 1
| #define HAVE_PTHREAD_GETCONCURRENCY 1
| #define HAVE_YIELDING_SELECT 1
| #define REENTRANT 1
| #define _REENTRANT 1
| #define THREAD_SAFE 1
| #define _THREAD_SAFE 1
| #define THREADSAFE 1
| #define _THREADSAFE 1
| #define _SGI_MP_SOURCE 1
| #define LDAP_API_FEATURE_X_OPENLDAP_THREAD_SAFE 1
| #define HAVE_SEM_TIMEDWAIT 1
| #define SIZEOF_PTHREAD_T 8
| #define ISC_PLATFORM_USETHREADS 1
| #define HAVE_SIGWAIT 1
| #define HAVE_PTHREAD_ATTR_GETSTACKSIZE 1
| #define HAVE_PTHREAD_ATTR_SETSTACKSIZE 1
| #define HAVE_SYSCONF 1
| #define HAVE_LINUXTHREADS 1
| #define VSNPRINTF_PERCENT_M 1
| #define HAVE_SYS_CAPABILITY_H 1
| #define HAVE_SYS_PRCTL_H 1
| #define HAVE_LINUX_CAPABILITIES 1
| #define HAVE_DROPROOT 1
| /* end confdefs.h.  */
| 
| /* Override any GCC internal prototype to avoid an error.
|    Use char because int might match the return type of a GCC
|    builtin and then its argument prototype would still apply.  */
| #ifdef __cplusplus
| extern "C"
| #endif
| char res_init ();
| int
| main ()
| {
| return res_init ();
|   ;
|   return 0;
| }
configure:14860: result: no
configure:14873: checking for sys/types.h
configure:14873: result: yes
configure:14873: checking for netinet/in.h
configure:14873: result: yes
configure:14873: checking for arpa/nameser.h
configure:14873: result: yes
configure:14873: checking for netdb.h
configure:14873: x86_64-linux-gnu-gcc -c -g -O2 -ffile-prefix-map=/sonic/src/ntp/ntp-4.2.8p15=. -fstack-protector-strong -Wformat -Werror=format-security -fno-strict-aliasing -fcommon -Wdate-time -D_FORTIFY_SOURCE=2 -D_GNU_SOURCE conftest.c >&5
configure:14873: $? = 0
configure:14873: result: yes
configure:14873: checking for resolv.h
configure:14873: result: yes
configure:14899: checking for res_init
configure:14899: x86_64-linux-gnu-gcc -o conftest -g -O2 -ffile-prefix-map=/sonic/src/ntp/ntp-4.2.8p15=. -fstack-protector-strong -Wformat -Werror=format-security -fno-strict-aliasing -fcommon -Wdate-time -D_FORTIFY_SOURCE=2 -D_GNU_SOURCE -Wl,-z,relro -Wl,--as-needed conftest.c  -lcap >&5
/usr/bin/ld: /tmp/ccI5Lv6e.o: in function `main':
./sntp/conftest.c:151: undefined reference to `res_init'
collect2: error: ld returned 1 exit status
configure:14899: $? = 1
configure: failed program was:
| /* confdefs.h */
| #define PACKAGE_NAME "sntp"
| #define PACKAGE_TARNAME "sntp"
| #define PACKAGE_VERSION "4.2.8p15"
| #define PACKAGE_STRING "sntp 4.2.8p15"
| #define PACKAGE_BUGREPORT "http://bugs.ntp.org./"
| #define PACKAGE_URL "http://www.ntp.org./"
| #define PACKAGE "sntp"
| #define VERSION "4.2.8p15"
| #define STR_SYSTEM "x86_64-pc-linux-gnu"
| #define STDC_HEADERS 1
| #define HAVE_SYS_TYPES_H 1
| #define HAVE_SYS_STAT_H 1
| #define HAVE_STDLIB_H 1
| #define HAVE_STRING_H 1
| #define HAVE_MEMORY_H 1
| #define HAVE_STRINGS_H 1
| #define HAVE_INTTYPES_H 1
| #define HAVE_STDINT_H 1
| #define HAVE_UNISTD_H 1
| #define __EXTENSIONS__ 1
| #define _ALL_SOURCE 1
| #define _GNU_SOURCE 1
| #define _POSIX_PTHREAD_SEMANTICS 1
| #define _TANDEM_SOURCE 1
| #define HAVE___ATTRIBUTE__ /**/
| #define HAVE_STDARG_H 1
| #define HAVE_UNSIGNED_LONG_LONG_INT 1
| #define HAVE_VSNPRINTF 1
| #define HAVE_SNPRINTF 1
| #define DIR_SEP '/'
| #define HAVE_READLINE_READLINE_H 1
| #define HAVE_HISTEDIT_H 1
| #define HAVE_READLINE_HISTORY_H 1
| #define EL_INIT_ARGS 4
| #define HAVE_READLINE_HISTORY 1
| #define HAVE_FORK 1
| #define HAVE_VFORK 1
| #define HAVE_WORKING_VFORK 1
| #define HAVE_WORKING_FORK 1
| #define HAVE_ALLOCA_H 1
| #define HAVE_ALLOCA 1
| #define HAVE_DECL_STRERROR_R 1
| #define HAVE_STRERROR_R 1
| #define STRERROR_R_CHAR_P 1
| #define HAVE_CLOCK_GETRES 1
| #define HAVE_CLOCK_GETTIME 1
| #define HAVE_CLOCK_SETTIME 1
| #define HAVE_TIMEGM 1
| #define HAVE_ERRNO_H 1
| #define HAVE_SYS_SOCKET_H 1
| #define HAVE_SYS_TYPES_H 1
| #define HAVE_TIME_H 1
| #define HAVE_NET_IF_H 1
| #define HAVE_LINUX_IF_ADDR_H 1
| #define NEED_EARLY_FORK 1
| #define HAVE_ARPA_NAMESER_H 1
| #define HAVE_SYS_PARAM_H 1
| #define HAVE_SYS_TIME_H 1
| #define HAVE_SYS_SYSCTL_H 1
| #define HAVE_NETINET_IN_SYSTM_H 1
| #define HAVE_NETINET_IN_H 1
| #define HAVE_RESOLV_H 1
| #define HAVE_NETINET_IP_H 1
| #define HAVE_RECVMSG 1
| #define HAVE_INLINE 1
| #define TIME_WITH_SYS_TIME 1
| #define SIZEOF_TIME_T 8
| #define SIZEOF_SIGNED_CHAR 1
| #define HAVE_LONG_LONG 1
| #define SIZEOF_SHORT 2
| #define SIZEOF_INT 4
| #define SIZEOF_LONG 8
| #define SIZEOF_LONG_LONG 8
| #define NEED_S_CHAR_TYPEDEF 1
| #define DEBUG 1
| #define HAVE_SEMAPHORE_H 1
| #define HAVE_SOCKETPAIR 1
| #define HAVE_PTHREAD_H 1
| #define HAVE_PTHREADS 10
| #define HAVE_SCHED_H 1
| #define HAVE_SCHED_YIELD 1
| #define HAVE_PTHREAD_YIELD 1
| #define HAVE_PTHREAD_KILL 1
| #define HAVE_PTHREAD_RWLOCK_DESTROY 1
| #define HAVE_PTHREAD_DETACH 1
| #define HAVE_PTHREAD_SETCONCURRENCY 1
| #define HAVE_PTHREAD_GETCONCURRENCY 1
| #define HAVE_YIELDING_SELECT 1
| #define REENTRANT 1
| #define _REENTRANT 1
| #define THREAD_SAFE 1
| #define _THREAD_SAFE 1
| #define THREADSAFE 1
| #define _THREADSAFE 1
| #define _SGI_MP_SOURCE 1
| #define LDAP_API_FEATURE_X_OPENLDAP_THREAD_SAFE 1
| #define HAVE_SEM_TIMEDWAIT 1
| #define SIZEOF_PTHREAD_T 8
| #define ISC_PLATFORM_USETHREADS 1
| #define HAVE_SIGWAIT 1
| #define HAVE_PTHREAD_ATTR_GETSTACKSIZE 1
| #define HAVE_PTHREAD_ATTR_SETSTACKSIZE 1
| #define HAVE_SYSCONF 1
| #define HAVE_LINUXTHREADS 1
| #define VSNPRINTF_PERCENT_M 1
| #define HAVE_SYS_CAPABILITY_H 1
| #define HAVE_SYS_PRCTL_H 1
| #define HAVE_LINUX_CAPABILITIES 1
| #define HAVE_DROPROOT 1
| #define HAVE_SYS_TYPES_H 1
| #define HAVE_NETINET_IN_H 1
| #define HAVE_ARPA_NAMESER_H 1
| #define HAVE_NETDB_H 1
| #define HAVE_RESOLV_H 1
| /* end confdefs.h.  */
| /* Define res_init to an innocuous variant, in case <limits.h> declares res_init.
|    For example, HP-UX 11i <limits.h> declares gettimeofday.  */
| #define res_init innocuous_res_init
| 
| /* System header to define __stub macros and hopefully few prototypes,
|     which can conflict with char res_init (); below.
|     Prefer <limits.h> to <assert.h> if __STDC__ is defined, since
|     <limits.h> exists even on freestanding compilers.  */
| 
| #ifdef __STDC__
| # include <limits.h>
| #else
| # include <assert.h>
| #endif
| 
| #undef res_init
| 
| /* Override any GCC internal prototype to avoid an error.
|    Use char because int might match the return type of a GCC
|    builtin and then its argument prototype would still apply.  */
| #ifdef __cplusplus
| extern "C"
| #endif
| char res_init ();
| /* The GNU C library defines this for functions which it implements
|     to always fail with ENOSYS.  Some functions are actually named
|     something starting with __ and the normal name is an alias.  */
| #if defined __stub_res_init || defined __stub___res_init
| choke me
| #endif
| 
| int
| main ()
| {
| return res_init ();
|   ;
|   return 0;
| }
configure:14899: result: no
configure:14908: checking for __res_init
configure:14908: x86_64-linux-gnu-gcc -o conftest -g -O2 -ffile-prefix-map=/sonic/src/ntp/ntp-4.2.8p15=. -fstack-protector-strong -Wformat -Werror=format-security -fno-strict-aliasing -fcommon -Wdate-time -D_FORTIFY_SOURCE=2 -D_GNU_SOURCE -Wl,-z,relro -Wl,--as-needed conftest.c  -lcap >&5
configure:14908: $? = 0
configure:14908: result: yes
configure:14922: checking for inet_ntop
configure:14922: x86_64-linux-gnu-gcc -o conftest -g -O2 -ffile-prefix-map=/sonic/src/ntp/ntp-4.2.8p15=. -fstack-protector-strong -Wformat -Werror=format-security -fno-strict-aliasing -fcommon -Wdate-time -D_FORTIFY_SOURCE=2 -D_GNU_SOURCE -Wl,-z,relro -Wl,--as-needed conftest.c  -lcap >&5
configure:14922: $? = 0
configure:14922: result: yes
configure:14931: checking for inet_pton
configure:14931: x86_64-linux-gnu-gcc -o conftest -g -O2 -ffile-prefix-map=/sonic/src/ntp/ntp-4.2.8p15=. -fstack-protector-strong -Wformat -Werror=format-security -fno-strict-aliasing -fcommon -Wdate-time -D_FORTIFY_SOURCE=2 -D_GNU_SOURCE -Wl,-z,relro -Wl,--as-needed conftest.c  -lcap >&5
configure:14931: $? = 0
configure:14931: result: yes
configure:14941: checking for uintptr_t
configure:14941: x86_64-linux-gnu-gcc -c -g -O2 -ffile-prefix-map=/sonic/src/ntp/ntp-4.2.8p15=. -fstack-protector-strong -Wformat -Werror=format-security -fno-strict-aliasing -fcommon -Wdate-time -D_FORTIFY_SOURCE=2 -D_GNU_SOURCE conftest.c >&5
configure:14941: $? = 0
configure:14941: x86_64-linux-gnu-gcc -c -g -O2 -ffile-prefix-map=/sonic/src/ntp/ntp-4.2.8p15=. -fstack-protector-strong -Wformat -Werror=format-security -fno-strict-aliasing -fcommon -Wdate-time -D_FORTIFY_SOURCE=2 -D_GNU_SOURCE conftest.c >&5
conftest.c: In function 'main':
conftest.c:154:24: error: expected expression before ')' token
  154 | if (sizeof ((uintptr_t)))
      |                        ^
configure:14941: $? = 1
configure: failed program was:
| /* confdefs.h */
| #define PACKAGE_NAME "sntp"
| #define PACKAGE_TARNAME "sntp"
| #define PACKAGE_VERSION "4.2.8p15"
| #define PACKAGE_STRING "sntp 4.2.8p15"
| #define PACKAGE_BUGREPORT "http://bugs.ntp.org./"
| #define PACKAGE_URL "http://www.ntp.org./"
| #define PACKAGE "sntp"
| #define VERSION "4.2.8p15"
| #define STR_SYSTEM "x86_64-pc-linux-gnu"
| #define STDC_HEADERS 1
| #define HAVE_SYS_TYPES_H 1
| #define HAVE_SYS_STAT_H 1
| #define HAVE_STDLIB_H 1
| #define HAVE_STRING_H 1
| #define HAVE_MEMORY_H 1
| #define HAVE_STRINGS_H 1
| #define HAVE_INTTYPES_H 1
| #define HAVE_STDINT_H 1
| #define HAVE_UNISTD_H 1
| #define __EXTENSIONS__ 1
| #define _ALL_SOURCE 1
| #define _GNU_SOURCE 1
| #define _POSIX_PTHREAD_SEMANTICS 1
| #define _TANDEM_SOURCE 1
| #define HAVE___ATTRIBUTE__ /**/
| #define HAVE_STDARG_H 1
| #define HAVE_UNSIGNED_LONG_LONG_INT 1
| #define HAVE_VSNPRINTF 1
| #define HAVE_SNPRINTF 1
| #define DIR_SEP '/'
| #define HAVE_READLINE_READLINE_H 1
| #define HAVE_HISTEDIT_H 1
| #define HAVE_READLINE_HISTORY_H 1
| #define EL_INIT_ARGS 4
| #define HAVE_READLINE_HISTORY 1
| #define HAVE_FORK 1
| #define HAVE_VFORK 1
| #define HAVE_WORKING_VFORK 1
| #define HAVE_WORKING_FORK 1
| #define HAVE_ALLOCA_H 1
| #define HAVE_ALLOCA 1
| #define HAVE_DECL_STRERROR_R 1
| #define HAVE_STRERROR_R 1
| #define STRERROR_R_CHAR_P 1
| #define HAVE_CLOCK_GETRES 1
| #define HAVE_CLOCK_GETTIME 1
| #define HAVE_CLOCK_SETTIME 1
| #define HAVE_TIMEGM 1
| #define HAVE_ERRNO_H 1
| #define HAVE_SYS_SOCKET_H 1
| #define HAVE_SYS_TYPES_H 1
| #define HAVE_TIME_H 1
| #define HAVE_NET_IF_H 1
| #define HAVE_LINUX_IF_ADDR_H 1
| #define NEED_EARLY_FORK 1
| #define HAVE_ARPA_NAMESER_H 1
| #define HAVE_SYS_PARAM_H 1
| #define HAVE_SYS_TIME_H 1
| #define HAVE_SYS_SYSCTL_H 1
| #define HAVE_NETINET_IN_SYSTM_H 1
| #define HAVE_NETINET_IN_H 1
| #define HAVE_RESOLV_H 1
| #define HAVE_NETINET_IP_H 1
| #define HAVE_RECVMSG 1
| #define HAVE_INLINE 1
| #define TIME_WITH_SYS_TIME 1
| #define SIZEOF_TIME_T 8
| #define SIZEOF_SIGNED_CHAR 1
| #define HAVE_LONG_LONG 1
| #define SIZEOF_SHORT 2
| #define SIZEOF_INT 4
| #define SIZEOF_LONG 8
| #define SIZEOF_LONG_LONG 8
| #define NEED_S_CHAR_TYPEDEF 1
| #define DEBUG 1
| #define HAVE_SEMAPHORE_H 1
| #define HAVE_SOCKETPAIR 1
| #define HAVE_PTHREAD_H 1
| #define HAVE_PTHREADS 10
| #define HAVE_SCHED_H 1
| #define HAVE_SCHED_YIELD 1
| #define HAVE_PTHREAD_YIELD 1
| #define HAVE_PTHREAD_KILL 1
| #define HAVE_PTHREAD_RWLOCK_DESTROY 1
| #define HAVE_PTHREAD_DETACH 1
| #define HAVE_PTHREAD_SETCONCURRENCY 1
| #define HAVE_PTHREAD_GETCONCURRENCY 1
| #define HAVE_YIELDING_SELECT 1
| #define REENTRANT 1
| #define _REENTRANT 1
| #define THREAD_SAFE 1
| #define _THREAD_SAFE 1
| #define THREADSAFE 1
| #define _THREADSAFE 1
| #define _SGI_MP_SOURCE 1
| #define LDAP_API_FEATURE_X_OPENLDAP_THREAD_SAFE 1
| #define HAVE_SEM_TIMEDWAIT 1
| #define SIZEOF_PTHREAD_T 8
| #define ISC_PLATFORM_USETHREADS 1
| #define HAVE_SIGWAIT 1
| #define HAVE_PTHREAD_ATTR_GETSTACKSIZE 1
| #define HAVE_PTHREAD_ATTR_SETSTACKSIZE 1
| #define HAVE_SYSCONF 1
| #define HAVE_LINUXTHREADS 1
| #define VSNPRINTF_PERCENT_M 1
| #define HAVE_SYS_CAPABILITY_H 1
| #define HAVE_SYS_PRCTL_H 1
| #define HAVE_LINUX_CAPABILITIES 1
| #define HAVE_DROPROOT 1
| #define HAVE_SYS_TYPES_H 1
| #define HAVE_NETINET_IN_H 1
| #define HAVE_ARPA_NAMESER_H 1
| #define HAVE_NETDB_H 1
| #define HAVE_RESOLV_H 1
| #define HAVE___RES_INIT 1
| /* end confdefs.h.  */
| #include <stdio.h>
| #ifdef HAVE_SYS_TYPES_H
| # include <sys/types.h>
| #endif
| #ifdef HAVE_SYS_STAT_H
| # include <sys/stat.h>
| #endif
| #ifdef STDC_HEADERS
| # include <stdlib.h>
| # include <stddef.h>
| #else
| # ifdef HAVE_STDLIB_H
| #  include <stdlib.h>
| # endif
| #endif
| #ifdef HAVE_STRING_H
| # if !defined STDC_HEADERS && defined HAVE_MEMORY_H
| #  include <memory.h>
| # endif
| # include <string.h>
| #endif
| #ifdef HAVE_STRINGS_H
| # include <strings.h>
| #endif
| #ifdef HAVE_INTTYPES_H
| # include <inttypes.h>
| #endif
| #ifdef HAVE_STDINT_H
| # include <stdint.h>
| #endif
| #ifdef HAVE_UNISTD_H
| # include <unistd.h>
| #endif
| int
| main ()
| {
| if (sizeof ((uintptr_t)))
| 	    return 0;
|   ;
|   return 0;
| }
configure:14941: result: yes
configure:14950: checking for int32
configure:14950: x86_64-linux-gnu-gcc -c -g -O2 -ffile-prefix-map=/sonic/src/ntp/ntp-4.2.8p15=. -fstack-protector-strong -Wformat -Werror=format-security -fno-strict-aliasing -fcommon -Wdate-time -D_FORTIFY_SOURCE=2 -D_GNU_SOURCE conftest.c >&5
conftest.c: In function 'main':
conftest.c:155:13: error: 'int32' undeclared (first use in this function); did you mean 'int32_t'?
  155 | if (sizeof (int32))
      |             ^~~~~
      |             int32_t
conftest.c:155:13: note: each undeclared identifier is reported only once for each function it appears in
configure:14950: $? = 1
configure: failed program was:
| /* confdefs.h */
| #define PACKAGE_NAME "sntp"
| #define PACKAGE_TARNAME "sntp"
| #define PACKAGE_VERSION "4.2.8p15"
| #define PACKAGE_STRING "sntp 4.2.8p15"
| #define PACKAGE_BUGREPORT "http://bugs.ntp.org./"
| #define PACKAGE_URL "http://www.ntp.org./"
| #define PACKAGE "sntp"
| #define VERSION "4.2.8p15"
| #define STR_SYSTEM "x86_64-pc-linux-gnu"
| #define STDC_HEADERS 1
| #define HAVE_SYS_TYPES_H 1
| #define HAVE_SYS_STAT_H 1
| #define HAVE_STDLIB_H 1
| #define HAVE_STRING_H 1
| #define HAVE_MEMORY_H 1
| #define HAVE_STRINGS_H 1
| #define HAVE_INTTYPES_H 1
| #define HAVE_STDINT_H 1
| #define HAVE_UNISTD_H 1
| #define __EXTENSIONS__ 1
| #define _ALL_SOURCE 1
| #define _GNU_SOURCE 1
| #define _POSIX_PTHREAD_SEMANTICS 1
| #define _TANDEM_SOURCE 1
| #define HAVE___ATTRIBUTE__ /**/
| #define HAVE_STDARG_H 1
| #define HAVE_UNSIGNED_LONG_LONG_INT 1
| #define HAVE_VSNPRINTF 1
| #define HAVE_SNPRINTF 1
| #define DIR_SEP '/'
| #define HAVE_READLINE_READLINE_H 1
| #define HAVE_HISTEDIT_H 1
| #define HAVE_READLINE_HISTORY_H 1
| #define EL_INIT_ARGS 4
| #define HAVE_READLINE_HISTORY 1
| #define HAVE_FORK 1
| #define HAVE_VFORK 1
| #define HAVE_WORKING_VFORK 1
| #define HAVE_WORKING_FORK 1
| #define HAVE_ALLOCA_H 1
| #define HAVE_ALLOCA 1
| #define HAVE_DECL_STRERROR_R 1
| #define HAVE_STRERROR_R 1
| #define STRERROR_R_CHAR_P 1
| #define HAVE_CLOCK_GETRES 1
| #define HAVE_CLOCK_GETTIME 1
| #define HAVE_CLOCK_SETTIME 1
| #define HAVE_TIMEGM 1
| #define HAVE_ERRNO_H 1
| #define HAVE_SYS_SOCKET_H 1
| #define HAVE_SYS_TYPES_H 1
| #define HAVE_TIME_H 1
| #define HAVE_NET_IF_H 1
| #define HAVE_LINUX_IF_ADDR_H 1
| #define NEED_EARLY_FORK 1
| #define HAVE_ARPA_NAMESER_H 1
| #define HAVE_SYS_PARAM_H 1
| #define HAVE_SYS_TIME_H 1
| #define HAVE_SYS_SYSCTL_H 1
| #define HAVE_NETINET_IN_SYSTM_H 1
| #define HAVE_NETINET_IN_H 1
| #define HAVE_RESOLV_H 1
| #define HAVE_NETINET_IP_H 1
| #define HAVE_RECVMSG 1
| #define HAVE_INLINE 1
| #define TIME_WITH_SYS_TIME 1
| #define SIZEOF_TIME_T 8
| #define SIZEOF_SIGNED_CHAR 1
| #define HAVE_LONG_LONG 1
| #define SIZEOF_SHORT 2
| #define SIZEOF_INT 4
| #define SIZEOF_LONG 8
| #define SIZEOF_LONG_LONG 8
| #define NEED_S_CHAR_TYPEDEF 1
| #define DEBUG 1
| #define HAVE_SEMAPHORE_H 1
| #define HAVE_SOCKETPAIR 1
| #define HAVE_PTHREAD_H 1
| #define HAVE_PTHREADS 10
| #define HAVE_SCHED_H 1
| #define HAVE_SCHED_YIELD 1
| #define HAVE_PTHREAD_YIELD 1
| #define HAVE_PTHREAD_KILL 1
| #define HAVE_PTHREAD_RWLOCK_DESTROY 1
| #define HAVE_PTHREAD_DETACH 1
| #define HAVE_PTHREAD_SETCONCURRENCY 1
| #define HAVE_PTHREAD_GETCONCURRENCY 1
| #define HAVE_YIELDING_SELECT 1
| #define REENTRANT 1
| #define _REENTRANT 1
| #define THREAD_SAFE 1
| #define _THREAD_SAFE 1
| #define THREADSAFE 1
| #define _THREADSAFE 1
| #define _SGI_MP_SOURCE 1
| #define LDAP_API_FEATURE_X_OPENLDAP_THREAD_SAFE 1
| #define HAVE_SEM_TIMEDWAIT 1
| #define SIZEOF_PTHREAD_T 8
| #define ISC_PLATFORM_USETHREADS 1
| #define HAVE_SIGWAIT 1
| #define HAVE_PTHREAD_ATTR_GETSTACKSIZE 1
| #define HAVE_PTHREAD_ATTR_SETSTACKSIZE 1
| #define HAVE_SYSCONF 1
| #define HAVE_LINUXTHREADS 1
| #define VSNPRINTF_PERCENT_M 1
| #define HAVE_SYS_CAPABILITY_H 1
| #define HAVE_SYS_PRCTL_H 1
| #define HAVE_LINUX_CAPABILITIES 1
| #define HAVE_DROPROOT 1
| #define HAVE_SYS_TYPES_H 1
| #define HAVE_NETINET_IN_H 1
| #define HAVE_ARPA_NAMESER_H 1
| #define HAVE_NETDB_H 1
| #define HAVE_RESOLV_H 1
| #define HAVE___RES_INIT 1
| #define HAVE_UINTPTR_T 1
| /* end confdefs.h.  */
| #include <stdio.h>
| #ifdef HAVE_SYS_TYPES_H
| # include <sys/types.h>
| #endif
| #ifdef HAVE_SYS_STAT_H
| # include <sys/stat.h>
| #endif
| #ifdef STDC_HEADERS
| # include <stdlib.h>
| # include <stddef.h>
| #else
| # ifdef HAVE_STDLIB_H
| #  include <stdlib.h>
| # endif
| #endif
| #ifdef HAVE_STRING_H
| # if !defined STDC_HEADERS && defined HAVE_MEMORY_H
| #  include <memory.h>
| # endif
| # include <string.h>
| #endif
| #ifdef HAVE_STRINGS_H
| # include <strings.h>
| #endif
| #ifdef HAVE_INTTYPES_H
| # include <inttypes.h>
| #endif
| #ifdef HAVE_STDINT_H
| # include <stdint.h>
| #endif
| #ifdef HAVE_UNISTD_H
| # include <unistd.h>
| #endif
| int
| main ()
| {
| if (sizeof (int32))
| 	 return 0;
|   ;
|   return 0;
| }
configure:14950: result: no
configure:14959: checking for u_int32
configure:14959: x86_64-linux-gnu-gcc -c -g -O2 -ffile-prefix-map=/sonic/src/ntp/ntp-4.2.8p15=. -fstack-protector-strong -Wformat -Werror=format-security -fno-strict-aliasing -fcommon -Wdate-time -D_FORTIFY_SOURCE=2 -D_GNU_SOURCE conftest.c >&5
conftest.c: In function 'main':
conftest.c:155:13: error: 'u_int32' undeclared (first use in this function); did you mean 'u_int32_t'?
  155 | if (sizeof (u_int32))
      |             ^~~~~~~
      |             u_int32_t
conftest.c:155:13: note: each undeclared identifier is reported only once for each function it appears in
configure:14959: $? = 1
configure: failed program was:
| /* confdefs.h */
| #define PACKAGE_NAME "sntp"
| #define PACKAGE_TARNAME "sntp"
| #define PACKAGE_VERSION "4.2.8p15"
| #define PACKAGE_STRING "sntp 4.2.8p15"
| #define PACKAGE_BUGREPORT "http://bugs.ntp.org./"
| #define PACKAGE_URL "http://www.ntp.org./"
| #define PACKAGE "sntp"
| #define VERSION "4.2.8p15"
| #define STR_SYSTEM "x86_64-pc-linux-gnu"
| #define STDC_HEADERS 1
| #define HAVE_SYS_TYPES_H 1
| #define HAVE_SYS_STAT_H 1
| #define HAVE_STDLIB_H 1
| #define HAVE_STRING_H 1
| #define HAVE_MEMORY_H 1
| #define HAVE_STRINGS_H 1
| #define HAVE_INTTYPES_H 1
| #define HAVE_STDINT_H 1
| #define HAVE_UNISTD_H 1
| #define __EXTENSIONS__ 1
| #define _ALL_SOURCE 1
| #define _GNU_SOURCE 1
| #define _POSIX_PTHREAD_SEMANTICS 1
| #define _TANDEM_SOURCE 1
| #define HAVE___ATTRIBUTE__ /**/
| #define HAVE_STDARG_H 1
| #define HAVE_UNSIGNED_LONG_LONG_INT 1
| #define HAVE_VSNPRINTF 1
| #define HAVE_SNPRINTF 1
| #define DIR_SEP '/'
| #define HAVE_READLINE_READLINE_H 1
| #define HAVE_HISTEDIT_H 1
| #define HAVE_READLINE_HISTORY_H 1
| #define EL_INIT_ARGS 4
| #define HAVE_READLINE_HISTORY 1
| #define HAVE_FORK 1
| #define HAVE_VFORK 1
| #define HAVE_WORKING_VFORK 1
| #define HAVE_WORKING_FORK 1
| #define HAVE_ALLOCA_H 1
| #define HAVE_ALLOCA 1
| #define HAVE_DECL_STRERROR_R 1
| #define HAVE_STRERROR_R 1
| #define STRERROR_R_CHAR_P 1
| #define HAVE_CLOCK_GETRES 1
| #define HAVE_CLOCK_GETTIME 1
| #define HAVE_CLOCK_SETTIME 1
| #define HAVE_TIMEGM 1
| #define HAVE_ERRNO_H 1
| #define HAVE_SYS_SOCKET_H 1
| #define HAVE_SYS_TYPES_H 1
| #define HAVE_TIME_H 1
| #define HAVE_NET_IF_H 1
| #define HAVE_LINUX_IF_ADDR_H 1
| #define NEED_EARLY_FORK 1
| #define HAVE_ARPA_NAMESER_H 1
| #define HAVE_SYS_PARAM_H 1
| #define HAVE_SYS_TIME_H 1
| #define HAVE_SYS_SYSCTL_H 1
| #define HAVE_NETINET_IN_SYSTM_H 1
| #define HAVE_NETINET_IN_H 1
| #define HAVE_RESOLV_H 1
| #define HAVE_NETINET_IP_H 1
| #define HAVE_RECVMSG 1
| #define HAVE_INLINE 1
| #define TIME_WITH_SYS_TIME 1
| #define SIZEOF_TIME_T 8
| #define SIZEOF_SIGNED_CHAR 1
| #define HAVE_LONG_LONG 1
| #define SIZEOF_SHORT 2
| #define SIZEOF_INT 4
| #define SIZEOF_LONG 8
| #define SIZEOF_LONG_LONG 8
| #define NEED_S_CHAR_TYPEDEF 1
| #define DEBUG 1
| #define HAVE_SEMAPHORE_H 1
| #define HAVE_SOCKETPAIR 1
| #define HAVE_PTHREAD_H 1
| #define HAVE_PTHREADS 10
| #define HAVE_SCHED_H 1
| #define HAVE_SCHED_YIELD 1
| #define HAVE_PTHREAD_YIELD 1
| #define HAVE_PTHREAD_KILL 1
| #define HAVE_PTHREAD_RWLOCK_DESTROY 1
| #define HAVE_PTHREAD_DETACH 1
| #define HAVE_PTHREAD_SETCONCURRENCY 1
| #define HAVE_PTHREAD_GETCONCURRENCY 1
| #define HAVE_YIELDING_SELECT 1
| #define REENTRANT 1
| #define _REENTRANT 1
| #define THREAD_SAFE 1
| #define _THREAD_SAFE 1
| #define THREADSAFE 1
| #define _THREADSAFE 1
| #define _SGI_MP_SOURCE 1
| #define LDAP_API_FEATURE_X_OPENLDAP_THREAD_SAFE 1
| #define HAVE_SEM_TIMEDWAIT 1
| #define SIZEOF_PTHREAD_T 8
| #define ISC_PLATFORM_USETHREADS 1
| #define HAVE_SIGWAIT 1
| #define HAVE_PTHREAD_ATTR_GETSTACKSIZE 1
| #define HAVE_PTHREAD_ATTR_SETSTACKSIZE 1
| #define HAVE_SYSCONF 1
| #define HAVE_LINUXTHREADS 1
| #define VSNPRINTF_PERCENT_M 1
| #define HAVE_SYS_CAPABILITY_H 1
| #define HAVE_SYS_PRCTL_H 1
| #define HAVE_LINUX_CAPABILITIES 1
| #define HAVE_DROPROOT 1
| #define HAVE_SYS_TYPES_H 1
| #define HAVE_NETINET_IN_H 1
| #define HAVE_ARPA_NAMESER_H 1
| #define HAVE_NETDB_H 1
| #define HAVE_RESOLV_H 1
| #define HAVE___RES_INIT 1
| #define HAVE_UINTPTR_T 1
| /* end confdefs.h.  */
| #include <stdio.h>
| #ifdef HAVE_SYS_TYPES_H
| # include <sys/types.h>
| #endif
| #ifdef HAVE_SYS_STAT_H
| # include <sys/stat.h>
| #endif
| #ifdef STDC_HEADERS
| # include <stdlib.h>
| # include <stddef.h>
| #else
| # ifdef HAVE_STDLIB_H
| #  include <stdlib.h>
| # endif
| #endif
| #ifdef HAVE_STRING_H
| # if !defined STDC_HEADERS && defined HAVE_MEMORY_H
| #  include <memory.h>
| # endif
| # include <string.h>
| #endif
| #ifdef HAVE_STRINGS_H
| # include <strings.h>
| #endif
| #ifdef HAVE_INTTYPES_H
| # include <inttypes.h>
| #endif
| #ifdef HAVE_STDINT_H
| # include <stdint.h>
| #endif
| #ifdef HAVE_UNISTD_H
| # include <unistd.h>
| #endif
| int
| main ()
| {
| if (sizeof (u_int32))
| 	 return 0;
|   ;
|   return 0;
| }
configure:14959: result: no
configure:14974: checking for int32 with DNS headers included
configure:14998: x86_64-linux-gnu-gcc -c -g -O2 -ffile-prefix-map=/sonic/src/ntp/ntp-4.2.8p15=. -fstack-protector-strong -Wformat -Werror=format-security -fno-strict-aliasing -fcommon -Wdate-time -D_FORTIFY_SOURCE=2 -D_GNU_SOURCE conftest.c >&5
conftest.c: In function 'main':
conftest.c:129:26: error: 'int32' undeclared (first use in this function); did you mean 'int32_t'?
  129 |       size_t cb = sizeof(int32);
      |                          ^~~~~
      |                          int32_t
conftest.c:129:26: note: each undeclared identifier is reported only once for each function it appears in
configure:14998: $? = 1
configure: failed program was:
| /* confdefs.h */
| #define PACKAGE_NAME "sntp"
| #define PACKAGE_TARNAME "sntp"
| #define PACKAGE_VERSION "4.2.8p15"
| #define PACKAGE_STRING "sntp 4.2.8p15"
| #define PACKAGE_BUGREPORT "http://bugs.ntp.org./"
| #define PACKAGE_URL "http://www.ntp.org./"
| #define PACKAGE "sntp"
| #define VERSION "4.2.8p15"
| #define STR_SYSTEM "x86_64-pc-linux-gnu"
| #define STDC_HEADERS 1
| #define HAVE_SYS_TYPES_H 1
| #define HAVE_SYS_STAT_H 1
| #define HAVE_STDLIB_H 1
| #define HAVE_STRING_H 1
| #define HAVE_MEMORY_H 1
| #define HAVE_STRINGS_H 1
| #define HAVE_INTTYPES_H 1
| #define HAVE_STDINT_H 1
| #define HAVE_UNISTD_H 1
| #define __EXTENSIONS__ 1
| #define _ALL_SOURCE 1
| #define _GNU_SOURCE 1
| #define _POSIX_PTHREAD_SEMANTICS 1
| #define _TANDEM_SOURCE 1
| #define HAVE___ATTRIBUTE__ /**/
| #define HAVE_STDARG_H 1
| #define HAVE_UNSIGNED_LONG_LONG_INT 1
| #define HAVE_VSNPRINTF 1
| #define HAVE_SNPRINTF 1
| #define DIR_SEP '/'
| #define HAVE_READLINE_READLINE_H 1
| #define HAVE_HISTEDIT_H 1
| #define HAVE_READLINE_HISTORY_H 1
| #define EL_INIT_ARGS 4
| #define HAVE_READLINE_HISTORY 1
| #define HAVE_FORK 1
| #define HAVE_VFORK 1
| #define HAVE_WORKING_VFORK 1
| #define HAVE_WORKING_FORK 1
| #define HAVE_ALLOCA_H 1
| #define HAVE_ALLOCA 1
| #define HAVE_DECL_STRERROR_R 1
| #define HAVE_STRERROR_R 1
| #define STRERROR_R_CHAR_P 1
| #define HAVE_CLOCK_GETRES 1
| #define HAVE_CLOCK_GETTIME 1
| #define HAVE_CLOCK_SETTIME 1
| #define HAVE_TIMEGM 1
| #define HAVE_ERRNO_H 1
| #define HAVE_SYS_SOCKET_H 1
| #define HAVE_SYS_TYPES_H 1
| #define HAVE_TIME_H 1
| #define HAVE_NET_IF_H 1
| #define HAVE_LINUX_IF_ADDR_H 1
| #define NEED_EARLY_FORK 1
| #define HAVE_ARPA_NAMESER_H 1
| #define HAVE_SYS_PARAM_H 1
| #define HAVE_SYS_TIME_H 1
| #define HAVE_SYS_SYSCTL_H 1
| #define HAVE_NETINET_IN_SYSTM_H 1
| #define HAVE_NETINET_IN_H 1
| #define HAVE_RESOLV_H 1
| #define HAVE_NETINET_IP_H 1
| #define HAVE_RECVMSG 1
| #define HAVE_INLINE 1
| #define TIME_WITH_SYS_TIME 1
| #define SIZEOF_TIME_T 8
| #define SIZEOF_SIGNED_CHAR 1
| #define HAVE_LONG_LONG 1
| #define SIZEOF_SHORT 2
| #define SIZEOF_INT 4
| #define SIZEOF_LONG 8
| #define SIZEOF_LONG_LONG 8
| #define NEED_S_CHAR_TYPEDEF 1
| #define DEBUG 1
| #define HAVE_SEMAPHORE_H 1
| #define HAVE_SOCKETPAIR 1
| #define HAVE_PTHREAD_H 1
| #define HAVE_PTHREADS 10
| #define HAVE_SCHED_H 1
| #define HAVE_SCHED_YIELD 1
| #define HAVE_PTHREAD_YIELD 1
| #define HAVE_PTHREAD_KILL 1
| #define HAVE_PTHREAD_RWLOCK_DESTROY 1
| #define HAVE_PTHREAD_DETACH 1
| #define HAVE_PTHREAD_SETCONCURRENCY 1
| #define HAVE_PTHREAD_GETCONCURRENCY 1
| #define HAVE_YIELDING_SELECT 1
| #define REENTRANT 1
| #define _REENTRANT 1
| #define THREAD_SAFE 1
| #define _THREAD_SAFE 1
| #define THREADSAFE 1
| #define _THREADSAFE 1
| #define _SGI_MP_SOURCE 1
| #define LDAP_API_FEATURE_X_OPENLDAP_THREAD_SAFE 1
| #define HAVE_SEM_TIMEDWAIT 1
| #define SIZEOF_PTHREAD_T 8
| #define ISC_PLATFORM_USETHREADS 1
| #define HAVE_SIGWAIT 1
| #define HAVE_PTHREAD_ATTR_GETSTACKSIZE 1
| #define HAVE_PTHREAD_ATTR_SETSTACKSIZE 1
| #define HAVE_SYSCONF 1
| #define HAVE_LINUXTHREADS 1
| #define VSNPRINTF_PERCENT_M 1
| #define HAVE_SYS_CAPABILITY_H 1
| #define HAVE_SYS_PRCTL_H 1
| #define HAVE_LINUX_CAPABILITIES 1
| #define HAVE_DROPROOT 1
| #define HAVE_SYS_TYPES_H 1
| #define HAVE_NETINET_IN_H 1
| #define HAVE_ARPA_NAMESER_H 1
| #define HAVE_NETDB_H 1
| #define HAVE_RESOLV_H 1
| #define HAVE___RES_INIT 1
| #define HAVE_UINTPTR_T 1
| /* end confdefs.h.  */
| 
| 		    #ifdef HAVE_ARPA_NAMESER_H
| 		    # include <arpa/nameser.h>
| 		    #endif
| 		    #include <resolv.h>
| 
| int
| main ()
| {
| 
| 		    size_t cb = sizeof(int32);
| 
| 
|   ;
|   return 0;
| }
configure:15007: result: no
configure:15019: checking for u_int32 with DNS headers included
configure:15043: x86_64-linux-gnu-gcc -c -g -O2 -ffile-prefix-map=/sonic/src/ntp/ntp-4.2.8p15=. -fstack-protector-strong -Wformat -Werror=format-security -fno-strict-aliasing -fcommon -Wdate-time -D_FORTIFY_SOURCE=2 -D_GNU_SOURCE conftest.c >&5
conftest.c: In function 'main':
conftest.c:129:26: error: 'u_int32' undeclared (first use in this function); did you mean 'u_int32_t'?
  129 |       size_t cb = sizeof(u_int32);
      |                          ^~~~~~~
      |                          u_int32_t
conftest.c:129:26: note: each undeclared identifier is reported only once for each function it appears in
configure:15043: $? = 1
configure: failed program was:
| /* confdefs.h */
| #define PACKAGE_NAME "sntp"
| #define PACKAGE_TARNAME "sntp"
| #define PACKAGE_VERSION "4.2.8p15"
| #define PACKAGE_STRING "sntp 4.2.8p15"
| #define PACKAGE_BUGREPORT "http://bugs.ntp.org./"
| #define PACKAGE_URL "http://www.ntp.org./"
| #define PACKAGE "sntp"
| #define VERSION "4.2.8p15"
| #define STR_SYSTEM "x86_64-pc-linux-gnu"
| #define STDC_HEADERS 1
| #define HAVE_SYS_TYPES_H 1
| #define HAVE_SYS_STAT_H 1
| #define HAVE_STDLIB_H 1
| #define HAVE_STRING_H 1
| #define HAVE_MEMORY_H 1
| #define HAVE_STRINGS_H 1
| #define HAVE_INTTYPES_H 1
| #define HAVE_STDINT_H 1
| #define HAVE_UNISTD_H 1
| #define __EXTENSIONS__ 1
| #define _ALL_SOURCE 1
| #define _GNU_SOURCE 1
| #define _POSIX_PTHREAD_SEMANTICS 1
| #define _TANDEM_SOURCE 1
| #define HAVE___ATTRIBUTE__ /**/
| #define HAVE_STDARG_H 1
| #define HAVE_UNSIGNED_LONG_LONG_INT 1
| #define HAVE_VSNPRINTF 1
| #define HAVE_SNPRINTF 1
| #define DIR_SEP '/'
| #define HAVE_READLINE_READLINE_H 1
| #define HAVE_HISTEDIT_H 1
| #define HAVE_READLINE_HISTORY_H 1
| #define EL_INIT_ARGS 4
| #define HAVE_READLINE_HISTORY 1
| #define HAVE_FORK 1
| #define HAVE_VFORK 1
| #define HAVE_WORKING_VFORK 1
| #define HAVE_WORKING_FORK 1
| #define HAVE_ALLOCA_H 1
| #define HAVE_ALLOCA 1
| #define HAVE_DECL_STRERROR_R 1
| #define HAVE_STRERROR_R 1
| #define STRERROR_R_CHAR_P 1
| #define HAVE_CLOCK_GETRES 1
| #define HAVE_CLOCK_GETTIME 1
| #define HAVE_CLOCK_SETTIME 1
| #define HAVE_TIMEGM 1
| #define HAVE_ERRNO_H 1
| #define HAVE_SYS_SOCKET_H 1
| #define HAVE_SYS_TYPES_H 1
| #define HAVE_TIME_H 1
| #define HAVE_NET_IF_H 1
| #define HAVE_LINUX_IF_ADDR_H 1
| #define NEED_EARLY_FORK 1
| #define HAVE_ARPA_NAMESER_H 1
| #define HAVE_SYS_PARAM_H 1
| #define HAVE_SYS_TIME_H 1
| #define HAVE_SYS_SYSCTL_H 1
| #define HAVE_NETINET_IN_SYSTM_H 1
| #define HAVE_NETINET_IN_H 1
| #define HAVE_RESOLV_H 1
| #define HAVE_NETINET_IP_H 1
| #define HAVE_RECVMSG 1
| #define HAVE_INLINE 1
| #define TIME_WITH_SYS_TIME 1
| #define SIZEOF_TIME_T 8
| #define SIZEOF_SIGNED_CHAR 1
| #define HAVE_LONG_LONG 1
| #define SIZEOF_SHORT 2
| #define SIZEOF_INT 4
| #define SIZEOF_LONG 8
| #define SIZEOF_LONG_LONG 8
| #define NEED_S_CHAR_TYPEDEF 1
| #define DEBUG 1
| #define HAVE_SEMAPHORE_H 1
| #define HAVE_SOCKETPAIR 1
| #define HAVE_PTHREAD_H 1
| #define HAVE_PTHREADS 10
| #define HAVE_SCHED_H 1
| #define HAVE_SCHED_YIELD 1
| #define HAVE_PTHREAD_YIELD 1
| #define HAVE_PTHREAD_KILL 1
| #define HAVE_PTHREAD_RWLOCK_DESTROY 1
| #define HAVE_PTHREAD_DETACH 1
| #define HAVE_PTHREAD_SETCONCURRENCY 1
| #define HAVE_PTHREAD_GETCONCURRENCY 1
| #define HAVE_YIELDING_SELECT 1
| #define REENTRANT 1
| #define _REENTRANT 1
| #define THREAD_SAFE 1
| #define _THREAD_SAFE 1
| #define THREADSAFE 1
| #define _THREADSAFE 1
| #define _SGI_MP_SOURCE 1
| #define LDAP_API_FEATURE_X_OPENLDAP_THREAD_SAFE 1
| #define HAVE_SEM_TIMEDWAIT 1
| #define SIZEOF_PTHREAD_T 8
| #define ISC_PLATFORM_USETHREADS 1
| #define HAVE_SIGWAIT 1
| #define HAVE_PTHREAD_ATTR_GETSTACKSIZE 1
| #define HAVE_PTHREAD_ATTR_SETSTACKSIZE 1
| #define HAVE_SYSCONF 1
| #define HAVE_LINUXTHREADS 1
| #define VSNPRINTF_PERCENT_M 1
| #define HAVE_SYS_CAPABILITY_H 1
| #define HAVE_SYS_PRCTL_H 1
| #define HAVE_LINUX_CAPABILITIES 1
| #define HAVE_DROPROOT 1
| #define HAVE_SYS_TYPES_H 1
| #define HAVE_NETINET_IN_H 1
| #define HAVE_ARPA_NAMESER_H 1
| #define HAVE_NETDB_H 1
| #define HAVE_RESOLV_H 1
| #define HAVE___RES_INIT 1
| #define HAVE_UINTPTR_T 1
| /* end confdefs.h.  */
| 
| 		    #ifdef HAVE_ARPA_NAMESER_H
| 		    # include <arpa/nameser.h>
| 		    #endif
| 		    #include <resolv.h>
| 
| int
| main ()
| {
| 
| 		    size_t cb = sizeof(u_int32);
| 
| 
|   ;
|   return 0;
| }
configure:15052: result: no
configure:15064: checking for sys/timepps.h
configure:15064: x86_64-linux-gnu-gcc -c -g -O2 -ffile-prefix-map=/sonic/src/ntp/ntp-4.2.8p15=. -fstack-protector-strong -Wformat -Werror=format-security -fno-strict-aliasing -fcommon -Wdate-time -D_FORTIFY_SOURCE=2 -D_GNU_SOURCE conftest.c >&5
configure:15064: $? = 0
configure:15064: result: yes
configure:15084: checking for struct timespec
configure:15114: x86_64-linux-gnu-gcc -c -g -O2 -ffile-prefix-map=/sonic/src/ntp/ntp-4.2.8p15=. -fstack-protector-strong -Wformat -Werror=format-security -fno-strict-aliasing -fcommon -Wdate-time -D_FORTIFY_SOURCE=2 -D_GNU_SOURCE conftest.c >&5
configure:15114: $? = 0
configure:15123: result: yes
configure:15132: checking for struct ntptimeval
configure:15154: x86_64-linux-gnu-gcc -c -g -O2 -ffile-prefix-map=/sonic/src/ntp/ntp-4.2.8p15=. -fstack-protector-strong -Wformat -Werror=format-security -fno-strict-aliasing -fcommon -Wdate-time -D_FORTIFY_SOURCE=2 -D_GNU_SOURCE conftest.c >&5
configure:15154: $? = 0
configure:15163: result: yes
configure:15174: checking for md5.h
configure:15174: x86_64-linux-gnu-gcc -c -g -O2 -ffile-prefix-map=/sonic/src/ntp/ntp-4.2.8p15=. -fstack-protector-strong -Wformat -Werror=format-security -fno-strict-aliasing -fcommon -Wdate-time -D_FORTIFY_SOURCE=2 -D_GNU_SOURCE conftest.c >&5
configure:15174: $? = 0
configure:15174: result: yes
configure:15191: checking for library containing MD5Init
configure:15222: x86_64-linux-gnu-gcc -o conftest -g -O2 -ffile-prefix-map=/sonic/src/ntp/ntp-4.2.8p15=. -fstack-protector-strong -Wformat -Werror=format-security -fno-strict-aliasing -fcommon -Wdate-time -D_FORTIFY_SOURCE=2 -D_GNU_SOURCE -Wl,-z,relro -Wl,--as-needed conftest.c  -lcap >&5
/usr/bin/ld: /tmp/ccUXMs6j.o: in function `main':
./sntp/conftest.c:134: undefined reference to `MD5Init'
collect2: error: ld returned 1 exit status
configure:15222: $? = 1
configure: failed program was:
| /* confdefs.h */
| #define PACKAGE_NAME "sntp"
| #define PACKAGE_TARNAME "sntp"
| #define PACKAGE_VERSION "4.2.8p15"
| #define PACKAGE_STRING "sntp 4.2.8p15"
| #define PACKAGE_BUGREPORT "http://bugs.ntp.org./"
| #define PACKAGE_URL "http://www.ntp.org./"
| #define PACKAGE "sntp"
| #define VERSION "4.2.8p15"
| #define STR_SYSTEM "x86_64-pc-linux-gnu"
| #define STDC_HEADERS 1
| #define HAVE_SYS_TYPES_H 1
| #define HAVE_SYS_STAT_H 1
| #define HAVE_STDLIB_H 1
| #define HAVE_STRING_H 1
| #define HAVE_MEMORY_H 1
| #define HAVE_STRINGS_H 1
| #define HAVE_INTTYPES_H 1
| #define HAVE_STDINT_H 1
| #define HAVE_UNISTD_H 1
| #define __EXTENSIONS__ 1
| #define _ALL_SOURCE 1
| #define _GNU_SOURCE 1
| #define _POSIX_PTHREAD_SEMANTICS 1
| #define _TANDEM_SOURCE 1
| #define HAVE___ATTRIBUTE__ /**/
| #define HAVE_STDARG_H 1
| #define HAVE_UNSIGNED_LONG_LONG_INT 1
| #define HAVE_VSNPRINTF 1
| #define HAVE_SNPRINTF 1
| #define DIR_SEP '/'
| #define HAVE_READLINE_READLINE_H 1
| #define HAVE_HISTEDIT_H 1
| #define HAVE_READLINE_HISTORY_H 1
| #define EL_INIT_ARGS 4
| #define HAVE_READLINE_HISTORY 1
| #define HAVE_FORK 1
| #define HAVE_VFORK 1
| #define HAVE_WORKING_VFORK 1
| #define HAVE_WORKING_FORK 1
| #define HAVE_ALLOCA_H 1
| #define HAVE_ALLOCA 1
| #define HAVE_DECL_STRERROR_R 1
| #define HAVE_STRERROR_R 1
| #define STRERROR_R_CHAR_P 1
| #define HAVE_CLOCK_GETRES 1
| #define HAVE_CLOCK_GETTIME 1
| #define HAVE_CLOCK_SETTIME 1
| #define HAVE_TIMEGM 1
| #define HAVE_ERRNO_H 1
| #define HAVE_SYS_SOCKET_H 1
| #define HAVE_SYS_TYPES_H 1
| #define HAVE_TIME_H 1
| #define HAVE_NET_IF_H 1
| #define HAVE_LINUX_IF_ADDR_H 1
| #define NEED_EARLY_FORK 1
| #define HAVE_ARPA_NAMESER_H 1
| #define HAVE_SYS_PARAM_H 1
| #define HAVE_SYS_TIME_H 1
| #define HAVE_SYS_SYSCTL_H 1
| #define HAVE_NETINET_IN_SYSTM_H 1
| #define HAVE_NETINET_IN_H 1
| #define HAVE_RESOLV_H 1
| #define HAVE_NETINET_IP_H 1
| #define HAVE_RECVMSG 1
| #define HAVE_INLINE 1
| #define TIME_WITH_SYS_TIME 1
| #define SIZEOF_TIME_T 8
| #define SIZEOF_SIGNED_CHAR 1
| #define HAVE_LONG_LONG 1
| #define SIZEOF_SHORT 2
| #define SIZEOF_INT 4
| #define SIZEOF_LONG 8
| #define SIZEOF_LONG_LONG 8
| #define NEED_S_CHAR_TYPEDEF 1
| #define DEBUG 1
| #define HAVE_SEMAPHORE_H 1
| #define HAVE_SOCKETPAIR 1
| #define HAVE_PTHREAD_H 1
| #define HAVE_PTHREADS 10
| #define HAVE_SCHED_H 1
| #define HAVE_SCHED_YIELD 1
| #define HAVE_PTHREAD_YIELD 1
| #define HAVE_PTHREAD_KILL 1
| #define HAVE_PTHREAD_RWLOCK_DESTROY 1
| #define HAVE_PTHREAD_DETACH 1
| #define HAVE_PTHREAD_SETCONCURRENCY 1
| #define HAVE_PTHREAD_GETCONCURRENCY 1
| #define HAVE_YIELDING_SELECT 1
| #define REENTRANT 1
| #define _REENTRANT 1
| #define THREAD_SAFE 1
| #define _THREAD_SAFE 1
| #define THREADSAFE 1
| #define _THREADSAFE 1
| #define _SGI_MP_SOURCE 1
| #define LDAP_API_FEATURE_X_OPENLDAP_THREAD_SAFE 1
| #define HAVE_SEM_TIMEDWAIT 1
| #define SIZEOF_PTHREAD_T 8
| #define ISC_PLATFORM_USETHREADS 1
| #define HAVE_SIGWAIT 1
| #define HAVE_PTHREAD_ATTR_GETSTACKSIZE 1
| #define HAVE_PTHREAD_ATTR_SETSTACKSIZE 1
| #define HAVE_SYSCONF 1
| #define HAVE_LINUXTHREADS 1
| #define VSNPRINTF_PERCENT_M 1
| #define HAVE_SYS_CAPABILITY_H 1
| #define HAVE_SYS_PRCTL_H 1
| #define HAVE_LINUX_CAPABILITIES 1
| #define HAVE_DROPROOT 1
| #define HAVE_SYS_TYPES_H 1
| #define HAVE_NETINET_IN_H 1
| #define HAVE_ARPA_NAMESER_H 1
| #define HAVE_NETDB_H 1
| #define HAVE_RESOLV_H 1
| #define HAVE___RES_INIT 1
| #define HAVE_UINTPTR_T 1
| #define HAVE_SYS_TIMEPPS_H 1
| #define HAVE_STRUCT_TIMESPEC 1
| #define HAVE_STRUCT_NTPTIMEVAL 1
| #define HAVE_MD5_H 1
| /* end confdefs.h.  */
| 
| /* Override any GCC internal prototype to avoid an error.
|    Use char because int might match the return type of a GCC
|    builtin and then its argument prototype would still apply.  */
| #ifdef __cplusplus
| extern "C"
| #endif
| char MD5Init ();
| int
| main ()
| {
| return MD5Init ();
|   ;
|   return 0;
| }
configure:15222: x86_64-linux-gnu-gcc -o conftest -g -O2 -ffile-prefix-map=/sonic/src/ntp/ntp-4.2.8p15=. -fstack-protector-strong -Wformat -Werror=format-security -fno-strict-aliasing -fcommon -Wdate-time -D_FORTIFY_SOURCE=2 -D_GNU_SOURCE -Wl,-z,relro -Wl,--as-needed conftest.c -lmd5   -lcap >&5
/usr/bin/ld: cannot find -lmd5
collect2: error: ld returned 1 exit status
configure:15222: $? = 1
configure: failed program was:
| /* confdefs.h */
| #define PACKAGE_NAME "sntp"
| #define PACKAGE_TARNAME "sntp"
| #define PACKAGE_VERSION "4.2.8p15"
| #define PACKAGE_STRING "sntp 4.2.8p15"
| #define PACKAGE_BUGREPORT "http://bugs.ntp.org./"
| #define PACKAGE_URL "http://www.ntp.org./"
| #define PACKAGE "sntp"
| #define VERSION "4.2.8p15"
| #define STR_SYSTEM "x86_64-pc-linux-gnu"
| #define STDC_HEADERS 1
| #define HAVE_SYS_TYPES_H 1
| #define HAVE_SYS_STAT_H 1
| #define HAVE_STDLIB_H 1
| #define HAVE_STRING_H 1
| #define HAVE_MEMORY_H 1
| #define HAVE_STRINGS_H 1
| #define HAVE_INTTYPES_H 1
| #define HAVE_STDINT_H 1
| #define HAVE_UNISTD_H 1
| #define __EXTENSIONS__ 1
| #define _ALL_SOURCE 1
| #define _GNU_SOURCE 1
| #define _POSIX_PTHREAD_SEMANTICS 1
| #define _TANDEM_SOURCE 1
| #define HAVE___ATTRIBUTE__ /**/
| #define HAVE_STDARG_H 1
| #define HAVE_UNSIGNED_LONG_LONG_INT 1
| #define HAVE_VSNPRINTF 1
| #define HAVE_SNPRINTF 1
| #define DIR_SEP '/'
| #define HAVE_READLINE_READLINE_H 1
| #define HAVE_HISTEDIT_H 1
| #define HAVE_READLINE_HISTORY_H 1
| #define EL_INIT_ARGS 4
| #define HAVE_READLINE_HISTORY 1
| #define HAVE_FORK 1
| #define HAVE_VFORK 1
| #define HAVE_WORKING_VFORK 1
| #define HAVE_WORKING_FORK 1
| #define HAVE_ALLOCA_H 1
| #define HAVE_ALLOCA 1
| #define HAVE_DECL_STRERROR_R 1
| #define HAVE_STRERROR_R 1
| #define STRERROR_R_CHAR_P 1
| #define HAVE_CLOCK_GETRES 1
| #define HAVE_CLOCK_GETTIME 1
| #define HAVE_CLOCK_SETTIME 1
| #define HAVE_TIMEGM 1
| #define HAVE_ERRNO_H 1
| #define HAVE_SYS_SOCKET_H 1
| #define HAVE_SYS_TYPES_H 1
| #define HAVE_TIME_H 1
| #define HAVE_NET_IF_H 1
| #define HAVE_LINUX_IF_ADDR_H 1
| #define NEED_EARLY_FORK 1
| #define HAVE_ARPA_NAMESER_H 1
| #define HAVE_SYS_PARAM_H 1
| #define HAVE_SYS_TIME_H 1
| #define HAVE_SYS_SYSCTL_H 1
| #define HAVE_NETINET_IN_SYSTM_H 1
| #define HAVE_NETINET_IN_H 1
| #define HAVE_RESOLV_H 1
| #define HAVE_NETINET_IP_H 1
| #define HAVE_RECVMSG 1
| #define HAVE_INLINE 1
| #define TIME_WITH_SYS_TIME 1
| #define SIZEOF_TIME_T 8
| #define SIZEOF_SIGNED_CHAR 1
| #define HAVE_LONG_LONG 1
| #define SIZEOF_SHORT 2
| #define SIZEOF_INT 4
| #define SIZEOF_LONG 8
| #define SIZEOF_LONG_LONG 8
| #define NEED_S_CHAR_TYPEDEF 1
| #define DEBUG 1
| #define HAVE_SEMAPHORE_H 1
| #define HAVE_SOCKETPAIR 1
| #define HAVE_PTHREAD_H 1
| #define HAVE_PTHREADS 10
| #define HAVE_SCHED_H 1
| #define HAVE_SCHED_YIELD 1
| #define HAVE_PTHREAD_YIELD 1
| #define HAVE_PTHREAD_KILL 1
| #define HAVE_PTHREAD_RWLOCK_DESTROY 1
| #define HAVE_PTHREAD_DETACH 1
| #define HAVE_PTHREAD_SETCONCURRENCY 1
| #define HAVE_PTHREAD_GETCONCURRENCY 1
| #define HAVE_YIELDING_SELECT 1
| #define REENTRANT 1
| #define _REENTRANT 1
| #define THREAD_SAFE 1
| #define _THREAD_SAFE 1
| #define THREADSAFE 1
| #define _THREADSAFE 1
| #define _SGI_MP_SOURCE 1
| #define LDAP_API_FEATURE_X_OPENLDAP_THREAD_SAFE 1
| #define HAVE_SEM_TIMEDWAIT 1
| #define SIZEOF_PTHREAD_T 8
| #define ISC_PLATFORM_USETHREADS 1
| #define HAVE_SIGWAIT 1
| #define HAVE_PTHREAD_ATTR_GETSTACKSIZE 1
| #define HAVE_PTHREAD_ATTR_SETSTACKSIZE 1
| #define HAVE_SYSCONF 1
| #define HAVE_LINUXTHREADS 1
| #define VSNPRINTF_PERCENT_M 1
| #define HAVE_SYS_CAPABILITY_H 1
| #define HAVE_SYS_PRCTL_H 1
| #define HAVE_LINUX_CAPABILITIES 1
| #define HAVE_DROPROOT 1
| #define HAVE_SYS_TYPES_H 1
| #define HAVE_NETINET_IN_H 1
| #define HAVE_ARPA_NAMESER_H 1
| #define HAVE_NETDB_H 1
| #define HAVE_RESOLV_H 1
| #define HAVE___RES_INIT 1
| #define HAVE_UINTPTR_T 1
| #define HAVE_SYS_TIMEPPS_H 1
| #define HAVE_STRUCT_TIMESPEC 1
| #define HAVE_STRUCT_NTPTIMEVAL 1
| #define HAVE_MD5_H 1
| /* end confdefs.h.  */
| 
| /* Override any GCC internal prototype to avoid an error.
|    Use char because int might match the return type of a GCC
|    builtin and then its argument prototype would still apply.  */
| #ifdef __cplusplus
| extern "C"
| #endif
| char MD5Init ();
| int
| main ()
| {
| return MD5Init ();
|   ;
|   return 0;
| }
configure:15222: x86_64-linux-gnu-gcc -o conftest -g -O2 -ffile-prefix-map=/sonic/src/ntp/ntp-4.2.8p15=. -fstack-protector-strong -Wformat -Werror=format-security -fno-strict-aliasing -fcommon -Wdate-time -D_FORTIFY_SOURCE=2 -D_GNU_SOURCE -Wl,-z,relro -Wl,--as-needed conftest.c -lmd   -lcap >&5
configure:15222: $? = 0
configure:15239: result: -lmd
configure:15250: checking for MD5Init
configure:15250: x86_64-linux-gnu-gcc -o conftest -g -O2 -ffile-prefix-map=/sonic/src/ntp/ntp-4.2.8p15=. -fstack-protector-strong -Wformat -Werror=format-security -fno-strict-aliasing -fcommon -Wdate-time -D_FORTIFY_SOURCE=2 -D_GNU_SOURCE -Wl,-z,relro -Wl,--as-needed conftest.c -lmd  -lcap >&5
configure:15250: $? = 0
configure:15250: result: yes
configure:15250: checking for sysconf
configure:15250: result: yes
configure:15250: checking for getdtablesize
configure:15250: x86_64-linux-gnu-gcc -o conftest -g -O2 -ffile-prefix-map=/sonic/src/ntp/ntp-4.2.8p15=. -fstack-protector-strong -Wformat -Werror=format-security -fno-strict-aliasing -fcommon -Wdate-time -D_FORTIFY_SOURCE=2 -D_GNU_SOURCE -Wl,-z,relro -Wl,--as-needed conftest.c -lmd  -lcap >&5
configure:15250: $? = 0
configure:15250: result: yes
configure:15250: checking for sigaction
configure:15250: x86_64-linux-gnu-gcc -o conftest -g -O2 -ffile-prefix-map=/sonic/src/ntp/ntp-4.2.8p15=. -fstack-protector-strong -Wformat -Werror=format-security -fno-strict-aliasing -fcommon -Wdate-time -D_FORTIFY_SOURCE=2 -D_GNU_SOURCE -Wl,-z,relro -Wl,--as-needed conftest.c -lmd  -lcap >&5
configure:15250: $? = 0
configure:15250: result: yes
configure:15250: checking for sigset
configure:15250: x86_64-linux-gnu-gcc -o conftest -g -O2 -ffile-prefix-map=/sonic/src/ntp/ntp-4.2.8p15=. -fstack-protector-strong -Wformat -Werror=format-security -fno-strict-aliasing -fcommon -Wdate-time -D_FORTIFY_SOURCE=2 -D_GNU_SOURCE -Wl,-z,relro -Wl,--as-needed conftest.c -lmd  -lcap >&5
configure:15250: $? = 0
configure:15250: result: yes
configure:15250: checking for sigvec
configure:15250: x86_64-linux-gnu-gcc -o conftest -g -O2 -ffile-prefix-map=/sonic/src/ntp/ntp-4.2.8p15=. -fstack-protector-strong -Wformat -Werror=format-security -fno-strict-aliasing -fcommon -Wdate-time -D_FORTIFY_SOURCE=2 -D_GNU_SOURCE -Wl,-z,relro -Wl,--as-needed conftest.c -lmd  -lcap >&5
/usr/bin/ld: /tmp/ccK0VijE.o: in function `main':
./sntp/conftest.c:162: undefined reference to `sigvec'
collect2: error: ld returned 1 exit status
configure:15250: $? = 1
configure: failed program was:
| /* confdefs.h */
| #define PACKAGE_NAME "sntp"
| #define PACKAGE_TARNAME "sntp"
| #define PACKAGE_VERSION "4.2.8p15"
| #define PACKAGE_STRING "sntp 4.2.8p15"
| #define PACKAGE_BUGREPORT "http://bugs.ntp.org./"
| #define PACKAGE_URL "http://www.ntp.org./"
| #define PACKAGE "sntp"
| #define VERSION "4.2.8p15"
| #define STR_SYSTEM "x86_64-pc-linux-gnu"
| #define STDC_HEADERS 1
| #define HAVE_SYS_TYPES_H 1
| #define HAVE_SYS_STAT_H 1
| #define HAVE_STDLIB_H 1
| #define HAVE_STRING_H 1
| #define HAVE_MEMORY_H 1
| #define HAVE_STRINGS_H 1
| #define HAVE_INTTYPES_H 1
| #define HAVE_STDINT_H 1
| #define HAVE_UNISTD_H 1
| #define __EXTENSIONS__ 1
| #define _ALL_SOURCE 1
| #define _GNU_SOURCE 1
| #define _POSIX_PTHREAD_SEMANTICS 1
| #define _TANDEM_SOURCE 1
| #define HAVE___ATTRIBUTE__ /**/
| #define HAVE_STDARG_H 1
| #define HAVE_UNSIGNED_LONG_LONG_INT 1
| #define HAVE_VSNPRINTF 1
| #define HAVE_SNPRINTF 1
| #define DIR_SEP '/'
| #define HAVE_READLINE_READLINE_H 1
| #define HAVE_HISTEDIT_H 1
| #define HAVE_READLINE_HISTORY_H 1
| #define EL_INIT_ARGS 4
| #define HAVE_READLINE_HISTORY 1
| #define HAVE_FORK 1
| #define HAVE_VFORK 1
| #define HAVE_WORKING_VFORK 1
| #define HAVE_WORKING_FORK 1
| #define HAVE_ALLOCA_H 1
| #define HAVE_ALLOCA 1
| #define HAVE_DECL_STRERROR_R 1
| #define HAVE_STRERROR_R 1
| #define STRERROR_R_CHAR_P 1
| #define HAVE_CLOCK_GETRES 1
| #define HAVE_CLOCK_GETTIME 1
| #define HAVE_CLOCK_SETTIME 1
| #define HAVE_TIMEGM 1
| #define HAVE_ERRNO_H 1
| #define HAVE_SYS_SOCKET_H 1
| #define HAVE_SYS_TYPES_H 1
| #define HAVE_TIME_H 1
| #define HAVE_NET_IF_H 1
| #define HAVE_LINUX_IF_ADDR_H 1
| #define NEED_EARLY_FORK 1
| #define HAVE_ARPA_NAMESER_H 1
| #define HAVE_SYS_PARAM_H 1
| #define HAVE_SYS_TIME_H 1
| #define HAVE_SYS_SYSCTL_H 1
| #define HAVE_NETINET_IN_SYSTM_H 1
| #define HAVE_NETINET_IN_H 1
| #define HAVE_RESOLV_H 1
| #define HAVE_NETINET_IP_H 1
| #define HAVE_RECVMSG 1
| #define HAVE_INLINE 1
| #define TIME_WITH_SYS_TIME 1
| #define SIZEOF_TIME_T 8
| #define SIZEOF_SIGNED_CHAR 1
| #define HAVE_LONG_LONG 1
| #define SIZEOF_SHORT 2
| #define SIZEOF_INT 4
| #define SIZEOF_LONG 8
| #define SIZEOF_LONG_LONG 8
| #define NEED_S_CHAR_TYPEDEF 1
| #define DEBUG 1
| #define HAVE_SEMAPHORE_H 1
| #define HAVE_SOCKETPAIR 1
| #define HAVE_PTHREAD_H 1
| #define HAVE_PTHREADS 10
| #define HAVE_SCHED_H 1
| #define HAVE_SCHED_YIELD 1
| #define HAVE_PTHREAD_YIELD 1
| #define HAVE_PTHREAD_KILL 1
| #define HAVE_PTHREAD_RWLOCK_DESTROY 1
| #define HAVE_PTHREAD_DETACH 1
| #define HAVE_PTHREAD_SETCONCURRENCY 1
| #define HAVE_PTHREAD_GETCONCURRENCY 1
| #define HAVE_YIELDING_SELECT 1
| #define REENTRANT 1
| #define _REENTRANT 1
| #define THREAD_SAFE 1
| #define _THREAD_SAFE 1
| #define THREADSAFE 1
| #define _THREADSAFE 1
| #define _SGI_MP_SOURCE 1
| #define LDAP_API_FEATURE_X_OPENLDAP_THREAD_SAFE 1
| #define HAVE_SEM_TIMEDWAIT 1
| #define SIZEOF_PTHREAD_T 8
| #define ISC_PLATFORM_USETHREADS 1
| #define HAVE_SIGWAIT 1
| #define HAVE_PTHREAD_ATTR_GETSTACKSIZE 1
| #define HAVE_PTHREAD_ATTR_SETSTACKSIZE 1
| #define HAVE_SYSCONF 1
| #define HAVE_LINUXTHREADS 1
| #define VSNPRINTF_PERCENT_M 1
| #define HAVE_SYS_CAPABILITY_H 1
| #define HAVE_SYS_PRCTL_H 1
| #define HAVE_LINUX_CAPABILITIES 1
| #define HAVE_DROPROOT 1
| #define HAVE_SYS_TYPES_H 1
| #define HAVE_NETINET_IN_H 1
| #define HAVE_ARPA_NAMESER_H 1
| #define HAVE_NETDB_H 1
| #define HAVE_RESOLV_H 1
| #define HAVE___RES_INIT 1
| #define HAVE_UINTPTR_T 1
| #define HAVE_SYS_TIMEPPS_H 1
| #define HAVE_STRUCT_TIMESPEC 1
| #define HAVE_STRUCT_NTPTIMEVAL 1
| #define HAVE_MD5_H 1
| #define HAVE_MD5INIT 1
| #define HAVE_SYSCONF 1
| #define HAVE_GETDTABLESIZE 1
| #define HAVE_SIGACTION 1
| #define HAVE_SIGSET 1
| /* end confdefs.h.  */
| /* Define sigvec to an innocuous variant, in case <limits.h> declares sigvec.
|    For example, HP-UX 11i <limits.h> declares gettimeofday.  */
| #define sigvec innocuous_sigvec
| 
| /* System header to define __stub macros and hopefully few prototypes,
|     which can conflict with char sigvec (); below.
|     Prefer <limits.h> to <assert.h> if __STDC__ is defined, since
|     <limits.h> exists even on freestanding compilers.  */
| 
| #ifdef __STDC__
| # include <limits.h>
| #else
| # include <assert.h>
| #endif
| 
| #undef sigvec
| 
| /* Override any GCC internal prototype to avoid an error.
|    Use char because int might match the return type of a GCC
|    builtin and then its argument prototype would still apply.  */
| #ifdef __cplusplus
| extern "C"
| #endif
| char sigvec ();
| /* The GNU C library defines this for functions which it implements
|     to always fail with ENOSYS.  Some functions are actually named
|     something starting with __ and the normal name is an alias.  */
| #if defined __stub_sigvec || defined __stub___sigvec
| choke me
| #endif
| 
| int
| main ()
| {
| return sigvec ();
|   ;
|   return 0;
| }
configure:15250: result: no
configure:15270: checking for SIGIO
configure:15285: x86_64-linux-gnu-gcc -E -Wdate-time -D_FORTIFY_SOURCE=2 -D_GNU_SOURCE conftest.c
configure:15285: $? = 0
configure:15294: result: yes
configure:15297: checking if we want to use SIGIO
configure:15363: result: Possible for x86_64-pc-linux-gnu but disabled because of reported problems
configure:15366: checking for SIGPOLL
configure:15381: x86_64-linux-gnu-gcc -E -Wdate-time -D_FORTIFY_SOURCE=2 -D_GNU_SOURCE conftest.c
configure:15381: $? = 0
configure:15390: result: yes
configure:15393: checking if we can use SIGPOLL for UDP I/O
configure:15456: result: no
configure:15459: checking if we can use SIGPOLL for TTY I/O
configure:15519: result: no
configure:15522: checking number of arguments to gettimeofday()
configure:15544: x86_64-linux-gnu-gcc -c -g -O2 -ffile-prefix-map=/sonic/src/ntp/ntp-4.2.8p15=. -fstack-protector-strong -Wformat -Werror=format-security -fno-strict-aliasing -fcommon -Wdate-time -D_FORTIFY_SOURCE=2 -D_GNU_SOURCE conftest.c >&5
conftest.c: In function 'main':
conftest.c:135:3: warning: null argument where non-null required (argument 1) [-Wnonnull]
  135 |   gettimeofday(0, 0);
      |   ^~~~~~~~~~~~
configure:15544: $? = 0
configure:15553: result: 2
configure:15564: checking for settimeofday
configure:15564: x86_64-linux-gnu-gcc -o conftest -g -O2 -ffile-prefix-map=/sonic/src/ntp/ntp-4.2.8p15=. -fstack-protector-strong -Wformat -Werror=format-security -fno-strict-aliasing -fcommon -Wdate-time -D_FORTIFY_SOURCE=2 -D_GNU_SOURCE -Wl,-z,relro -Wl,--as-needed conftest.c -lmd  -lcap >&5
configure:15564: $? = 0
configure:15564: result: yes
configure:15580: checking if we'll use clock_settime or settimeofday or stime
configure:15603: result: clock_settime()
configure:15694: checking for BSD- or MS-compatible name lister (nm)
configure:15748: result: /usr/bin/x86_64-linux-gnu-nm -B
configure:15878: checking the name lister (/usr/bin/x86_64-linux-gnu-nm -B) interface
configure:15885: x86_64-linux-gnu-gcc -c -g -O2 -ffile-prefix-map=/sonic/src/ntp/ntp-4.2.8p15=. -fstack-protector-strong -Wformat -Werror=format-security -fno-strict-aliasing -fcommon -Wdate-time -D_FORTIFY_SOURCE=2 -D_GNU_SOURCE conftest.c >&5
configure:15888: /usr/bin/x86_64-linux-gnu-nm -B "conftest.o"
configure:15891: output
0000000000000000 B some_variable
configure:15898: result: BSD nm
configure:15901: checking whether ln -s works
configure:15905: result: yes
configure:15913: checking the maximum length of command line arguments
configure:16044: result: 1572864
configure:16092: checking how to convert x86_64-pc-linux-gnu file names to x86_64-pc-linux-gnu format
configure:16132: result: func_convert_file_noop
configure:16139: checking how to convert x86_64-pc-linux-gnu file names to toolchain format
configure:16159: result: func_convert_file_noop
configure:16166: checking for /usr/bin/ld option to reload object files
configure:16173: result: -r
configure:16207: checking for x86_64-linux-gnu-objdump
configure:16223: found /usr/bin/x86_64-linux-gnu-objdump
configure:16234: result: x86_64-linux-gnu-objdump
configure:16306: checking how to recognize dependent libraries
configure:16506: result: pass_all
configure:16551: checking for x86_64-linux-gnu-dlltool
configure:16581: result: no
configure:16591: checking for dlltool
configure:16621: result: no
configure:16651: checking how to associate runtime and link libraries
configure:16678: result: printf %s\n
configure:16694: checking for x86_64-linux-gnu-ar
configure:16721: result: x86_64-linux-gnu-ar
configure:16802: checking for archiver @FILE support
configure:16819: x86_64-linux-gnu-gcc -c -g -O2 -ffile-prefix-map=/sonic/src/ntp/ntp-4.2.8p15=. -fstack-protector-strong -Wformat -Werror=format-security -fno-strict-aliasing -fcommon -Wdate-time -D_FORTIFY_SOURCE=2 -D_GNU_SOURCE conftest.c >&5
configure:16819: $? = 0
configure:16822: x86_64-linux-gnu-ar cru libconftest.a @conftest.lst >&5
x86_64-linux-gnu-ar: `u' modifier ignored since `D' is the default (see `U')
configure:16825: $? = 0
configure:16830: x86_64-linux-gnu-ar cru libconftest.a @conftest.lst >&5
x86_64-linux-gnu-ar: `u' modifier ignored since `D' is the default (see `U')
x86_64-linux-gnu-ar: conftest.o: No such file or directory
configure:16833: $? = 1
configure:16845: result: @
configure:16863: checking for x86_64-linux-gnu-strip
configure:16879: found /usr/bin/x86_64-linux-gnu-strip
configure:16890: result: x86_64-linux-gnu-strip
configure:16962: checking for x86_64-linux-gnu-ranlib
configure:16978: found /usr/bin/x86_64-linux-gnu-ranlib
configure:16989: result: x86_64-linux-gnu-ranlib
configure:17131: checking command to parse /usr/bin/x86_64-linux-gnu-nm -B output from x86_64-linux-gnu-gcc object
configure:17284: x86_64-linux-gnu-gcc -c -g -O2 -ffile-prefix-map=/sonic/src/ntp/ntp-4.2.8p15=. -fstack-protector-strong -Wformat -Werror=format-security -fno-strict-aliasing -fcommon -Wdate-time -D_FORTIFY_SOURCE=2 -D_GNU_SOURCE conftest.c >&5
configure:17287: $? = 0
configure:17291: /usr/bin/x86_64-linux-gnu-nm -B conftest.o \| sed -n -e 's/^.*[ ]\([ABCDGIRSTW][ABCDGIRSTW]*\)[ ][ ]*\([_A-Za-z][_A-Za-z0-9]*\)$/\1 \2 \2/p' | sed '/ __gnu_lto/d' \> conftest.nm
configure:17294: $? = 0
configure:17360: x86_64-linux-gnu-gcc -o conftest -g -O2 -ffile-prefix-map=/sonic/src/ntp/ntp-4.2.8p15=. -fstack-protector-strong -Wformat -Werror=format-security -fno-strict-aliasing -fcommon -Wdate-time -D_FORTIFY_SOURCE=2 -D_GNU_SOURCE -Wl,-z,relro -Wl,--as-needed conftest.c conftstm.o >&5
configure:17363: $? = 0
configure:17401: result: ok
configure:17448: checking for sysroot
configure:17478: result: no
configure:17485: checking for a working dd
configure:17523: result: /bin/dd
configure:17527: checking how to truncate binary pipes
configure:17542: result: /bin/dd bs=4096 count=1
configure:17678: x86_64-linux-gnu-gcc -c -g -O2 -ffile-prefix-map=/sonic/src/ntp/ntp-4.2.8p15=. -fstack-protector-strong -Wformat -Werror=format-security -fno-strict-aliasing -fcommon -Wdate-time -D_FORTIFY_SOURCE=2 -D_GNU_SOURCE conftest.c >&5
configure:17681: $? = 0
configure:17831: checking for x86_64-linux-gnu-mt
configure:17861: result: no
configure:17871: checking for mt
configure:17887: found /bin/mt
configure:17898: result: mt
configure:17921: checking if mt is a manifest tool
configure:17927: mt '-?'
configure:17935: result: no
configure:18609: checking for dlfcn.h
configure:18609: x86_64-linux-gnu-gcc -c -g -O2 -ffile-prefix-map=/sonic/src/ntp/ntp-4.2.8p15=. -fstack-protector-strong -Wformat -Werror=format-security -fno-strict-aliasing -fcommon -Wdate-time -D_FORTIFY_SOURCE=2 -D_GNU_SOURCE conftest.c >&5
configure:18609: $? = 0
configure:18609: result: yes
configure:18835: checking for objdir
configure:18850: result: .libs
configure:19114: checking if x86_64-linux-gnu-gcc supports -fno-rtti -fno-exceptions
configure:19132: x86_64-linux-gnu-gcc -c -g -O2 -ffile-prefix-map=/sonic/src/ntp/ntp-4.2.8p15=. -fstack-protector-strong -Wformat -Werror=format-security -fno-strict-aliasing -fcommon -Wdate-time -D_FORTIFY_SOURCE=2 -D_GNU_SOURCE -fno-rtti -fno-exceptions conftest.c >&5
cc1: warning: command-line option '-fno-rtti' is valid for C++/D/ObjC++ but not for C
configure:19136: $? = 0
configure:19149: result: no
configure:19507: checking for x86_64-linux-gnu-gcc option to produce PIC
configure:19514: result: -fPIC -DPIC
configure:19522: checking if x86_64-linux-gnu-gcc PIC flag -fPIC -DPIC works
configure:19540: x86_64-linux-gnu-gcc -c -g -O2 -ffile-prefix-map=/sonic/src/ntp/ntp-4.2.8p15=. -fstack-protector-strong -Wformat -Werror=format-security -fno-strict-aliasing -fcommon -Wdate-time -D_FORTIFY_SOURCE=2 -D_GNU_SOURCE -fPIC -DPIC -DPIC conftest.c >&5
configure:19544: $? = 0
configure:19557: result: yes
configure:19586: checking if x86_64-linux-gnu-gcc static flag -static works
configure:19614: result: yes
configure:19629: checking if x86_64-linux-gnu-gcc supports -c -o file.o
configure:19650: x86_64-linux-gnu-gcc -c -g -O2 -ffile-prefix-map=/sonic/src/ntp/ntp-4.2.8p15=. -fstack-protector-strong -Wformat -Werror=format-security -fno-strict-aliasing -fcommon -Wdate-time -D_FORTIFY_SOURCE=2 -D_GNU_SOURCE -o out/conftest2.o conftest.c >&5
configure:19654: $? = 0
configure:19676: result: yes
configure:19684: checking if x86_64-linux-gnu-gcc supports -c -o file.o
configure:19731: result: yes
configure:19764: checking whether the x86_64-linux-gnu-gcc linker (/usr/bin/ld -m elf_x86_64) supports shared libraries
configure:21023: result: yes
configure:21263: checking dynamic linker characteristics
configure:21844: x86_64-linux-gnu-gcc -o conftest -g -O2 -ffile-prefix-map=/sonic/src/ntp/ntp-4.2.8p15=. -fstack-protector-strong -Wformat -Werror=format-security -fno-strict-aliasing -fcommon -Wdate-time -D_FORTIFY_SOURCE=2 -D_GNU_SOURCE -Wl,-z,relro -Wl,--as-needed -Wl,-rpath -Wl,/foo conftest.c  >&5
configure:21844: $? = 0
configure:22081: result: GNU/Linux ld.so
configure:22203: checking how to hardcode library paths into programs
configure:22228: result: immediate
configure:22776: checking whether stripping libraries is possible
configure:22781: result: yes
configure:22816: checking if libtool supports shared libraries
configure:22818: result: yes
configure:22821: checking whether to build shared libraries
configure:22846: result: no
configure:22849: checking whether to build static libraries
configure:22853: result: yes
configure:22894: checking if sntp will be built
configure:22922: result: yes
configure:22956: checking for dirent.h that defines DIR
configure:22975: x86_64-linux-gnu-gcc -c -g -O2 -ffile-prefix-map=/sonic/src/ntp/ntp-4.2.8p15=. -fstack-protector-strong -Wformat -Werror=format-security -fno-strict-aliasing -fcommon -Wdate-time -D_FORTIFY_SOURCE=2 -D_GNU_SOURCE conftest.c >&5
configure:22975: $? = 0
configure:22983: result: yes
configure:22996: checking for library containing opendir
configure:23027: x86_64-linux-gnu-gcc -o conftest -g -O2 -ffile-prefix-map=/sonic/src/ntp/ntp-4.2.8p15=. -fstack-protector-strong -Wformat -Werror=format-security -fno-strict-aliasing -fcommon -Wdate-time -D_FORTIFY_SOURCE=2 -D_GNU_SOURCE -Wl,-z,relro -Wl,--as-needed conftest.c  >&5
configure:23027: $? = 0
configure:23044: result: none required
configure:23124: checking sys/mman.h usability
configure:23124: x86_64-linux-gnu-gcc -c -g -O2 -ffile-prefix-map=/sonic/src/ntp/ntp-4.2.8p15=. -fstack-protector-strong -Wformat -Werror=format-security -fno-strict-aliasing -fcommon -Wdate-time -D_FORTIFY_SOURCE=2 -D_GNU_SOURCE conftest.c >&5
configure:23124: $? = 0
configure:23124: result: yes
configure:23124: checking sys/mman.h presence
configure:23124: x86_64-linux-gnu-gcc -E -Wdate-time -D_FORTIFY_SOURCE=2 -D_GNU_SOURCE conftest.c
configure:23124: $? = 0
configure:23124: result: yes
configure:23124: checking for sys/mman.h
configure:23124: result: yes
configure:23124: checking for sys/param.h
configure:23124: result: yes
configure:23124: checking sys/poll.h usability
configure:23124: x86_64-linux-gnu-gcc -c -g -O2 -ffile-prefix-map=/sonic/src/ntp/ntp-4.2.8p15=. -fstack-protector-strong -Wformat -Werror=format-security -fno-strict-aliasing -fcommon -Wdate-time -D_FORTIFY_SOURCE=2 -D_GNU_SOURCE conftest.c >&5
configure:23124: $? = 0
configure:23124: result: yes
configure:23124: checking sys/poll.h presence
configure:23124: x86_64-linux-gnu-gcc -E -Wdate-time -D_FORTIFY_SOURCE=2 -D_GNU_SOURCE conftest.c
configure:23124: $? = 0
configure:23124: result: yes
configure:23124: checking for sys/poll.h
configure:23124: result: yes
configure:23124: checking sys/procset.h usability
configure:23124: x86_64-linux-gnu-gcc -c -g -O2 -ffile-prefix-map=/sonic/src/ntp/ntp-4.2.8p15=. -fstack-protector-strong -Wformat -Werror=format-security -fno-strict-aliasing -fcommon -Wdate-time -D_FORTIFY_SOURCE=2 -D_GNU_SOURCE conftest.c >&5
conftest.c:168:10: fatal error: sys/procset.h: No such file or directory
  168 | #include <sys/procset.h>
      |          ^~~~~~~~~~~~~~~
compilation terminated.
configure:23124: $? = 1
configure: failed program was:
| /* confdefs.h */
| #define PACKAGE_NAME "sntp"
| #define PACKAGE_TARNAME "sntp"
| #define PACKAGE_VERSION "4.2.8p15"
| #define PACKAGE_STRING "sntp 4.2.8p15"
| #define PACKAGE_BUGREPORT "http://bugs.ntp.org./"
| #define PACKAGE_URL "http://www.ntp.org./"
| #define PACKAGE "sntp"
| #define VERSION "4.2.8p15"
| #define STR_SYSTEM "x86_64-pc-linux-gnu"
| #define STDC_HEADERS 1
| #define HAVE_SYS_TYPES_H 1
| #define HAVE_SYS_STAT_H 1
| #define HAVE_STDLIB_H 1
| #define HAVE_STRING_H 1
| #define HAVE_MEMORY_H 1
| #define HAVE_STRINGS_H 1
| #define HAVE_INTTYPES_H 1
| #define HAVE_STDINT_H 1
| #define HAVE_UNISTD_H 1
| #define __EXTENSIONS__ 1
| #define _ALL_SOURCE 1
| #define _GNU_SOURCE 1
| #define _POSIX_PTHREAD_SEMANTICS 1
| #define _TANDEM_SOURCE 1
| #define HAVE___ATTRIBUTE__ /**/
| #define HAVE_STDARG_H 1
| #define HAVE_UNSIGNED_LONG_LONG_INT 1
| #define HAVE_VSNPRINTF 1
| #define HAVE_SNPRINTF 1
| #define DIR_SEP '/'
| #define HAVE_READLINE_READLINE_H 1
| #define HAVE_HISTEDIT_H 1
| #define HAVE_READLINE_HISTORY_H 1
| #define EL_INIT_ARGS 4
| #define HAVE_READLINE_HISTORY 1
| #define HAVE_FORK 1
| #define HAVE_VFORK 1
| #define HAVE_WORKING_VFORK 1
| #define HAVE_WORKING_FORK 1
| #define HAVE_ALLOCA_H 1
| #define HAVE_ALLOCA 1
| #define HAVE_DECL_STRERROR_R 1
| #define HAVE_STRERROR_R 1
| #define STRERROR_R_CHAR_P 1
| #define HAVE_CLOCK_GETRES 1
| #define HAVE_CLOCK_GETTIME 1
| #define HAVE_CLOCK_SETTIME 1
| #define HAVE_TIMEGM 1
| #define HAVE_ERRNO_H 1
| #define HAVE_SYS_SOCKET_H 1
| #define HAVE_SYS_TYPES_H 1
| #define HAVE_TIME_H 1
| #define HAVE_NET_IF_H 1
| #define HAVE_LINUX_IF_ADDR_H 1
| #define NEED_EARLY_FORK 1
| #define HAVE_ARPA_NAMESER_H 1
| #define HAVE_SYS_PARAM_H 1
| #define HAVE_SYS_TIME_H 1
| #define HAVE_SYS_SYSCTL_H 1
| #define HAVE_NETINET_IN_SYSTM_H 1
| #define HAVE_NETINET_IN_H 1
| #define HAVE_RESOLV_H 1
| #define HAVE_NETINET_IP_H 1
| #define HAVE_RECVMSG 1
| #define HAVE_INLINE 1
| #define TIME_WITH_SYS_TIME 1
| #define SIZEOF_TIME_T 8
| #define SIZEOF_SIGNED_CHAR 1
| #define HAVE_LONG_LONG 1
| #define SIZEOF_SHORT 2
| #define SIZEOF_INT 4
| #define SIZEOF_LONG 8
| #define SIZEOF_LONG_LONG 8
| #define NEED_S_CHAR_TYPEDEF 1
| #define DEBUG 1
| #define HAVE_SEMAPHORE_H 1
| #define HAVE_SOCKETPAIR 1
| #define HAVE_PTHREAD_H 1
| #define HAVE_PTHREADS 10
| #define HAVE_SCHED_H 1
| #define HAVE_SCHED_YIELD 1
| #define HAVE_PTHREAD_YIELD 1
| #define HAVE_PTHREAD_KILL 1
| #define HAVE_PTHREAD_RWLOCK_DESTROY 1
| #define HAVE_PTHREAD_DETACH 1
| #define HAVE_PTHREAD_SETCONCURRENCY 1
| #define HAVE_PTHREAD_GETCONCURRENCY 1
| #define HAVE_YIELDING_SELECT 1
| #define REENTRANT 1
| #define _REENTRANT 1
| #define THREAD_SAFE 1
| #define _THREAD_SAFE 1
| #define THREADSAFE 1
| #define _THREADSAFE 1
| #define _SGI_MP_SOURCE 1
| #define LDAP_API_FEATURE_X_OPENLDAP_THREAD_SAFE 1
| #define HAVE_SEM_TIMEDWAIT 1
| #define SIZEOF_PTHREAD_T 8
| #define ISC_PLATFORM_USETHREADS 1
| #define HAVE_SIGWAIT 1
| #define HAVE_PTHREAD_ATTR_GETSTACKSIZE 1
| #define HAVE_PTHREAD_ATTR_SETSTACKSIZE 1
| #define HAVE_SYSCONF 1
| #define HAVE_LINUXTHREADS 1
| #define VSNPRINTF_PERCENT_M 1
| #define HAVE_SYS_CAPABILITY_H 1
| #define HAVE_SYS_PRCTL_H 1
| #define HAVE_LINUX_CAPABILITIES 1
| #define HAVE_DROPROOT 1
| #define HAVE_SYS_TYPES_H 1
| #define HAVE_NETINET_IN_H 1
| #define HAVE_ARPA_NAMESER_H 1
| #define HAVE_NETDB_H 1
| #define HAVE_RESOLV_H 1
| #define HAVE___RES_INIT 1
| #define HAVE_UINTPTR_T 1
| #define HAVE_SYS_TIMEPPS_H 1
| #define HAVE_STRUCT_TIMESPEC 1
| #define HAVE_STRUCT_NTPTIMEVAL 1
| #define HAVE_MD5_H 1
| #define HAVE_MD5INIT 1
| #define HAVE_SYSCONF 1
| #define HAVE_GETDTABLESIZE 1
| #define HAVE_SIGACTION 1
| #define HAVE_SIGSET 1
| #define HAVE_SETTIMEOFDAY 1
| #define HAVE_DLFCN_H 1
| #define LT_OBJDIR ".libs/"
| #define HAVE_DIRENT_H 1
| #define HAVE_SYS_MMAN_H 1
| #define HAVE_SYS_PARAM_H 1
| #define HAVE_SYS_POLL_H 1
| /* end confdefs.h.  */
| #include <stdio.h>
| #ifdef HAVE_SYS_TYPES_H
| # include <sys/types.h>
| #endif
| #ifdef HAVE_SYS_STAT_H
| # include <sys/stat.h>
| #endif
| #ifdef STDC_HEADERS
| # include <stdlib.h>
| # include <stddef.h>
| #else
| # ifdef HAVE_STDLIB_H
| #  include <stdlib.h>
| # endif
| #endif
| #ifdef HAVE_STRING_H
| # if !defined STDC_HEADERS && defined HAVE_MEMORY_H
| #  include <memory.h>
| # endif
| # include <string.h>
| #endif
| #ifdef HAVE_STRINGS_H
| # include <strings.h>
| #endif
| #ifdef HAVE_INTTYPES_H
| # include <inttypes.h>
| #endif
| #ifdef HAVE_STDINT_H
| # include <stdint.h>
| #endif
| #ifdef HAVE_UNISTD_H
| # include <unistd.h>
| #endif
| #include <sys/procset.h>
configure:23124: result: no
configure:23124: checking sys/procset.h presence
configure:23124: x86_64-linux-gnu-gcc -E -Wdate-time -D_FORTIFY_SOURCE=2 -D_GNU_SOURCE conftest.c
conftest.c:135:10: fatal error: sys/procset.h: No such file or directory
  135 | #include <sys/procset.h>
      |          ^~~~~~~~~~~~~~~
compilation terminated.
configure:23124: $? = 1
configure: failed program was:
| /* confdefs.h */
| #define PACKAGE_NAME "sntp"
| #define PACKAGE_TARNAME "sntp"
| #define PACKAGE_VERSION "4.2.8p15"
| #define PACKAGE_STRING "sntp 4.2.8p15"
| #define PACKAGE_BUGREPORT "http://bugs.ntp.org./"
| #define PACKAGE_URL "http://www.ntp.org./"
| #define PACKAGE "sntp"
| #define VERSION "4.2.8p15"
| #define STR_SYSTEM "x86_64-pc-linux-gnu"
| #define STDC_HEADERS 1
| #define HAVE_SYS_TYPES_H 1
| #define HAVE_SYS_STAT_H 1
| #define HAVE_STDLIB_H 1
| #define HAVE_STRING_H 1
| #define HAVE_MEMORY_H 1
| #define HAVE_STRINGS_H 1
| #define HAVE_INTTYPES_H 1
| #define HAVE_STDINT_H 1
| #define HAVE_UNISTD_H 1
| #define __EXTENSIONS__ 1
| #define _ALL_SOURCE 1
| #define _GNU_SOURCE 1
| #define _POSIX_PTHREAD_SEMANTICS 1
| #define _TANDEM_SOURCE 1
| #define HAVE___ATTRIBUTE__ /**/
| #define HAVE_STDARG_H 1
| #define HAVE_UNSIGNED_LONG_LONG_INT 1
| #define HAVE_VSNPRINTF 1
| #define HAVE_SNPRINTF 1
| #define DIR_SEP '/'
| #define HAVE_READLINE_READLINE_H 1
| #define HAVE_HISTEDIT_H 1
| #define HAVE_READLINE_HISTORY_H 1
| #define EL_INIT_ARGS 4
| #define HAVE_READLINE_HISTORY 1
| #define HAVE_FORK 1
| #define HAVE_VFORK 1
| #define HAVE_WORKING_VFORK 1
| #define HAVE_WORKING_FORK 1
| #define HAVE_ALLOCA_H 1
| #define HAVE_ALLOCA 1
| #define HAVE_DECL_STRERROR_R 1
| #define HAVE_STRERROR_R 1
| #define STRERROR_R_CHAR_P 1
| #define HAVE_CLOCK_GETRES 1
| #define HAVE_CLOCK_GETTIME 1
| #define HAVE_CLOCK_SETTIME 1
| #define HAVE_TIMEGM 1
| #define HAVE_ERRNO_H 1
| #define HAVE_SYS_SOCKET_H 1
| #define HAVE_SYS_TYPES_H 1
| #define HAVE_TIME_H 1
| #define HAVE_NET_IF_H 1
| #define HAVE_LINUX_IF_ADDR_H 1
| #define NEED_EARLY_FORK 1
| #define HAVE_ARPA_NAMESER_H 1
| #define HAVE_SYS_PARAM_H 1
| #define HAVE_SYS_TIME_H 1
| #define HAVE_SYS_SYSCTL_H 1
| #define HAVE_NETINET_IN_SYSTM_H 1
| #define HAVE_NETINET_IN_H 1
| #define HAVE_RESOLV_H 1
| #define HAVE_NETINET_IP_H 1
| #define HAVE_RECVMSG 1
| #define HAVE_INLINE 1
| #define TIME_WITH_SYS_TIME 1
| #define SIZEOF_TIME_T 8
| #define SIZEOF_SIGNED_CHAR 1
| #define HAVE_LONG_LONG 1
| #define SIZEOF_SHORT 2
| #define SIZEOF_INT 4
| #define SIZEOF_LONG 8
| #define SIZEOF_LONG_LONG 8
| #define NEED_S_CHAR_TYPEDEF 1
| #define DEBUG 1
| #define HAVE_SEMAPHORE_H 1
| #define HAVE_SOCKETPAIR 1
| #define HAVE_PTHREAD_H 1
| #define HAVE_PTHREADS 10
| #define HAVE_SCHED_H 1
| #define HAVE_SCHED_YIELD 1
| #define HAVE_PTHREAD_YIELD 1
| #define HAVE_PTHREAD_KILL 1
| #define HAVE_PTHREAD_RWLOCK_DESTROY 1
| #define HAVE_PTHREAD_DETACH 1
| #define HAVE_PTHREAD_SETCONCURRENCY 1
| #define HAVE_PTHREAD_GETCONCURRENCY 1
| #define HAVE_YIELDING_SELECT 1
| #define REENTRANT 1
| #define _REENTRANT 1
| #define THREAD_SAFE 1
| #define _THREAD_SAFE 1
| #define THREADSAFE 1
| #define _THREADSAFE 1
| #define _SGI_MP_SOURCE 1
| #define LDAP_API_FEATURE_X_OPENLDAP_THREAD_SAFE 1
| #define HAVE_SEM_TIMEDWAIT 1
| #define SIZEOF_PTHREAD_T 8
| #define ISC_PLATFORM_USETHREADS 1
| #define HAVE_SIGWAIT 1
| #define HAVE_PTHREAD_ATTR_GETSTACKSIZE 1
| #define HAVE_PTHREAD_ATTR_SETSTACKSIZE 1
| #define HAVE_SYSCONF 1
| #define HAVE_LINUXTHREADS 1
| #define VSNPRINTF_PERCENT_M 1
| #define HAVE_SYS_CAPABILITY_H 1
| #define HAVE_SYS_PRCTL_H 1
| #define HAVE_LINUX_CAPABILITIES 1
| #define HAVE_DROPROOT 1
| #define HAVE_SYS_TYPES_H 1
| #define HAVE_NETINET_IN_H 1
| #define HAVE_ARPA_NAMESER_H 1
| #define HAVE_NETDB_H 1
| #define HAVE_RESOLV_H 1
| #define HAVE___RES_INIT 1
| #define HAVE_UINTPTR_T 1
| #define HAVE_SYS_TIMEPPS_H 1
| #define HAVE_STRUCT_TIMESPEC 1
| #define HAVE_STRUCT_NTPTIMEVAL 1
| #define HAVE_MD5_H 1
| #define HAVE_MD5INIT 1
| #define HAVE_SYSCONF 1
| #define HAVE_GETDTABLESIZE 1
| #define HAVE_SIGACTION 1
| #define HAVE_SIGSET 1
| #define HAVE_SETTIMEOFDAY 1
| #define HAVE_DLFCN_H 1
| #define LT_OBJDIR ".libs/"
| #define HAVE_DIRENT_H 1
| #define HAVE_SYS_MMAN_H 1
| #define HAVE_SYS_PARAM_H 1
| #define HAVE_SYS_POLL_H 1
| /* end confdefs.h.  */
| #include <sys/procset.h>
configure:23124: result: no
configure:23124: checking for sys/procset.h
configure:23124: result: no
configure:23124: checking sys/select.h usability
configure:23124: x86_64-linux-gnu-gcc -c -g -O2 -ffile-prefix-map=/sonic/src/ntp/ntp-4.2.8p15=. -fstack-protector-strong -Wformat -Werror=format-security -fno-strict-aliasing -fcommon -Wdate-time -D_FORTIFY_SOURCE=2 -D_GNU_SOURCE conftest.c >&5
configure:23124: $? = 0
configure:23124: result: yes
configure:23124: checking sys/select.h presence
configure:23124: x86_64-linux-gnu-gcc -E -Wdate-time -D_FORTIFY_SOURCE=2 -D_GNU_SOURCE conftest.c
configure:23124: $? = 0
configure:23124: result: yes
configure:23124: checking for sys/select.h
configure:23124: result: yes
configure:23124: checking for sys/socket.h
configure:23124: result: yes
configure:23124: checking sys/stropts.h usability
configure:23124: x86_64-linux-gnu-gcc -c -g -O2 -ffile-prefix-map=/sonic/src/ntp/ntp-4.2.8p15=. -fstack-protector-strong -Wformat -Werror=format-security -fno-strict-aliasing -fcommon -Wdate-time -D_FORTIFY_SOURCE=2 -D_GNU_SOURCE conftest.c >&5
conftest.c:170:10: fatal error: sys/stropts.h: No such file or directory
  170 | #include <sys/stropts.h>
      |          ^~~~~~~~~~~~~~~
compilation terminated.
configure:23124: $? = 1
configure: failed program was:
| /* confdefs.h */
| #define PACKAGE_NAME "sntp"
| #define PACKAGE_TARNAME "sntp"
| #define PACKAGE_VERSION "4.2.8p15"
| #define PACKAGE_STRING "sntp 4.2.8p15"
| #define PACKAGE_BUGREPORT "http://bugs.ntp.org./"
| #define PACKAGE_URL "http://www.ntp.org./"
| #define PACKAGE "sntp"
| #define VERSION "4.2.8p15"
| #define STR_SYSTEM "x86_64-pc-linux-gnu"
| #define STDC_HEADERS 1
| #define HAVE_SYS_TYPES_H 1
| #define HAVE_SYS_STAT_H 1
| #define HAVE_STDLIB_H 1
| #define HAVE_STRING_H 1
| #define HAVE_MEMORY_H 1
| #define HAVE_STRINGS_H 1
| #define HAVE_INTTYPES_H 1
| #define HAVE_STDINT_H 1
| #define HAVE_UNISTD_H 1
| #define __EXTENSIONS__ 1
| #define _ALL_SOURCE 1
| #define _GNU_SOURCE 1
| #define _POSIX_PTHREAD_SEMANTICS 1
| #define _TANDEM_SOURCE 1
| #define HAVE___ATTRIBUTE__ /**/
| #define HAVE_STDARG_H 1
| #define HAVE_UNSIGNED_LONG_LONG_INT 1
| #define HAVE_VSNPRINTF 1
| #define HAVE_SNPRINTF 1
| #define DIR_SEP '/'
| #define HAVE_READLINE_READLINE_H 1
| #define HAVE_HISTEDIT_H 1
| #define HAVE_READLINE_HISTORY_H 1
| #define EL_INIT_ARGS 4
| #define HAVE_READLINE_HISTORY 1
| #define HAVE_FORK 1
| #define HAVE_VFORK 1
| #define HAVE_WORKING_VFORK 1
| #define HAVE_WORKING_FORK 1
| #define HAVE_ALLOCA_H 1
| #define HAVE_ALLOCA 1
| #define HAVE_DECL_STRERROR_R 1
| #define HAVE_STRERROR_R 1
| #define STRERROR_R_CHAR_P 1
| #define HAVE_CLOCK_GETRES 1
| #define HAVE_CLOCK_GETTIME 1
| #define HAVE_CLOCK_SETTIME 1
| #define HAVE_TIMEGM 1
| #define HAVE_ERRNO_H 1
| #define HAVE_SYS_SOCKET_H 1
| #define HAVE_SYS_TYPES_H 1
| #define HAVE_TIME_H 1
| #define HAVE_NET_IF_H 1
| #define HAVE_LINUX_IF_ADDR_H 1
| #define NEED_EARLY_FORK 1
| #define HAVE_ARPA_NAMESER_H 1
| #define HAVE_SYS_PARAM_H 1
| #define HAVE_SYS_TIME_H 1
| #define HAVE_SYS_SYSCTL_H 1
| #define HAVE_NETINET_IN_SYSTM_H 1
| #define HAVE_NETINET_IN_H 1
| #define HAVE_RESOLV_H 1
| #define HAVE_NETINET_IP_H 1
| #define HAVE_RECVMSG 1
| #define HAVE_INLINE 1
| #define TIME_WITH_SYS_TIME 1
| #define SIZEOF_TIME_T 8
| #define SIZEOF_SIGNED_CHAR 1
| #define HAVE_LONG_LONG 1
| #define SIZEOF_SHORT 2
| #define SIZEOF_INT 4
| #define SIZEOF_LONG 8
| #define SIZEOF_LONG_LONG 8
| #define NEED_S_CHAR_TYPEDEF 1
| #define DEBUG 1
| #define HAVE_SEMAPHORE_H 1
| #define HAVE_SOCKETPAIR 1
| #define HAVE_PTHREAD_H 1
| #define HAVE_PTHREADS 10
| #define HAVE_SCHED_H 1
| #define HAVE_SCHED_YIELD 1
| #define HAVE_PTHREAD_YIELD 1
| #define HAVE_PTHREAD_KILL 1
| #define HAVE_PTHREAD_RWLOCK_DESTROY 1
| #define HAVE_PTHREAD_DETACH 1
| #define HAVE_PTHREAD_SETCONCURRENCY 1
| #define HAVE_PTHREAD_GETCONCURRENCY 1
| #define HAVE_YIELDING_SELECT 1
| #define REENTRANT 1
| #define _REENTRANT 1
| #define THREAD_SAFE 1
| #define _THREAD_SAFE 1
| #define THREADSAFE 1
| #define _THREADSAFE 1
| #define _SGI_MP_SOURCE 1
| #define LDAP_API_FEATURE_X_OPENLDAP_THREAD_SAFE 1
| #define HAVE_SEM_TIMEDWAIT 1
| #define SIZEOF_PTHREAD_T 8
| #define ISC_PLATFORM_USETHREADS 1
| #define HAVE_SIGWAIT 1
| #define HAVE_PTHREAD_ATTR_GETSTACKSIZE 1
| #define HAVE_PTHREAD_ATTR_SETSTACKSIZE 1
| #define HAVE_SYSCONF 1
| #define HAVE_LINUXTHREADS 1
| #define VSNPRINTF_PERCENT_M 1
| #define HAVE_SYS_CAPABILITY_H 1
| #define HAVE_SYS_PRCTL_H 1
| #define HAVE_LINUX_CAPABILITIES 1
| #define HAVE_DROPROOT 1
| #define HAVE_SYS_TYPES_H 1
| #define HAVE_NETINET_IN_H 1
| #define HAVE_ARPA_NAMESER_H 1
| #define HAVE_NETDB_H 1
| #define HAVE_RESOLV_H 1
| #define HAVE___RES_INIT 1
| #define HAVE_UINTPTR_T 1
| #define HAVE_SYS_TIMEPPS_H 1
| #define HAVE_STRUCT_TIMESPEC 1
| #define HAVE_STRUCT_NTPTIMEVAL 1
| #define HAVE_MD5_H 1
| #define HAVE_MD5INIT 1
| #define HAVE_SYSCONF 1
| #define HAVE_GETDTABLESIZE 1
| #define HAVE_SIGACTION 1
| #define HAVE_SIGSET 1
| #define HAVE_SETTIMEOFDAY 1
| #define HAVE_DLFCN_H 1
| #define LT_OBJDIR ".libs/"
| #define HAVE_DIRENT_H 1
| #define HAVE_SYS_MMAN_H 1
| #define HAVE_SYS_PARAM_H 1
| #define HAVE_SYS_POLL_H 1
| #define HAVE_SYS_SELECT_H 1
| #define HAVE_SYS_SOCKET_H 1
| /* end confdefs.h.  */
| #include <stdio.h>
| #ifdef HAVE_SYS_TYPES_H
| # include <sys/types.h>
| #endif
| #ifdef HAVE_SYS_STAT_H
| # include <sys/stat.h>
| #endif
| #ifdef STDC_HEADERS
| # include <stdlib.h>
| # include <stddef.h>
| #else
| # ifdef HAVE_STDLIB_H
| #  include <stdlib.h>
| # endif
| #endif
| #ifdef HAVE_STRING_H
| # if !defined STDC_HEADERS && defined HAVE_MEMORY_H
| #  include <memory.h>
| # endif
| # include <string.h>
| #endif
| #ifdef HAVE_STRINGS_H
| # include <strings.h>
| #endif
| #ifdef HAVE_INTTYPES_H
| # include <inttypes.h>
| #endif
| #ifdef HAVE_STDINT_H
| # include <stdint.h>
| #endif
| #ifdef HAVE_UNISTD_H
| # include <unistd.h>
| #endif
| #include <sys/stropts.h>
configure:23124: result: no
configure:23124: checking sys/stropts.h presence
configure:23124: x86_64-linux-gnu-gcc -E -Wdate-time -D_FORTIFY_SOURCE=2 -D_GNU_SOURCE conftest.c
conftest.c:137:10: fatal error: sys/stropts.h: No such file or directory
  137 | #include <sys/stropts.h>
      |          ^~~~~~~~~~~~~~~
compilation terminated.
configure:23124: $? = 1
configure: failed program was:
| /* confdefs.h */
| #define PACKAGE_NAME "sntp"
| #define PACKAGE_TARNAME "sntp"
| #define PACKAGE_VERSION "4.2.8p15"
| #define PACKAGE_STRING "sntp 4.2.8p15"
| #define PACKAGE_BUGREPORT "http://bugs.ntp.org./"
| #define PACKAGE_URL "http://www.ntp.org./"
| #define PACKAGE "sntp"
| #define VERSION "4.2.8p15"
| #define STR_SYSTEM "x86_64-pc-linux-gnu"
| #define STDC_HEADERS 1
| #define HAVE_SYS_TYPES_H 1
| #define HAVE_SYS_STAT_H 1
| #define HAVE_STDLIB_H 1
| #define HAVE_STRING_H 1
| #define HAVE_MEMORY_H 1
| #define HAVE_STRINGS_H 1
| #define HAVE_INTTYPES_H 1
| #define HAVE_STDINT_H 1
| #define HAVE_UNISTD_H 1
| #define __EXTENSIONS__ 1
| #define _ALL_SOURCE 1
| #define _GNU_SOURCE 1
| #define _POSIX_PTHREAD_SEMANTICS 1
| #define _TANDEM_SOURCE 1
| #define HAVE___ATTRIBUTE__ /**/
| #define HAVE_STDARG_H 1
| #define HAVE_UNSIGNED_LONG_LONG_INT 1
| #define HAVE_VSNPRINTF 1
| #define HAVE_SNPRINTF 1
| #define DIR_SEP '/'
| #define HAVE_READLINE_READLINE_H 1
| #define HAVE_HISTEDIT_H 1
| #define HAVE_READLINE_HISTORY_H 1
| #define EL_INIT_ARGS 4
| #define HAVE_READLINE_HISTORY 1
| #define HAVE_FORK 1
| #define HAVE_VFORK 1
| #define HAVE_WORKING_VFORK 1
| #define HAVE_WORKING_FORK 1
| #define HAVE_ALLOCA_H 1
| #define HAVE_ALLOCA 1
| #define HAVE_DECL_STRERROR_R 1
| #define HAVE_STRERROR_R 1
| #define STRERROR_R_CHAR_P 1
| #define HAVE_CLOCK_GETRES 1
| #define HAVE_CLOCK_GETTIME 1
| #define HAVE_CLOCK_SETTIME 1
| #define HAVE_TIMEGM 1
| #define HAVE_ERRNO_H 1
| #define HAVE_SYS_SOCKET_H 1
| #define HAVE_SYS_TYPES_H 1
| #define HAVE_TIME_H 1
| #define HAVE_NET_IF_H 1
| #define HAVE_LINUX_IF_ADDR_H 1
| #define NEED_EARLY_FORK 1
| #define HAVE_ARPA_NAMESER_H 1
| #define HAVE_SYS_PARAM_H 1
| #define HAVE_SYS_TIME_H 1
| #define HAVE_SYS_SYSCTL_H 1
| #define HAVE_NETINET_IN_SYSTM_H 1
| #define HAVE_NETINET_IN_H 1
| #define HAVE_RESOLV_H 1
| #define HAVE_NETINET_IP_H 1
| #define HAVE_RECVMSG 1
| #define HAVE_INLINE 1
| #define TIME_WITH_SYS_TIME 1
| #define SIZEOF_TIME_T 8
| #define SIZEOF_SIGNED_CHAR 1
| #define HAVE_LONG_LONG 1
| #define SIZEOF_SHORT 2
| #define SIZEOF_INT 4
| #define SIZEOF_LONG 8
| #define SIZEOF_LONG_LONG 8
| #define NEED_S_CHAR_TYPEDEF 1
| #define DEBUG 1
| #define HAVE_SEMAPHORE_H 1
| #define HAVE_SOCKETPAIR 1
| #define HAVE_PTHREAD_H 1
| #define HAVE_PTHREADS 10
| #define HAVE_SCHED_H 1
| #define HAVE_SCHED_YIELD 1
| #define HAVE_PTHREAD_YIELD 1
| #define HAVE_PTHREAD_KILL 1
| #define HAVE_PTHREAD_RWLOCK_DESTROY 1
| #define HAVE_PTHREAD_DETACH 1
| #define HAVE_PTHREAD_SETCONCURRENCY 1
| #define HAVE_PTHREAD_GETCONCURRENCY 1
| #define HAVE_YIELDING_SELECT 1
| #define REENTRANT 1
| #define _REENTRANT 1
| #define THREAD_SAFE 1
| #define _THREAD_SAFE 1
| #define THREADSAFE 1
| #define _THREADSAFE 1
| #define _SGI_MP_SOURCE 1
| #define LDAP_API_FEATURE_X_OPENLDAP_THREAD_SAFE 1
| #define HAVE_SEM_TIMEDWAIT 1
| #define SIZEOF_PTHREAD_T 8
| #define ISC_PLATFORM_USETHREADS 1
| #define HAVE_SIGWAIT 1
| #define HAVE_PTHREAD_ATTR_GETSTACKSIZE 1
| #define HAVE_PTHREAD_ATTR_SETSTACKSIZE 1
| #define HAVE_SYSCONF 1
| #define HAVE_LINUXTHREADS 1
| #define VSNPRINTF_PERCENT_M 1
| #define HAVE_SYS_CAPABILITY_H 1
| #define HAVE_SYS_PRCTL_H 1
| #define HAVE_LINUX_CAPABILITIES 1
| #define HAVE_DROPROOT 1
| #define HAVE_SYS_TYPES_H 1
| #define HAVE_NETINET_IN_H 1
| #define HAVE_ARPA_NAMESER_H 1
| #define HAVE_NETDB_H 1
| #define HAVE_RESOLV_H 1
| #define HAVE___RES_INIT 1
| #define HAVE_UINTPTR_T 1
| #define HAVE_SYS_TIMEPPS_H 1
| #define HAVE_STRUCT_TIMESPEC 1
| #define HAVE_STRUCT_NTPTIMEVAL 1
| #define HAVE_MD5_H 1
| #define HAVE_MD5INIT 1
| #define HAVE_SYSCONF 1
| #define HAVE_GETDTABLESIZE 1
| #define HAVE_SIGACTION 1
| #define HAVE_SIGSET 1
| #define HAVE_SETTIMEOFDAY 1
| #define HAVE_DLFCN_H 1
| #define LT_OBJDIR ".libs/"
| #define HAVE_DIRENT_H 1
| #define HAVE_SYS_MMAN_H 1
| #define HAVE_SYS_PARAM_H 1
| #define HAVE_SYS_POLL_H 1
| #define HAVE_SYS_SELECT_H 1
| #define HAVE_SYS_SOCKET_H 1
| /* end confdefs.h.  */
| #include <sys/stropts.h>
configure:23124: result: no
configure:23124: checking for sys/stropts.h
configure:23124: result: no
configure:23124: checking for sys/time.h
configure:23124: result: yes
configure:23124: checking sys/un.h usability
configure:23124: x86_64-linux-gnu-gcc -c -g -O2 -ffile-prefix-map=/sonic/src/ntp/ntp-4.2.8p15=. -fstack-protector-strong -Wformat -Werror=format-security -fno-strict-aliasing -fcommon -Wdate-time -D_FORTIFY_SOURCE=2 -D_GNU_SOURCE conftest.c >&5
configure:23124: $? = 0
configure:23124: result: yes
configure:23124: checking sys/un.h presence
configure:23124: x86_64-linux-gnu-gcc -E -Wdate-time -D_FORTIFY_SOURCE=2 -D_GNU_SOURCE conftest.c
configure:23124: $? = 0
configure:23124: result: yes
configure:23124: checking for sys/un.h
configure:23124: result: yes
configure:23124: checking sys/wait.h usability
configure:23124: x86_64-linux-gnu-gcc -c -g -O2 -ffile-prefix-map=/sonic/src/ntp/ntp-4.2.8p15=. -fstack-protector-strong -Wformat -Werror=format-security -fno-strict-aliasing -fcommon -Wdate-time -D_FORTIFY_SOURCE=2 -D_GNU_SOURCE conftest.c >&5
configure:23124: $? = 0
configure:23124: result: yes
configure:23124: checking sys/wait.h presence
configure:23124: x86_64-linux-gnu-gcc -E -Wdate-time -D_FORTIFY_SOURCE=2 -D_GNU_SOURCE conftest.c
configure:23124: $? = 0
configure:23124: result: yes
configure:23124: checking for sys/wait.h
configure:23124: result: yes
configure:23124: checking for dlfcn.h
configure:23124: result: yes
configure:23124: checking for errno.h
configure:23124: result: yes
configure:23124: checking fcntl.h usability
configure:23124: x86_64-linux-gnu-gcc -c -g -O2 -ffile-prefix-map=/sonic/src/ntp/ntp-4.2.8p15=. -fstack-protector-strong -Wformat -Werror=format-security -fno-strict-aliasing -fcommon -Wdate-time -D_FORTIFY_SOURCE=2 -D_GNU_SOURCE conftest.c >&5
configure:23124: $? = 0
configure:23124: result: yes
configure:23124: checking fcntl.h presence
configure:23124: x86_64-linux-gnu-gcc -E -Wdate-time -D_FORTIFY_SOURCE=2 -D_GNU_SOURCE conftest.c
configure:23124: $? = 0
configure:23124: result: yes
configure:23124: checking for fcntl.h
configure:23124: result: yes
configure:23124: checking libgen.h usability
configure:23124: x86_64-linux-gnu-gcc -c -g -O2 -ffile-prefix-map=/sonic/src/ntp/ntp-4.2.8p15=. -fstack-protector-strong -Wformat -Werror=format-security -fno-strict-aliasing -fcommon -Wdate-time -D_FORTIFY_SOURCE=2 -D_GNU_SOURCE conftest.c >&5
configure:23124: $? = 0
configure:23124: result: yes
configure:23124: checking libgen.h presence
configure:23124: x86_64-linux-gnu-gcc -E -Wdate-time -D_FORTIFY_SOURCE=2 -D_GNU_SOURCE conftest.c
configure:23124: $? = 0
configure:23124: result: yes
configure:23124: checking for libgen.h
configure:23124: result: yes
configure:23124: checking libintl.h usability
configure:23124: x86_64-linux-gnu-gcc -c -g -O2 -ffile-prefix-map=/sonic/src/ntp/ntp-4.2.8p15=. -fstack-protector-strong -Wformat -Werror=format-security -fno-strict-aliasing -fcommon -Wdate-time -D_FORTIFY_SOURCE=2 -D_GNU_SOURCE conftest.c >&5
configure:23124: $? = 0
configure:23124: result: yes
configure:23124: checking libintl.h presence
configure:23124: x86_64-linux-gnu-gcc -E -Wdate-time -D_FORTIFY_SOURCE=2 -D_GNU_SOURCE conftest.c
configure:23124: $? = 0
configure:23124: result: yes
configure:23124: checking for libintl.h
configure:23124: result: yes
configure:23124: checking for memory.h
configure:23124: result: yes
configure:23124: checking for netinet/in.h
configure:23124: result: yes
configure:23124: checking setjmp.h usability
configure:23124: x86_64-linux-gnu-gcc -c -g -O2 -ffile-prefix-map=/sonic/src/ntp/ntp-4.2.8p15=. -fstack-protector-strong -Wformat -Werror=format-security -fno-strict-aliasing -fcommon -Wdate-time -D_FORTIFY_SOURCE=2 -D_GNU_SOURCE conftest.c >&5
configure:23124: $? = 0
configure:23124: result: yes
configure:23124: checking setjmp.h presence
configure:23124: x86_64-linux-gnu-gcc -E -Wdate-time -D_FORTIFY_SOURCE=2 -D_GNU_SOURCE conftest.c
configure:23124: $? = 0
configure:23124: result: yes
configure:23124: checking for setjmp.h
configure:23124: result: yes
configure:23124: checking stdbool.h usability
configure:23124: x86_64-linux-gnu-gcc -c -g -O2 -ffile-prefix-map=/sonic/src/ntp/ntp-4.2.8p15=. -fstack-protector-strong -Wformat -Werror=format-security -fno-strict-aliasing -fcommon -Wdate-time -D_FORTIFY_SOURCE=2 -D_GNU_SOURCE conftest.c >&5
configure:23124: $? = 0
configure:23124: result: yes
configure:23124: checking stdbool.h presence
configure:23124: x86_64-linux-gnu-gcc -E -Wdate-time -D_FORTIFY_SOURCE=2 -D_GNU_SOURCE conftest.c
configure:23124: $? = 0
configure:23124: result: yes
configure:23124: checking for stdbool.h
configure:23124: result: yes
configure:23124: checking sysexits.h usability
configure:23124: x86_64-linux-gnu-gcc -c -g -O2 -ffile-prefix-map=/sonic/src/ntp/ntp-4.2.8p15=. -fstack-protector-strong -Wformat -Werror=format-security -fno-strict-aliasing -fcommon -Wdate-time -D_FORTIFY_SOURCE=2 -D_GNU_SOURCE conftest.c >&5
configure:23124: $? = 0
configure:23124: result: yes
configure:23124: checking sysexits.h presence
configure:23124: x86_64-linux-gnu-gcc -E -Wdate-time -D_FORTIFY_SOURCE=2 -D_GNU_SOURCE conftest.c
configure:23124: $? = 0
configure:23124: result: yes
configure:23124: checking for sysexits.h
configure:23124: result: yes
configure:23124: checking for unistd.h
configure:23124: result: yes
configure:23124: checking utime.h usability
configure:23124: x86_64-linux-gnu-gcc -c -g -O2 -ffile-prefix-map=/sonic/src/ntp/ntp-4.2.8p15=. -fstack-protector-strong -Wformat -Werror=format-security -fno-strict-aliasing -fcommon -Wdate-time -D_FORTIFY_SOURCE=2 -D_GNU_SOURCE conftest.c >&5
configure:23124: $? = 0
configure:23124: result: yes
configure:23124: checking utime.h presence
configure:23124: x86_64-linux-gnu-gcc -E -Wdate-time -D_FORTIFY_SOURCE=2 -D_GNU_SOURCE conftest.c
configure:23124: $? = 0
configure:23124: result: yes
configure:23124: checking for utime.h
configure:23124: result: yes
configure:23138: checking for stdarg.h
configure:23138: result: yes
configure:23154: checking for string.h
configure:23154: result: yes
configure:23170: checking limits.h usability
configure:23170: x86_64-linux-gnu-gcc -c -g -O2 -ffile-prefix-map=/sonic/src/ntp/ntp-4.2.8p15=. -fstack-protector-strong -Wformat -Werror=format-security -fno-strict-aliasing -fcommon -Wdate-time -D_FORTIFY_SOURCE=2 -D_GNU_SOURCE conftest.c >&5
configure:23170: $? = 0
configure:23170: result: yes
configure:23170: checking limits.h presence
configure:23170: x86_64-linux-gnu-gcc -E -Wdate-time -D_FORTIFY_SOURCE=2 -D_GNU_SOURCE conftest.c
configure:23170: $? = 0
configure:23170: result: yes
configure:23170: checking for limits.h
configure:23170: result: yes
configure:23186: checking for inttypes.h
configure:23186: result: yes
configure:23199: checking for working stdnoreturn.h
configure:23228: x86_64-linux-gnu-gcc -c -g -O2 -ffile-prefix-map=/sonic/src/ntp/ntp-4.2.8p15=. -fstack-protector-strong -Wformat -Werror=format-security -fno-strict-aliasing -fcommon -Wdate-time -D_FORTIFY_SOURCE=2 -D_GNU_SOURCE conftest.c >&5
configure:23228: $? = 0
configure:23235: result: yes
configure:23262: checking for runetype.h
configure:23262: x86_64-linux-gnu-gcc -c -g -O2 -ffile-prefix-map=/sonic/src/ntp/ntp-4.2.8p15=. -fstack-protector-strong -Wformat -Werror=format-security -fno-strict-aliasing -fcommon -Wdate-time -D_FORTIFY_SOURCE=2 -D_GNU_SOURCE conftest.c >&5
conftest.c:195:10: fatal error: runetype.h: No such file or directory
  195 | #include <runetype.h>
      |          ^~~~~~~~~~~~
compilation terminated.
configure:23262: $? = 1
configure: failed program was:
| /* confdefs.h */
| #define PACKAGE_NAME "sntp"
| #define PACKAGE_TARNAME "sntp"
| #define PACKAGE_VERSION "4.2.8p15"
| #define PACKAGE_STRING "sntp 4.2.8p15"
| #define PACKAGE_BUGREPORT "http://bugs.ntp.org./"
| #define PACKAGE_URL "http://www.ntp.org./"
| #define PACKAGE "sntp"
| #define VERSION "4.2.8p15"
| #define STR_SYSTEM "x86_64-pc-linux-gnu"
| #define STDC_HEADERS 1
| #define HAVE_SYS_TYPES_H 1
| #define HAVE_SYS_STAT_H 1
| #define HAVE_STDLIB_H 1
| #define HAVE_STRING_H 1
| #define HAVE_MEMORY_H 1
| #define HAVE_STRINGS_H 1
| #define HAVE_INTTYPES_H 1
| #define HAVE_STDINT_H 1
| #define HAVE_UNISTD_H 1
| #define __EXTENSIONS__ 1
| #define _ALL_SOURCE 1
| #define _GNU_SOURCE 1
| #define _POSIX_PTHREAD_SEMANTICS 1
| #define _TANDEM_SOURCE 1
| #define HAVE___ATTRIBUTE__ /**/
| #define HAVE_STDARG_H 1
| #define HAVE_UNSIGNED_LONG_LONG_INT 1
| #define HAVE_VSNPRINTF 1
| #define HAVE_SNPRINTF 1
| #define DIR_SEP '/'
| #define HAVE_READLINE_READLINE_H 1
| #define HAVE_HISTEDIT_H 1
| #define HAVE_READLINE_HISTORY_H 1
| #define EL_INIT_ARGS 4
| #define HAVE_READLINE_HISTORY 1
| #define HAVE_FORK 1
| #define HAVE_VFORK 1
| #define HAVE_WORKING_VFORK 1
| #define HAVE_WORKING_FORK 1
| #define HAVE_ALLOCA_H 1
| #define HAVE_ALLOCA 1
| #define HAVE_DECL_STRERROR_R 1
| #define HAVE_STRERROR_R 1
| #define STRERROR_R_CHAR_P 1
| #define HAVE_CLOCK_GETRES 1
| #define HAVE_CLOCK_GETTIME 1
| #define HAVE_CLOCK_SETTIME 1
| #define HAVE_TIMEGM 1
| #define HAVE_ERRNO_H 1
| #define HAVE_SYS_SOCKET_H 1
| #define HAVE_SYS_TYPES_H 1
| #define HAVE_TIME_H 1
| #define HAVE_NET_IF_H 1
| #define HAVE_LINUX_IF_ADDR_H 1
| #define NEED_EARLY_FORK 1
| #define HAVE_ARPA_NAMESER_H 1
| #define HAVE_SYS_PARAM_H 1
| #define HAVE_SYS_TIME_H 1
| #define HAVE_SYS_SYSCTL_H 1
| #define HAVE_NETINET_IN_SYSTM_H 1
| #define HAVE_NETINET_IN_H 1
| #define HAVE_RESOLV_H 1
| #define HAVE_NETINET_IP_H 1
| #define HAVE_RECVMSG 1
| #define HAVE_INLINE 1
| #define TIME_WITH_SYS_TIME 1
| #define SIZEOF_TIME_T 8
| #define SIZEOF_SIGNED_CHAR 1
| #define HAVE_LONG_LONG 1
| #define SIZEOF_SHORT 2
| #define SIZEOF_INT 4
| #define SIZEOF_LONG 8
| #define SIZEOF_LONG_LONG 8
| #define NEED_S_CHAR_TYPEDEF 1
| #define DEBUG 1
| #define HAVE_SEMAPHORE_H 1
| #define HAVE_SOCKETPAIR 1
| #define HAVE_PTHREAD_H 1
| #define HAVE_PTHREADS 10
| #define HAVE_SCHED_H 1
| #define HAVE_SCHED_YIELD 1
| #define HAVE_PTHREAD_YIELD 1
| #define HAVE_PTHREAD_KILL 1
| #define HAVE_PTHREAD_RWLOCK_DESTROY 1
| #define HAVE_PTHREAD_DETACH 1
| #define HAVE_PTHREAD_SETCONCURRENCY 1
| #define HAVE_PTHREAD_GETCONCURRENCY 1
| #define HAVE_YIELDING_SELECT 1
| #define REENTRANT 1
| #define _REENTRANT 1
| #define THREAD_SAFE 1
| #define _THREAD_SAFE 1
| #define THREADSAFE 1
| #define _THREADSAFE 1
| #define _SGI_MP_SOURCE 1
| #define LDAP_API_FEATURE_X_OPENLDAP_THREAD_SAFE 1
| #define HAVE_SEM_TIMEDWAIT 1
| #define SIZEOF_PTHREAD_T 8
| #define ISC_PLATFORM_USETHREADS 1
| #define HAVE_SIGWAIT 1
| #define HAVE_PTHREAD_ATTR_GETSTACKSIZE 1
| #define HAVE_PTHREAD_ATTR_SETSTACKSIZE 1
| #define HAVE_SYSCONF 1
| #define HAVE_LINUXTHREADS 1
| #define VSNPRINTF_PERCENT_M 1
| #define HAVE_SYS_CAPABILITY_H 1
| #define HAVE_SYS_PRCTL_H 1
| #define HAVE_LINUX_CAPABILITIES 1
| #define HAVE_DROPROOT 1
| #define HAVE_SYS_TYPES_H 1
| #define HAVE_NETINET_IN_H 1
| #define HAVE_ARPA_NAMESER_H 1
| #define HAVE_NETDB_H 1
| #define HAVE_RESOLV_H 1
| #define HAVE___RES_INIT 1
| #define HAVE_UINTPTR_T 1
| #define HAVE_SYS_TIMEPPS_H 1
| #define HAVE_STRUCT_TIMESPEC 1
| #define HAVE_STRUCT_NTPTIMEVAL 1
| #define HAVE_MD5_H 1
| #define HAVE_MD5INIT 1
| #define HAVE_SYSCONF 1
| #define HAVE_GETDTABLESIZE 1
| #define HAVE_SIGACTION 1
| #define HAVE_SIGSET 1
| #define HAVE_SETTIMEOFDAY 1
| #define HAVE_DLFCN_H 1
| #define LT_OBJDIR ".libs/"
| #define HAVE_DIRENT_H 1
| #define HAVE_SYS_MMAN_H 1
| #define HAVE_SYS_PARAM_H 1
| #define HAVE_SYS_POLL_H 1
| #define HAVE_SYS_SELECT_H 1
| #define HAVE_SYS_SOCKET_H 1
| #define HAVE_SYS_TIME_H 1
| #define HAVE_SYS_UN_H 1
| #define HAVE_SYS_WAIT_H 1
| #define HAVE_DLFCN_H 1
| #define HAVE_ERRNO_H 1
| #define HAVE_FCNTL_H 1
| #define HAVE_LIBGEN_H 1
| #define HAVE_LIBINTL_H 1
| #define HAVE_MEMORY_H 1
| #define HAVE_NETINET_IN_H 1
| #define HAVE_SETJMP_H 1
| #define HAVE_STDBOOL_H 1
| #define HAVE_SYSEXITS_H 1
| #define HAVE_UNISTD_H 1
| #define HAVE_UTIME_H 1
| #define HAVE_STDARG_H 1
| #define HAVE_STRING_H 1
| #define HAVE_LIMITS_H 1
| #define HAVE_INTTYPES_H 1
| /* end confdefs.h.  */
| 
|   #include <stdio.h>
| #ifdef HAVE_SYS_TYPES_H
| # include <sys/types.h>
| #endif
| #ifdef HAVE_SYS_STAT_H
| # include <sys/stat.h>
| #endif
| #ifdef STDC_HEADERS
| # include <stdlib.h>
| # include <stddef.h>
| #else
| # ifdef HAVE_STDLIB_H
| #  include <stdlib.h>
| # endif
| #endif
| #ifdef HAVE_STRING_H
| # if !defined STDC_HEADERS && defined HAVE_MEMORY_H
| #  include <memory.h>
| # endif
| # include <string.h>
| #endif
| #ifdef HAVE_STRINGS_H
| # include <strings.h>
| #endif
| #ifdef HAVE_INTTYPES_H
| # include <inttypes.h>
| #endif
| #ifdef HAVE_STDINT_H
| # include <stdint.h>
| #endif
| #ifdef HAVE_UNISTD_H
| # include <unistd.h>
| #endif
|   #if HAVE_RUNETYPE_H
|   # include <runetype.h>
|   #endif
| 
| 
| #include <runetype.h>
configure:23262: result: no
configure:23262: checking for wchar.h
configure:23262: x86_64-linux-gnu-gcc -c -g -O2 -ffile-prefix-map=/sonic/src/ntp/ntp-4.2.8p15=. -fstack-protector-strong -Wformat -Werror=format-security -fno-strict-aliasing -fcommon -Wdate-time -D_FORTIFY_SOURCE=2 -D_GNU_SOURCE conftest.c >&5
configure:23262: $? = 0
configure:23262: result: yes
configure:23319: checking for wchar_t
configure:23319: x86_64-linux-gnu-gcc -c -g -O2 -ffile-prefix-map=/sonic/src/ntp/ntp-4.2.8p15=. -fstack-protector-strong -Wformat -Werror=format-security -fno-strict-aliasing -fcommon -Wdate-time -D_FORTIFY_SOURCE=2 -D_GNU_SOURCE conftest.c >&5
configure:23319: $? = 0
configure:23319: x86_64-linux-gnu-gcc -c -g -O2 -ffile-prefix-map=/sonic/src/ntp/ntp-4.2.8p15=. -fstack-protector-strong -Wformat -Werror=format-security -fno-strict-aliasing -fcommon -Wdate-time -D_FORTIFY_SOURCE=2 -D_GNU_SOURCE conftest.c >&5
conftest.c: In function 'main':
conftest.c:193:22: error: expected expression before ')' token
  193 | if (sizeof ((wchar_t)))
      |                      ^
configure:23319: $? = 1
configure: failed program was:
| /* confdefs.h */
| #define PACKAGE_NAME "sntp"
| #define PACKAGE_TARNAME "sntp"
| #define PACKAGE_VERSION "4.2.8p15"
| #define PACKAGE_STRING "sntp 4.2.8p15"
| #define PACKAGE_BUGREPORT "http://bugs.ntp.org./"
| #define PACKAGE_URL "http://www.ntp.org./"
| #define PACKAGE "sntp"
| #define VERSION "4.2.8p15"
| #define STR_SYSTEM "x86_64-pc-linux-gnu"
| #define STDC_HEADERS 1
| #define HAVE_SYS_TYPES_H 1
| #define HAVE_SYS_STAT_H 1
| #define HAVE_STDLIB_H 1
| #define HAVE_STRING_H 1
| #define HAVE_MEMORY_H 1
| #define HAVE_STRINGS_H 1
| #define HAVE_INTTYPES_H 1
| #define HAVE_STDINT_H 1
| #define HAVE_UNISTD_H 1
| #define __EXTENSIONS__ 1
| #define _ALL_SOURCE 1
| #define _GNU_SOURCE 1
| #define _POSIX_PTHREAD_SEMANTICS 1
| #define _TANDEM_SOURCE 1
| #define HAVE___ATTRIBUTE__ /**/
| #define HAVE_STDARG_H 1
| #define HAVE_UNSIGNED_LONG_LONG_INT 1
| #define HAVE_VSNPRINTF 1
| #define HAVE_SNPRINTF 1
| #define DIR_SEP '/'
| #define HAVE_READLINE_READLINE_H 1
| #define HAVE_HISTEDIT_H 1
| #define HAVE_READLINE_HISTORY_H 1
| #define EL_INIT_ARGS 4
| #define HAVE_READLINE_HISTORY 1
| #define HAVE_FORK 1
| #define HAVE_VFORK 1
| #define HAVE_WORKING_VFORK 1
| #define HAVE_WORKING_FORK 1
| #define HAVE_ALLOCA_H 1
| #define HAVE_ALLOCA 1
| #define HAVE_DECL_STRERROR_R 1
| #define HAVE_STRERROR_R 1
| #define STRERROR_R_CHAR_P 1
| #define HAVE_CLOCK_GETRES 1
| #define HAVE_CLOCK_GETTIME 1
| #define HAVE_CLOCK_SETTIME 1
| #define HAVE_TIMEGM 1
| #define HAVE_ERRNO_H 1
| #define HAVE_SYS_SOCKET_H 1
| #define HAVE_SYS_TYPES_H 1
| #define HAVE_TIME_H 1
| #define HAVE_NET_IF_H 1
| #define HAVE_LINUX_IF_ADDR_H 1
| #define NEED_EARLY_FORK 1
| #define HAVE_ARPA_NAMESER_H 1
| #define HAVE_SYS_PARAM_H 1
| #define HAVE_SYS_TIME_H 1
| #define HAVE_SYS_SYSCTL_H 1
| #define HAVE_NETINET_IN_SYSTM_H 1
| #define HAVE_NETINET_IN_H 1
| #define HAVE_RESOLV_H 1
| #define HAVE_NETINET_IP_H 1
| #define HAVE_RECVMSG 1
| #define HAVE_INLINE 1
| #define TIME_WITH_SYS_TIME 1
| #define SIZEOF_TIME_T 8
| #define SIZEOF_SIGNED_CHAR 1
| #define HAVE_LONG_LONG 1
| #define SIZEOF_SHORT 2
| #define SIZEOF_INT 4
| #define SIZEOF_LONG 8
| #define SIZEOF_LONG_LONG 8
| #define NEED_S_CHAR_TYPEDEF 1
| #define DEBUG 1
| #define HAVE_SEMAPHORE_H 1
| #define HAVE_SOCKETPAIR 1
| #define HAVE_PTHREAD_H 1
| #define HAVE_PTHREADS 10
| #define HAVE_SCHED_H 1
| #define HAVE_SCHED_YIELD 1
| #define HAVE_PTHREAD_YIELD 1
| #define HAVE_PTHREAD_KILL 1
| #define HAVE_PTHREAD_RWLOCK_DESTROY 1
| #define HAVE_PTHREAD_DETACH 1
| #define HAVE_PTHREAD_SETCONCURRENCY 1
| #define HAVE_PTHREAD_GETCONCURRENCY 1
| #define HAVE_YIELDING_SELECT 1
| #define REENTRANT 1
| #define _REENTRANT 1
| #define THREAD_SAFE 1
| #define _THREAD_SAFE 1
| #define THREADSAFE 1
| #define _THREADSAFE 1
| #define _SGI_MP_SOURCE 1
| #define LDAP_API_FEATURE_X_OPENLDAP_THREAD_SAFE 1
| #define HAVE_SEM_TIMEDWAIT 1
| #define SIZEOF_PTHREAD_T 8
| #define ISC_PLATFORM_USETHREADS 1
| #define HAVE_SIGWAIT 1
| #define HAVE_PTHREAD_ATTR_GETSTACKSIZE 1
| #define HAVE_PTHREAD_ATTR_SETSTACKSIZE 1
| #define HAVE_SYSCONF 1
| #define HAVE_LINUXTHREADS 1
| #define VSNPRINTF_PERCENT_M 1
| #define HAVE_SYS_CAPABILITY_H 1
| #define HAVE_SYS_PRCTL_H 1
| #define HAVE_LINUX_CAPABILITIES 1
| #define HAVE_DROPROOT 1
| #define HAVE_SYS_TYPES_H 1
| #define HAVE_NETINET_IN_H 1
| #define HAVE_ARPA_NAMESER_H 1
| #define HAVE_NETDB_H 1
| #define HAVE_RESOLV_H 1
| #define HAVE___RES_INIT 1
| #define HAVE_UINTPTR_T 1
| #define HAVE_SYS_TIMEPPS_H 1
| #define HAVE_STRUCT_TIMESPEC 1
| #define HAVE_STRUCT_NTPTIMEVAL 1
| #define HAVE_MD5_H 1
| #define HAVE_MD5INIT 1
| #define HAVE_SYSCONF 1
| #define HAVE_GETDTABLESIZE 1
| #define HAVE_SIGACTION 1
| #define HAVE_SIGSET 1
| #define HAVE_SETTIMEOFDAY 1
| #define HAVE_DLFCN_H 1
| #define LT_OBJDIR ".libs/"
| #define HAVE_DIRENT_H 1
| #define HAVE_SYS_MMAN_H 1
| #define HAVE_SYS_PARAM_H 1
| #define HAVE_SYS_POLL_H 1
| #define HAVE_SYS_SELECT_H 1
| #define HAVE_SYS_SOCKET_H 1
| #define HAVE_SYS_TIME_H 1
| #define HAVE_SYS_UN_H 1
| #define HAVE_SYS_WAIT_H 1
| #define HAVE_DLFCN_H 1
| #define HAVE_ERRNO_H 1
| #define HAVE_FCNTL_H 1
| #define HAVE_LIBGEN_H 1
| #define HAVE_LIBINTL_H 1
| #define HAVE_MEMORY_H 1
| #define HAVE_NETINET_IN_H 1
| #define HAVE_SETJMP_H 1
| #define HAVE_STDBOOL_H 1
| #define HAVE_SYSEXITS_H 1
| #define HAVE_UNISTD_H 1
| #define HAVE_UTIME_H 1
| #define HAVE_STDARG_H 1
| #define HAVE_STRING_H 1
| #define HAVE_LIMITS_H 1
| #define HAVE_INTTYPES_H 1
| #define HAVE_WCHAR_H 1
| /* end confdefs.h.  */
| #include <stdio.h>
| #ifdef HAVE_SYS_TYPES_H
| # include <sys/types.h>
| #endif
| #ifdef HAVE_SYS_STAT_H
| # include <sys/stat.h>
| #endif
| #ifdef STDC_HEADERS
| # include <stdlib.h>
| # include <stddef.h>
| #else
| # ifdef HAVE_STDLIB_H
| #  include <stdlib.h>
| # endif
| #endif
| #ifdef HAVE_STRING_H
| # if !defined STDC_HEADERS && defined HAVE_MEMORY_H
| #  include <memory.h>
| # endif
| # include <string.h>
| #endif
| #ifdef HAVE_STRINGS_H
| # include <strings.h>
| #endif
| #ifdef HAVE_INTTYPES_H
| # include <inttypes.h>
| #endif
| #ifdef HAVE_STDINT_H
| # include <stdint.h>
| #endif
| #ifdef HAVE_UNISTD_H
| # include <unistd.h>
| #endif
| int
| main ()
| {
| if (sizeof ((wchar_t)))
| 	    return 0;
|   ;
|   return 0;
| }
configure:23319: result: yes
configure:23329: checking for wint_t
configure:23329: x86_64-linux-gnu-gcc -c -g -O2 -ffile-prefix-map=/sonic/src/ntp/ntp-4.2.8p15=. -fstack-protector-strong -Wformat -Werror=format-security -fno-strict-aliasing -fcommon -Wdate-time -D_FORTIFY_SOURCE=2 -D_GNU_SOURCE conftest.c >&5
configure:23329: $? = 0
configure:23329: x86_64-linux-gnu-gcc -c -g -O2 -ffile-prefix-map=/sonic/src/ntp/ntp-4.2.8p15=. -fstack-protector-strong -Wformat -Werror=format-security -fno-strict-aliasing -fcommon -Wdate-time -D_FORTIFY_SOURCE=2 -D_GNU_SOURCE conftest.c >&5
conftest.c: In function 'main':
conftest.c:203:21: error: expected expression before ')' token
  203 | if (sizeof ((wint_t)))
      |                     ^
configure:23329: $? = 1
configure: failed program was:
| /* confdefs.h */
| #define PACKAGE_NAME "sntp"
| #define PACKAGE_TARNAME "sntp"
| #define PACKAGE_VERSION "4.2.8p15"
| #define PACKAGE_STRING "sntp 4.2.8p15"
| #define PACKAGE_BUGREPORT "http://bugs.ntp.org./"
| #define PACKAGE_URL "http://www.ntp.org./"
| #define PACKAGE "sntp"
| #define VERSION "4.2.8p15"
| #define STR_SYSTEM "x86_64-pc-linux-gnu"
| #define STDC_HEADERS 1
| #define HAVE_SYS_TYPES_H 1
| #define HAVE_SYS_STAT_H 1
| #define HAVE_STDLIB_H 1
| #define HAVE_STRING_H 1
| #define HAVE_MEMORY_H 1
| #define HAVE_STRINGS_H 1
| #define HAVE_INTTYPES_H 1
| #define HAVE_STDINT_H 1
| #define HAVE_UNISTD_H 1
| #define __EXTENSIONS__ 1
| #define _ALL_SOURCE 1
| #define _GNU_SOURCE 1
| #define _POSIX_PTHREAD_SEMANTICS 1
| #define _TANDEM_SOURCE 1
| #define HAVE___ATTRIBUTE__ /**/
| #define HAVE_STDARG_H 1
| #define HAVE_UNSIGNED_LONG_LONG_INT 1
| #define HAVE_VSNPRINTF 1
| #define HAVE_SNPRINTF 1
| #define DIR_SEP '/'
| #define HAVE_READLINE_READLINE_H 1
| #define HAVE_HISTEDIT_H 1
| #define HAVE_READLINE_HISTORY_H 1
| #define EL_INIT_ARGS 4
| #define HAVE_READLINE_HISTORY 1
| #define HAVE_FORK 1
| #define HAVE_VFORK 1
| #define HAVE_WORKING_VFORK 1
| #define HAVE_WORKING_FORK 1
| #define HAVE_ALLOCA_H 1
| #define HAVE_ALLOCA 1
| #define HAVE_DECL_STRERROR_R 1
| #define HAVE_STRERROR_R 1
| #define STRERROR_R_CHAR_P 1
| #define HAVE_CLOCK_GETRES 1
| #define HAVE_CLOCK_GETTIME 1
| #define HAVE_CLOCK_SETTIME 1
| #define HAVE_TIMEGM 1
| #define HAVE_ERRNO_H 1
| #define HAVE_SYS_SOCKET_H 1
| #define HAVE_SYS_TYPES_H 1
| #define HAVE_TIME_H 1
| #define HAVE_NET_IF_H 1
| #define HAVE_LINUX_IF_ADDR_H 1
| #define NEED_EARLY_FORK 1
| #define HAVE_ARPA_NAMESER_H 1
| #define HAVE_SYS_PARAM_H 1
| #define HAVE_SYS_TIME_H 1
| #define HAVE_SYS_SYSCTL_H 1
| #define HAVE_NETINET_IN_SYSTM_H 1
| #define HAVE_NETINET_IN_H 1
| #define HAVE_RESOLV_H 1
| #define HAVE_NETINET_IP_H 1
| #define HAVE_RECVMSG 1
| #define HAVE_INLINE 1
| #define TIME_WITH_SYS_TIME 1
| #define SIZEOF_TIME_T 8
| #define SIZEOF_SIGNED_CHAR 1
| #define HAVE_LONG_LONG 1
| #define SIZEOF_SHORT 2
| #define SIZEOF_INT 4
| #define SIZEOF_LONG 8
| #define SIZEOF_LONG_LONG 8
| #define NEED_S_CHAR_TYPEDEF 1
| #define DEBUG 1
| #define HAVE_SEMAPHORE_H 1
| #define HAVE_SOCKETPAIR 1
| #define HAVE_PTHREAD_H 1
| #define HAVE_PTHREADS 10
| #define HAVE_SCHED_H 1
| #define HAVE_SCHED_YIELD 1
| #define HAVE_PTHREAD_YIELD 1
| #define HAVE_PTHREAD_KILL 1
| #define HAVE_PTHREAD_RWLOCK_DESTROY 1
| #define HAVE_PTHREAD_DETACH 1
| #define HAVE_PTHREAD_SETCONCURRENCY 1
| #define HAVE_PTHREAD_GETCONCURRENCY 1
| #define HAVE_YIELDING_SELECT 1
| #define REENTRANT 1
| #define _REENTRANT 1
| #define THREAD_SAFE 1
| #define _THREAD_SAFE 1
| #define THREADSAFE 1
| #define _THREADSAFE 1
| #define _SGI_MP_SOURCE 1
| #define LDAP_API_FEATURE_X_OPENLDAP_THREAD_SAFE 1
| #define HAVE_SEM_TIMEDWAIT 1
| #define SIZEOF_PTHREAD_T 8
| #define ISC_PLATFORM_USETHREADS 1
| #define HAVE_SIGWAIT 1
| #define HAVE_PTHREAD_ATTR_GETSTACKSIZE 1
| #define HAVE_PTHREAD_ATTR_SETSTACKSIZE 1
| #define HAVE_SYSCONF 1
| #define HAVE_LINUXTHREADS 1
| #define VSNPRINTF_PERCENT_M 1
| #define HAVE_SYS_CAPABILITY_H 1
| #define HAVE_SYS_PRCTL_H 1
| #define HAVE_LINUX_CAPABILITIES 1
| #define HAVE_DROPROOT 1
| #define HAVE_SYS_TYPES_H 1
| #define HAVE_NETINET_IN_H 1
| #define HAVE_ARPA_NAMESER_H 1
| #define HAVE_NETDB_H 1
| #define HAVE_RESOLV_H 1
| #define HAVE___RES_INIT 1
| #define HAVE_UINTPTR_T 1
| #define HAVE_SYS_TIMEPPS_H 1
| #define HAVE_STRUCT_TIMESPEC 1
| #define HAVE_STRUCT_NTPTIMEVAL 1
| #define HAVE_MD5_H 1
| #define HAVE_MD5INIT 1
| #define HAVE_SYSCONF 1
| #define HAVE_GETDTABLESIZE 1
| #define HAVE_SIGACTION 1
| #define HAVE_SIGSET 1
| #define HAVE_SETTIMEOFDAY 1
| #define HAVE_DLFCN_H 1
| #define LT_OBJDIR ".libs/"
| #define HAVE_DIRENT_H 1
| #define HAVE_SYS_MMAN_H 1
| #define HAVE_SYS_PARAM_H 1
| #define HAVE_SYS_POLL_H 1
| #define HAVE_SYS_SELECT_H 1
| #define HAVE_SYS_SOCKET_H 1
| #define HAVE_SYS_TIME_H 1
| #define HAVE_SYS_UN_H 1
| #define HAVE_SYS_WAIT_H 1
| #define HAVE_DLFCN_H 1
| #define HAVE_ERRNO_H 1
| #define HAVE_FCNTL_H 1
| #define HAVE_LIBGEN_H 1
| #define HAVE_LIBINTL_H 1
| #define HAVE_MEMORY_H 1
| #define HAVE_NETINET_IN_H 1
| #define HAVE_SETJMP_H 1
| #define HAVE_STDBOOL_H 1
| #define HAVE_SYSEXITS_H 1
| #define HAVE_UNISTD_H 1
| #define HAVE_UTIME_H 1
| #define HAVE_STDARG_H 1
| #define HAVE_STRING_H 1
| #define HAVE_LIMITS_H 1
| #define HAVE_INTTYPES_H 1
| #define HAVE_WCHAR_H 1
| #define HAVE_WCHAR_T 1
| /* end confdefs.h.  */
| 
|     #include <stdio.h>
| #ifdef HAVE_SYS_TYPES_H
| # include <sys/types.h>
| #endif
| #ifdef HAVE_SYS_STAT_H
| # include <sys/stat.h>
| #endif
| #ifdef STDC_HEADERS
| # include <stdlib.h>
| # include <stddef.h>
| #else
| # ifdef HAVE_STDLIB_H
| #  include <stdlib.h>
| # endif
| #endif
| #ifdef HAVE_STRING_H
| # if !defined STDC_HEADERS && defined HAVE_MEMORY_H
| #  include <memory.h>
| # endif
| # include <string.h>
| #endif
| #ifdef HAVE_STRINGS_H
| # include <strings.h>
| #endif
| #ifdef HAVE_INTTYPES_H
| # include <inttypes.h>
| #endif
| #ifdef HAVE_STDINT_H
| # include <stdint.h>
| #endif
| #ifdef HAVE_UNISTD_H
| # include <unistd.h>
| #endif
|     #if HAVE_RUNETYPE_H
|     # include <runetype.h>
|     #endif
|     #if HAVE_WCHAR_H
|     # include <wchar.h>
|     #endif
| 
| 
| int
| main ()
| {
| if (sizeof ((wint_t)))
| 	    return 0;
|   ;
|   return 0;
| }
configure:23329: result: yes
configure:23348: checking for int8_t
configure:23348: x86_64-linux-gnu-gcc -c -g -O2 -ffile-prefix-map=/sonic/src/ntp/ntp-4.2.8p15=. -fstack-protector-strong -Wformat -Werror=format-security -fno-strict-aliasing -fcommon -Wdate-time -D_FORTIFY_SOURCE=2 -D_GNU_SOURCE conftest.c >&5
configure:23348: $? = 0
configure:23348: x86_64-linux-gnu-gcc -c -g -O2 -ffile-prefix-map=/sonic/src/ntp/ntp-4.2.8p15=. -fstack-protector-strong -Wformat -Werror=format-security -fno-strict-aliasing -fcommon -Wdate-time -D_FORTIFY_SOURCE=2 -D_GNU_SOURCE conftest.c >&5
conftest.c: In function 'main':
conftest.c:195:21: error: expected expression before ')' token
  195 | if (sizeof ((int8_t)))
      |                     ^
configure:23348: $? = 1
configure: failed program was:
| /* confdefs.h */
| #define PACKAGE_NAME "sntp"
| #define PACKAGE_TARNAME "sntp"
| #define PACKAGE_VERSION "4.2.8p15"
| #define PACKAGE_STRING "sntp 4.2.8p15"
| #define PACKAGE_BUGREPORT "http://bugs.ntp.org./"
| #define PACKAGE_URL "http://www.ntp.org./"
| #define PACKAGE "sntp"
| #define VERSION "4.2.8p15"
| #define STR_SYSTEM "x86_64-pc-linux-gnu"
| #define STDC_HEADERS 1
| #define HAVE_SYS_TYPES_H 1
| #define HAVE_SYS_STAT_H 1
| #define HAVE_STDLIB_H 1
| #define HAVE_STRING_H 1
| #define HAVE_MEMORY_H 1
| #define HAVE_STRINGS_H 1
| #define HAVE_INTTYPES_H 1
| #define HAVE_STDINT_H 1
| #define HAVE_UNISTD_H 1
| #define __EXTENSIONS__ 1
| #define _ALL_SOURCE 1
| #define _GNU_SOURCE 1
| #define _POSIX_PTHREAD_SEMANTICS 1
| #define _TANDEM_SOURCE 1
| #define HAVE___ATTRIBUTE__ /**/
| #define HAVE_STDARG_H 1
| #define HAVE_UNSIGNED_LONG_LONG_INT 1
| #define HAVE_VSNPRINTF 1
| #define HAVE_SNPRINTF 1
| #define DIR_SEP '/'
| #define HAVE_READLINE_READLINE_H 1
| #define HAVE_HISTEDIT_H 1
| #define HAVE_READLINE_HISTORY_H 1
| #define EL_INIT_ARGS 4
| #define HAVE_READLINE_HISTORY 1
| #define HAVE_FORK 1
| #define HAVE_VFORK 1
| #define HAVE_WORKING_VFORK 1
| #define HAVE_WORKING_FORK 1
| #define HAVE_ALLOCA_H 1
| #define HAVE_ALLOCA 1
| #define HAVE_DECL_STRERROR_R 1
| #define HAVE_STRERROR_R 1
| #define STRERROR_R_CHAR_P 1
| #define HAVE_CLOCK_GETRES 1
| #define HAVE_CLOCK_GETTIME 1
| #define HAVE_CLOCK_SETTIME 1
| #define HAVE_TIMEGM 1
| #define HAVE_ERRNO_H 1
| #define HAVE_SYS_SOCKET_H 1
| #define HAVE_SYS_TYPES_H 1
| #define HAVE_TIME_H 1
| #define HAVE_NET_IF_H 1
| #define HAVE_LINUX_IF_ADDR_H 1
| #define NEED_EARLY_FORK 1
| #define HAVE_ARPA_NAMESER_H 1
| #define HAVE_SYS_PARAM_H 1
| #define HAVE_SYS_TIME_H 1
| #define HAVE_SYS_SYSCTL_H 1
| #define HAVE_NETINET_IN_SYSTM_H 1
| #define HAVE_NETINET_IN_H 1
| #define HAVE_RESOLV_H 1
| #define HAVE_NETINET_IP_H 1
| #define HAVE_RECVMSG 1
| #define HAVE_INLINE 1
| #define TIME_WITH_SYS_TIME 1
| #define SIZEOF_TIME_T 8
| #define SIZEOF_SIGNED_CHAR 1
| #define HAVE_LONG_LONG 1
| #define SIZEOF_SHORT 2
| #define SIZEOF_INT 4
| #define SIZEOF_LONG 8
| #define SIZEOF_LONG_LONG 8
| #define NEED_S_CHAR_TYPEDEF 1
| #define DEBUG 1
| #define HAVE_SEMAPHORE_H 1
| #define HAVE_SOCKETPAIR 1
| #define HAVE_PTHREAD_H 1
| #define HAVE_PTHREADS 10
| #define HAVE_SCHED_H 1
| #define HAVE_SCHED_YIELD 1
| #define HAVE_PTHREAD_YIELD 1
| #define HAVE_PTHREAD_KILL 1
| #define HAVE_PTHREAD_RWLOCK_DESTROY 1
| #define HAVE_PTHREAD_DETACH 1
| #define HAVE_PTHREAD_SETCONCURRENCY 1
| #define HAVE_PTHREAD_GETCONCURRENCY 1
| #define HAVE_YIELDING_SELECT 1
| #define REENTRANT 1
| #define _REENTRANT 1
| #define THREAD_SAFE 1
| #define _THREAD_SAFE 1
| #define THREADSAFE 1
| #define _THREADSAFE 1
| #define _SGI_MP_SOURCE 1
| #define LDAP_API_FEATURE_X_OPENLDAP_THREAD_SAFE 1
| #define HAVE_SEM_TIMEDWAIT 1
| #define SIZEOF_PTHREAD_T 8
| #define ISC_PLATFORM_USETHREADS 1
| #define HAVE_SIGWAIT 1
| #define HAVE_PTHREAD_ATTR_GETSTACKSIZE 1
| #define HAVE_PTHREAD_ATTR_SETSTACKSIZE 1
| #define HAVE_SYSCONF 1
| #define HAVE_LINUXTHREADS 1
| #define VSNPRINTF_PERCENT_M 1
| #define HAVE_SYS_CAPABILITY_H 1
| #define HAVE_SYS_PRCTL_H 1
| #define HAVE_LINUX_CAPABILITIES 1
| #define HAVE_DROPROOT 1
| #define HAVE_SYS_TYPES_H 1
| #define HAVE_NETINET_IN_H 1
| #define HAVE_ARPA_NAMESER_H 1
| #define HAVE_NETDB_H 1
| #define HAVE_RESOLV_H 1
| #define HAVE___RES_INIT 1
| #define HAVE_UINTPTR_T 1
| #define HAVE_SYS_TIMEPPS_H 1
| #define HAVE_STRUCT_TIMESPEC 1
| #define HAVE_STRUCT_NTPTIMEVAL 1
| #define HAVE_MD5_H 1
| #define HAVE_MD5INIT 1
| #define HAVE_SYSCONF 1
| #define HAVE_GETDTABLESIZE 1
| #define HAVE_SIGACTION 1
| #define HAVE_SIGSET 1
| #define HAVE_SETTIMEOFDAY 1
| #define HAVE_DLFCN_H 1
| #define LT_OBJDIR ".libs/"
| #define HAVE_DIRENT_H 1
| #define HAVE_SYS_MMAN_H 1
| #define HAVE_SYS_PARAM_H 1
| #define HAVE_SYS_POLL_H 1
| #define HAVE_SYS_SELECT_H 1
| #define HAVE_SYS_SOCKET_H 1
| #define HAVE_SYS_TIME_H 1
| #define HAVE_SYS_UN_H 1
| #define HAVE_SYS_WAIT_H 1
| #define HAVE_DLFCN_H 1
| #define HAVE_ERRNO_H 1
| #define HAVE_FCNTL_H 1
| #define HAVE_LIBGEN_H 1
| #define HAVE_LIBINTL_H 1
| #define HAVE_MEMORY_H 1
| #define HAVE_NETINET_IN_H 1
| #define HAVE_SETJMP_H 1
| #define HAVE_STDBOOL_H 1
| #define HAVE_SYSEXITS_H 1
| #define HAVE_UNISTD_H 1
| #define HAVE_UTIME_H 1
| #define HAVE_STDARG_H 1
| #define HAVE_STRING_H 1
| #define HAVE_LIMITS_H 1
| #define HAVE_INTTYPES_H 1
| #define HAVE_WCHAR_H 1
| #define HAVE_WCHAR_T 1
| #define HAVE_WINT_T 1
| /* end confdefs.h.  */
| #include <stdio.h>
| #ifdef HAVE_SYS_TYPES_H
| # include <sys/types.h>
| #endif
| #ifdef HAVE_SYS_STAT_H
| # include <sys/stat.h>
| #endif
| #ifdef STDC_HEADERS
| # include <stdlib.h>
| # include <stddef.h>
| #else
| # ifdef HAVE_STDLIB_H
| #  include <stdlib.h>
| # endif
| #endif
| #ifdef HAVE_STRING_H
| # if !defined STDC_HEADERS && defined HAVE_MEMORY_H
| #  include <memory.h>
| # endif
| # include <string.h>
| #endif
| #ifdef HAVE_STRINGS_H
| # include <strings.h>
| #endif
| #ifdef HAVE_INTTYPES_H
| # include <inttypes.h>
| #endif
| #ifdef HAVE_STDINT_H
| # include <stdint.h>
| #endif
| #ifdef HAVE_UNISTD_H
| # include <unistd.h>
| #endif
| int
| main ()
| {
| if (sizeof ((int8_t)))
| 	    return 0;
|   ;
|   return 0;
| }
configure:23348: result: yes
configure:23357: checking for uint8_t
configure:23357: x86_64-linux-gnu-gcc -c -g -O2 -ffile-prefix-map=/sonic/src/ntp/ntp-4.2.8p15=. -fstack-protector-strong -Wformat -Werror=format-security -fno-strict-aliasing -fcommon -Wdate-time -D_FORTIFY_SOURCE=2 -D_GNU_SOURCE conftest.c >&5
configure:23357: $? = 0
configure:23357: x86_64-linux-gnu-gcc -c -g -O2 -ffile-prefix-map=/sonic/src/ntp/ntp-4.2.8p15=. -fstack-protector-strong -Wformat -Werror=format-security -fno-strict-aliasing -fcommon -Wdate-time -D_FORTIFY_SOURCE=2 -D_GNU_SOURCE conftest.c >&5
conftest.c: In function 'main':
conftest.c:196:22: error: expected expression before ')' token
  196 | if (sizeof ((uint8_t)))
      |                      ^
configure:23357: $? = 1
configure: failed program was:
| /* confdefs.h */
| #define PACKAGE_NAME "sntp"
| #define PACKAGE_TARNAME "sntp"
| #define PACKAGE_VERSION "4.2.8p15"
| #define PACKAGE_STRING "sntp 4.2.8p15"
| #define PACKAGE_BUGREPORT "http://bugs.ntp.org./"
| #define PACKAGE_URL "http://www.ntp.org./"
| #define PACKAGE "sntp"
| #define VERSION "4.2.8p15"
| #define STR_SYSTEM "x86_64-pc-linux-gnu"
| #define STDC_HEADERS 1
| #define HAVE_SYS_TYPES_H 1
| #define HAVE_SYS_STAT_H 1
| #define HAVE_STDLIB_H 1
| #define HAVE_STRING_H 1
| #define HAVE_MEMORY_H 1
| #define HAVE_STRINGS_H 1
| #define HAVE_INTTYPES_H 1
| #define HAVE_STDINT_H 1
| #define HAVE_UNISTD_H 1
| #define __EXTENSIONS__ 1
| #define _ALL_SOURCE 1
| #define _GNU_SOURCE 1
| #define _POSIX_PTHREAD_SEMANTICS 1
| #define _TANDEM_SOURCE 1
| #define HAVE___ATTRIBUTE__ /**/
| #define HAVE_STDARG_H 1
| #define HAVE_UNSIGNED_LONG_LONG_INT 1
| #define HAVE_VSNPRINTF 1
| #define HAVE_SNPRINTF 1
| #define DIR_SEP '/'
| #define HAVE_READLINE_READLINE_H 1
| #define HAVE_HISTEDIT_H 1
| #define HAVE_READLINE_HISTORY_H 1
| #define EL_INIT_ARGS 4
| #define HAVE_READLINE_HISTORY 1
| #define HAVE_FORK 1
| #define HAVE_VFORK 1
| #define HAVE_WORKING_VFORK 1
| #define HAVE_WORKING_FORK 1
| #define HAVE_ALLOCA_H 1
| #define HAVE_ALLOCA 1
| #define HAVE_DECL_STRERROR_R 1
| #define HAVE_STRERROR_R 1
| #define STRERROR_R_CHAR_P 1
| #define HAVE_CLOCK_GETRES 1
| #define HAVE_CLOCK_GETTIME 1
| #define HAVE_CLOCK_SETTIME 1
| #define HAVE_TIMEGM 1
| #define HAVE_ERRNO_H 1
| #define HAVE_SYS_SOCKET_H 1
| #define HAVE_SYS_TYPES_H 1
| #define HAVE_TIME_H 1
| #define HAVE_NET_IF_H 1
| #define HAVE_LINUX_IF_ADDR_H 1
| #define NEED_EARLY_FORK 1
| #define HAVE_ARPA_NAMESER_H 1
| #define HAVE_SYS_PARAM_H 1
| #define HAVE_SYS_TIME_H 1
| #define HAVE_SYS_SYSCTL_H 1
| #define HAVE_NETINET_IN_SYSTM_H 1
| #define HAVE_NETINET_IN_H 1
| #define HAVE_RESOLV_H 1
| #define HAVE_NETINET_IP_H 1
| #define HAVE_RECVMSG 1
| #define HAVE_INLINE 1
| #define TIME_WITH_SYS_TIME 1
| #define SIZEOF_TIME_T 8
| #define SIZEOF_SIGNED_CHAR 1
| #define HAVE_LONG_LONG 1
| #define SIZEOF_SHORT 2
| #define SIZEOF_INT 4
| #define SIZEOF_LONG 8
| #define SIZEOF_LONG_LONG 8
| #define NEED_S_CHAR_TYPEDEF 1
| #define DEBUG 1
| #define HAVE_SEMAPHORE_H 1
| #define HAVE_SOCKETPAIR 1
| #define HAVE_PTHREAD_H 1
| #define HAVE_PTHREADS 10
| #define HAVE_SCHED_H 1
| #define HAVE_SCHED_YIELD 1
| #define HAVE_PTHREAD_YIELD 1
| #define HAVE_PTHREAD_KILL 1
| #define HAVE_PTHREAD_RWLOCK_DESTROY 1
| #define HAVE_PTHREAD_DETACH 1
| #define HAVE_PTHREAD_SETCONCURRENCY 1
| #define HAVE_PTHREAD_GETCONCURRENCY 1
| #define HAVE_YIELDING_SELECT 1
| #define REENTRANT 1
| #define _REENTRANT 1
| #define THREAD_SAFE 1
| #define _THREAD_SAFE 1
| #define THREADSAFE 1
| #define _THREADSAFE 1
| #define _SGI_MP_SOURCE 1
| #define LDAP_API_FEATURE_X_OPENLDAP_THREAD_SAFE 1
| #define HAVE_SEM_TIMEDWAIT 1
| #define SIZEOF_PTHREAD_T 8
| #define ISC_PLATFORM_USETHREADS 1
| #define HAVE_SIGWAIT 1
| #define HAVE_PTHREAD_ATTR_GETSTACKSIZE 1
| #define HAVE_PTHREAD_ATTR_SETSTACKSIZE 1
| #define HAVE_SYSCONF 1
| #define HAVE_LINUXTHREADS 1
| #define VSNPRINTF_PERCENT_M 1
| #define HAVE_SYS_CAPABILITY_H 1
| #define HAVE_SYS_PRCTL_H 1
| #define HAVE_LINUX_CAPABILITIES 1
| #define HAVE_DROPROOT 1
| #define HAVE_SYS_TYPES_H 1
| #define HAVE_NETINET_IN_H 1
| #define HAVE_ARPA_NAMESER_H 1
| #define HAVE_NETDB_H 1
| #define HAVE_RESOLV_H 1
| #define HAVE___RES_INIT 1
| #define HAVE_UINTPTR_T 1
| #define HAVE_SYS_TIMEPPS_H 1
| #define HAVE_STRUCT_TIMESPEC 1
| #define HAVE_STRUCT_NTPTIMEVAL 1
| #define HAVE_MD5_H 1
| #define HAVE_MD5INIT 1
| #define HAVE_SYSCONF 1
| #define HAVE_GETDTABLESIZE 1
| #define HAVE_SIGACTION 1
| #define HAVE_SIGSET 1
| #define HAVE_SETTIMEOFDAY 1
| #define HAVE_DLFCN_H 1
| #define LT_OBJDIR ".libs/"
| #define HAVE_DIRENT_H 1
| #define HAVE_SYS_MMAN_H 1
| #define HAVE_SYS_PARAM_H 1
| #define HAVE_SYS_POLL_H 1
| #define HAVE_SYS_SELECT_H 1
| #define HAVE_SYS_SOCKET_H 1
| #define HAVE_SYS_TIME_H 1
| #define HAVE_SYS_UN_H 1
| #define HAVE_SYS_WAIT_H 1
| #define HAVE_DLFCN_H 1
| #define HAVE_ERRNO_H 1
| #define HAVE_FCNTL_H 1
| #define HAVE_LIBGEN_H 1
| #define HAVE_LIBINTL_H 1
| #define HAVE_MEMORY_H 1
| #define HAVE_NETINET_IN_H 1
| #define HAVE_SETJMP_H 1
| #define HAVE_STDBOOL_H 1
| #define HAVE_SYSEXITS_H 1
| #define HAVE_UNISTD_H 1
| #define HAVE_UTIME_H 1
| #define HAVE_STDARG_H 1
| #define HAVE_STRING_H 1
| #define HAVE_LIMITS_H 1
| #define HAVE_INTTYPES_H 1
| #define HAVE_WCHAR_H 1
| #define HAVE_WCHAR_T 1
| #define HAVE_WINT_T 1
| #define HAVE_INT8_T 1
| /* end confdefs.h.  */
| #include <stdio.h>
| #ifdef HAVE_SYS_TYPES_H
| # include <sys/types.h>
| #endif
| #ifdef HAVE_SYS_STAT_H
| # include <sys/stat.h>
| #endif
| #ifdef STDC_HEADERS
| # include <stdlib.h>
| # include <stddef.h>
| #else
| # ifdef HAVE_STDLIB_H
| #  include <stdlib.h>
| # endif
| #endif
| #ifdef HAVE_STRING_H
| # if !defined STDC_HEADERS && defined HAVE_MEMORY_H
| #  include <memory.h>
| # endif
| # include <string.h>
| #endif
| #ifdef HAVE_STRINGS_H
| # include <strings.h>
| #endif
| #ifdef HAVE_INTTYPES_H
| # include <inttypes.h>
| #endif
| #ifdef HAVE_STDINT_H
| # include <stdint.h>
| #endif
| #ifdef HAVE_UNISTD_H
| # include <unistd.h>
| #endif
| int
| main ()
| {
| if (sizeof ((uint8_t)))
| 	    return 0;
|   ;
|   return 0;
| }
configure:23357: result: yes
configure:23366: checking for int16_t
configure:23366: x86_64-linux-gnu-gcc -c -g -O2 -ffile-prefix-map=/sonic/src/ntp/ntp-4.2.8p15=. -fstack-protector-strong -Wformat -Werror=format-security -fno-strict-aliasing -fcommon -Wdate-time -D_FORTIFY_SOURCE=2 -D_GNU_SOURCE conftest.c >&5
configure:23366: $? = 0
configure:23366: x86_64-linux-gnu-gcc -c -g -O2 -ffile-prefix-map=/sonic/src/ntp/ntp-4.2.8p15=. -fstack-protector-strong -Wformat -Werror=format-security -fno-strict-aliasing -fcommon -Wdate-time -D_FORTIFY_SOURCE=2 -D_GNU_SOURCE conftest.c >&5
conftest.c: In function 'main':
conftest.c:197:22: error: expected expression before ')' token
  197 | if (sizeof ((int16_t)))
      |                      ^
configure:23366: $? = 1
configure: failed program was:
| /* confdefs.h */
| #define PACKAGE_NAME "sntp"
| #define PACKAGE_TARNAME "sntp"
| #define PACKAGE_VERSION "4.2.8p15"
| #define PACKAGE_STRING "sntp 4.2.8p15"
| #define PACKAGE_BUGREPORT "http://bugs.ntp.org./"
| #define PACKAGE_URL "http://www.ntp.org./"
| #define PACKAGE "sntp"
| #define VERSION "4.2.8p15"
| #define STR_SYSTEM "x86_64-pc-linux-gnu"
| #define STDC_HEADERS 1
| #define HAVE_SYS_TYPES_H 1
| #define HAVE_SYS_STAT_H 1
| #define HAVE_STDLIB_H 1
| #define HAVE_STRING_H 1
| #define HAVE_MEMORY_H 1
| #define HAVE_STRINGS_H 1
| #define HAVE_INTTYPES_H 1
| #define HAVE_STDINT_H 1
| #define HAVE_UNISTD_H 1
| #define __EXTENSIONS__ 1
| #define _ALL_SOURCE 1
| #define _GNU_SOURCE 1
| #define _POSIX_PTHREAD_SEMANTICS 1
| #define _TANDEM_SOURCE 1
| #define HAVE___ATTRIBUTE__ /**/
| #define HAVE_STDARG_H 1
| #define HAVE_UNSIGNED_LONG_LONG_INT 1
| #define HAVE_VSNPRINTF 1
| #define HAVE_SNPRINTF 1
| #define DIR_SEP '/'
| #define HAVE_READLINE_READLINE_H 1
| #define HAVE_HISTEDIT_H 1
| #define HAVE_READLINE_HISTORY_H 1
| #define EL_INIT_ARGS 4
| #define HAVE_READLINE_HISTORY 1
| #define HAVE_FORK 1
| #define HAVE_VFORK 1
| #define HAVE_WORKING_VFORK 1
| #define HAVE_WORKING_FORK 1
| #define HAVE_ALLOCA_H 1
| #define HAVE_ALLOCA 1
| #define HAVE_DECL_STRERROR_R 1
| #define HAVE_STRERROR_R 1
| #define STRERROR_R_CHAR_P 1
| #define HAVE_CLOCK_GETRES 1
| #define HAVE_CLOCK_GETTIME 1
| #define HAVE_CLOCK_SETTIME 1
| #define HAVE_TIMEGM 1
| #define HAVE_ERRNO_H 1
| #define HAVE_SYS_SOCKET_H 1
| #define HAVE_SYS_TYPES_H 1
| #define HAVE_TIME_H 1
| #define HAVE_NET_IF_H 1
| #define HAVE_LINUX_IF_ADDR_H 1
| #define NEED_EARLY_FORK 1
| #define HAVE_ARPA_NAMESER_H 1
| #define HAVE_SYS_PARAM_H 1
| #define HAVE_SYS_TIME_H 1
| #define HAVE_SYS_SYSCTL_H 1
| #define HAVE_NETINET_IN_SYSTM_H 1
| #define HAVE_NETINET_IN_H 1
| #define HAVE_RESOLV_H 1
| #define HAVE_NETINET_IP_H 1
| #define HAVE_RECVMSG 1
| #define HAVE_INLINE 1
| #define TIME_WITH_SYS_TIME 1
| #define SIZEOF_TIME_T 8
| #define SIZEOF_SIGNED_CHAR 1
| #define HAVE_LONG_LONG 1
| #define SIZEOF_SHORT 2
| #define SIZEOF_INT 4
| #define SIZEOF_LONG 8
| #define SIZEOF_LONG_LONG 8
| #define NEED_S_CHAR_TYPEDEF 1
| #define DEBUG 1
| #define HAVE_SEMAPHORE_H 1
| #define HAVE_SOCKETPAIR 1
| #define HAVE_PTHREAD_H 1
| #define HAVE_PTHREADS 10
| #define HAVE_SCHED_H 1
| #define HAVE_SCHED_YIELD 1
| #define HAVE_PTHREAD_YIELD 1
| #define HAVE_PTHREAD_KILL 1
| #define HAVE_PTHREAD_RWLOCK_DESTROY 1
| #define HAVE_PTHREAD_DETACH 1
| #define HAVE_PTHREAD_SETCONCURRENCY 1
| #define HAVE_PTHREAD_GETCONCURRENCY 1
| #define HAVE_YIELDING_SELECT 1
| #define REENTRANT 1
| #define _REENTRANT 1
| #define THREAD_SAFE 1
| #define _THREAD_SAFE 1
| #define THREADSAFE 1
| #define _THREADSAFE 1
| #define _SGI_MP_SOURCE 1
| #define LDAP_API_FEATURE_X_OPENLDAP_THREAD_SAFE 1
| #define HAVE_SEM_TIMEDWAIT 1
| #define SIZEOF_PTHREAD_T 8
| #define ISC_PLATFORM_USETHREADS 1
| #define HAVE_SIGWAIT 1
| #define HAVE_PTHREAD_ATTR_GETSTACKSIZE 1
| #define HAVE_PTHREAD_ATTR_SETSTACKSIZE 1
| #define HAVE_SYSCONF 1
| #define HAVE_LINUXTHREADS 1
| #define VSNPRINTF_PERCENT_M 1
| #define HAVE_SYS_CAPABILITY_H 1
| #define HAVE_SYS_PRCTL_H 1
| #define HAVE_LINUX_CAPABILITIES 1
| #define HAVE_DROPROOT 1
| #define HAVE_SYS_TYPES_H 1
| #define HAVE_NETINET_IN_H 1
| #define HAVE_ARPA_NAMESER_H 1
| #define HAVE_NETDB_H 1
| #define HAVE_RESOLV_H 1
| #define HAVE___RES_INIT 1
| #define HAVE_UINTPTR_T 1
| #define HAVE_SYS_TIMEPPS_H 1
| #define HAVE_STRUCT_TIMESPEC 1
| #define HAVE_STRUCT_NTPTIMEVAL 1
| #define HAVE_MD5_H 1
| #define HAVE_MD5INIT 1
| #define HAVE_SYSCONF 1
| #define HAVE_GETDTABLESIZE 1
| #define HAVE_SIGACTION 1
| #define HAVE_SIGSET 1
| #define HAVE_SETTIMEOFDAY 1
| #define HAVE_DLFCN_H 1
| #define LT_OBJDIR ".libs/"
| #define HAVE_DIRENT_H 1
| #define HAVE_SYS_MMAN_H 1
| #define HAVE_SYS_PARAM_H 1
| #define HAVE_SYS_POLL_H 1
| #define HAVE_SYS_SELECT_H 1
| #define HAVE_SYS_SOCKET_H 1
| #define HAVE_SYS_TIME_H 1
| #define HAVE_SYS_UN_H 1
| #define HAVE_SYS_WAIT_H 1
| #define HAVE_DLFCN_H 1
| #define HAVE_ERRNO_H 1
| #define HAVE_FCNTL_H 1
| #define HAVE_LIBGEN_H 1
| #define HAVE_LIBINTL_H 1
| #define HAVE_MEMORY_H 1
| #define HAVE_NETINET_IN_H 1
| #define HAVE_SETJMP_H 1
| #define HAVE_STDBOOL_H 1
| #define HAVE_SYSEXITS_H 1
| #define HAVE_UNISTD_H 1
| #define HAVE_UTIME_H 1
| #define HAVE_STDARG_H 1
| #define HAVE_STRING_H 1
| #define HAVE_LIMITS_H 1
| #define HAVE_INTTYPES_H 1
| #define HAVE_WCHAR_H 1
| #define HAVE_WCHAR_T 1
| #define HAVE_WINT_T 1
| #define HAVE_INT8_T 1
| #define HAVE_UINT8_T 1
| /* end confdefs.h.  */
| #include <stdio.h>
| #ifdef HAVE_SYS_TYPES_H
| # include <sys/types.h>
| #endif
| #ifdef HAVE_SYS_STAT_H
| # include <sys/stat.h>
| #endif
| #ifdef STDC_HEADERS
| # include <stdlib.h>
| # include <stddef.h>
| #else
| # ifdef HAVE_STDLIB_H
| #  include <stdlib.h>
| # endif
| #endif
| #ifdef HAVE_STRING_H
| # if !defined STDC_HEADERS && defined HAVE_MEMORY_H
| #  include <memory.h>
| # endif
| # include <string.h>
| #endif
| #ifdef HAVE_STRINGS_H
| # include <strings.h>
| #endif
| #ifdef HAVE_INTTYPES_H
| # include <inttypes.h>
| #endif
| #ifdef HAVE_STDINT_H
| # include <stdint.h>
| #endif
| #ifdef HAVE_UNISTD_H
| # include <unistd.h>
| #endif
| int
| main ()
| {
| if (sizeof ((int16_t)))
| 	    return 0;
|   ;
|   return 0;
| }
configure:23366: result: yes
configure:23375: checking for uint16_t
configure:23375: x86_64-linux-gnu-gcc -c -g -O2 -ffile-prefix-map=/sonic/src/ntp/ntp-4.2.8p15=. -fstack-protector-strong -Wformat -Werror=format-security -fno-strict-aliasing -fcommon -Wdate-time -D_FORTIFY_SOURCE=2 -D_GNU_SOURCE conftest.c >&5
configure:23375: $? = 0
configure:23375: x86_64-linux-gnu-gcc -c -g -O2 -ffile-prefix-map=/sonic/src/ntp/ntp-4.2.8p15=. -fstack-protector-strong -Wformat -Werror=format-security -fno-strict-aliasing -fcommon -Wdate-time -D_FORTIFY_SOURCE=2 -D_GNU_SOURCE conftest.c >&5
conftest.c: In function 'main':
conftest.c:198:23: error: expected expression before ')' token
  198 | if (sizeof ((uint16_t)))
      |                       ^
configure:23375: $? = 1
configure: failed program was:
| /* confdefs.h */
| #define PACKAGE_NAME "sntp"
| #define PACKAGE_TARNAME "sntp"
| #define PACKAGE_VERSION "4.2.8p15"
| #define PACKAGE_STRING "sntp 4.2.8p15"
| #define PACKAGE_BUGREPORT "http://bugs.ntp.org./"
| #define PACKAGE_URL "http://www.ntp.org./"
| #define PACKAGE "sntp"
| #define VERSION "4.2.8p15"
| #define STR_SYSTEM "x86_64-pc-linux-gnu"
| #define STDC_HEADERS 1
| #define HAVE_SYS_TYPES_H 1
| #define HAVE_SYS_STAT_H 1
| #define HAVE_STDLIB_H 1
| #define HAVE_STRING_H 1
| #define HAVE_MEMORY_H 1
| #define HAVE_STRINGS_H 1
| #define HAVE_INTTYPES_H 1
| #define HAVE_STDINT_H 1
| #define HAVE_UNISTD_H 1
| #define __EXTENSIONS__ 1
| #define _ALL_SOURCE 1
| #define _GNU_SOURCE 1
| #define _POSIX_PTHREAD_SEMANTICS 1
| #define _TANDEM_SOURCE 1
| #define HAVE___ATTRIBUTE__ /**/
| #define HAVE_STDARG_H 1
| #define HAVE_UNSIGNED_LONG_LONG_INT 1
| #define HAVE_VSNPRINTF 1
| #define HAVE_SNPRINTF 1
| #define DIR_SEP '/'
| #define HAVE_READLINE_READLINE_H 1
| #define HAVE_HISTEDIT_H 1
| #define HAVE_READLINE_HISTORY_H 1
| #define EL_INIT_ARGS 4
| #define HAVE_READLINE_HISTORY 1
| #define HAVE_FORK 1
| #define HAVE_VFORK 1
| #define HAVE_WORKING_VFORK 1
| #define HAVE_WORKING_FORK 1
| #define HAVE_ALLOCA_H 1
| #define HAVE_ALLOCA 1
| #define HAVE_DECL_STRERROR_R 1
| #define HAVE_STRERROR_R 1
| #define STRERROR_R_CHAR_P 1
| #define HAVE_CLOCK_GETRES 1
| #define HAVE_CLOCK_GETTIME 1
| #define HAVE_CLOCK_SETTIME 1
| #define HAVE_TIMEGM 1
| #define HAVE_ERRNO_H 1
| #define HAVE_SYS_SOCKET_H 1
| #define HAVE_SYS_TYPES_H 1
| #define HAVE_TIME_H 1
| #define HAVE_NET_IF_H 1
| #define HAVE_LINUX_IF_ADDR_H 1
| #define NEED_EARLY_FORK 1
| #define HAVE_ARPA_NAMESER_H 1
| #define HAVE_SYS_PARAM_H 1
| #define HAVE_SYS_TIME_H 1
| #define HAVE_SYS_SYSCTL_H 1
| #define HAVE_NETINET_IN_SYSTM_H 1
| #define HAVE_NETINET_IN_H 1
| #define HAVE_RESOLV_H 1
| #define HAVE_NETINET_IP_H 1
| #define HAVE_RECVMSG 1
| #define HAVE_INLINE 1
| #define TIME_WITH_SYS_TIME 1
| #define SIZEOF_TIME_T 8
| #define SIZEOF_SIGNED_CHAR 1
| #define HAVE_LONG_LONG 1
| #define SIZEOF_SHORT 2
| #define SIZEOF_INT 4
| #define SIZEOF_LONG 8
| #define SIZEOF_LONG_LONG 8
| #define NEED_S_CHAR_TYPEDEF 1
| #define DEBUG 1
| #define HAVE_SEMAPHORE_H 1
| #define HAVE_SOCKETPAIR 1
| #define HAVE_PTHREAD_H 1
| #define HAVE_PTHREADS 10
| #define HAVE_SCHED_H 1
| #define HAVE_SCHED_YIELD 1
| #define HAVE_PTHREAD_YIELD 1
| #define HAVE_PTHREAD_KILL 1
| #define HAVE_PTHREAD_RWLOCK_DESTROY 1
| #define HAVE_PTHREAD_DETACH 1
| #define HAVE_PTHREAD_SETCONCURRENCY 1
| #define HAVE_PTHREAD_GETCONCURRENCY 1
| #define HAVE_YIELDING_SELECT 1
| #define REENTRANT 1
| #define _REENTRANT 1
| #define THREAD_SAFE 1
| #define _THREAD_SAFE 1
| #define THREADSAFE 1
| #define _THREADSAFE 1
| #define _SGI_MP_SOURCE 1
| #define LDAP_API_FEATURE_X_OPENLDAP_THREAD_SAFE 1
| #define HAVE_SEM_TIMEDWAIT 1
| #define SIZEOF_PTHREAD_T 8
| #define ISC_PLATFORM_USETHREADS 1
| #define HAVE_SIGWAIT 1
| #define HAVE_PTHREAD_ATTR_GETSTACKSIZE 1
| #define HAVE_PTHREAD_ATTR_SETSTACKSIZE 1
| #define HAVE_SYSCONF 1
| #define HAVE_LINUXTHREADS 1
| #define VSNPRINTF_PERCENT_M 1
| #define HAVE_SYS_CAPABILITY_H 1
| #define HAVE_SYS_PRCTL_H 1
| #define HAVE_LINUX_CAPABILITIES 1
| #define HAVE_DROPROOT 1
| #define HAVE_SYS_TYPES_H 1
| #define HAVE_NETINET_IN_H 1
| #define HAVE_ARPA_NAMESER_H 1
| #define HAVE_NETDB_H 1
| #define HAVE_RESOLV_H 1
| #define HAVE___RES_INIT 1
| #define HAVE_UINTPTR_T 1
| #define HAVE_SYS_TIMEPPS_H 1
| #define HAVE_STRUCT_TIMESPEC 1
| #define HAVE_STRUCT_NTPTIMEVAL 1
| #define HAVE_MD5_H 1
| #define HAVE_MD5INIT 1
| #define HAVE_SYSCONF 1
| #define HAVE_GETDTABLESIZE 1
| #define HAVE_SIGACTION 1
| #define HAVE_SIGSET 1
| #define HAVE_SETTIMEOFDAY 1
| #define HAVE_DLFCN_H 1
| #define LT_OBJDIR ".libs/"
| #define HAVE_DIRENT_H 1
| #define HAVE_SYS_MMAN_H 1
| #define HAVE_SYS_PARAM_H 1
| #define HAVE_SYS_POLL_H 1
| #define HAVE_SYS_SELECT_H 1
| #define HAVE_SYS_SOCKET_H 1
| #define HAVE_SYS_TIME_H 1
| #define HAVE_SYS_UN_H 1
| #define HAVE_SYS_WAIT_H 1
| #define HAVE_DLFCN_H 1
| #define HAVE_ERRNO_H 1
| #define HAVE_FCNTL_H 1
| #define HAVE_LIBGEN_H 1
| #define HAVE_LIBINTL_H 1
| #define HAVE_MEMORY_H 1
| #define HAVE_NETINET_IN_H 1
| #define HAVE_SETJMP_H 1
| #define HAVE_STDBOOL_H 1
| #define HAVE_SYSEXITS_H 1
| #define HAVE_UNISTD_H 1
| #define HAVE_UTIME_H 1
| #define HAVE_STDARG_H 1
| #define HAVE_STRING_H 1
| #define HAVE_LIMITS_H 1
| #define HAVE_INTTYPES_H 1
| #define HAVE_WCHAR_H 1
| #define HAVE_WCHAR_T 1
| #define HAVE_WINT_T 1
| #define HAVE_INT8_T 1
| #define HAVE_UINT8_T 1
| #define HAVE_INT16_T 1
| /* end confdefs.h.  */
| #include <stdio.h>
| #ifdef HAVE_SYS_TYPES_H
| # include <sys/types.h>
| #endif
| #ifdef HAVE_SYS_STAT_H
| # include <sys/stat.h>
| #endif
| #ifdef STDC_HEADERS
| # include <stdlib.h>
| # include <stddef.h>
| #else
| # ifdef HAVE_STDLIB_H
| #  include <stdlib.h>
| # endif
| #endif
| #ifdef HAVE_STRING_H
| # if !defined STDC_HEADERS && defined HAVE_MEMORY_H
| #  include <memory.h>
| # endif
| # include <string.h>
| #endif
| #ifdef HAVE_STRINGS_H
| # include <strings.h>
| #endif
| #ifdef HAVE_INTTYPES_H
| # include <inttypes.h>
| #endif
| #ifdef HAVE_STDINT_H
| # include <stdint.h>
| #endif
| #ifdef HAVE_UNISTD_H
| # include <unistd.h>
| #endif
| int
| main ()
| {
| if (sizeof ((uint16_t)))
| 	    return 0;
|   ;
|   return 0;
| }
configure:23375: result: yes
configure:23384: checking for int32_t
configure:23384: x86_64-linux-gnu-gcc -c -g -O2 -ffile-prefix-map=/sonic/src/ntp/ntp-4.2.8p15=. -fstack-protector-strong -Wformat -Werror=format-security -fno-strict-aliasing -fcommon -Wdate-time -D_FORTIFY_SOURCE=2 -D_GNU_SOURCE conftest.c >&5
configure:23384: $? = 0
configure:23384: x86_64-linux-gnu-gcc -c -g -O2 -ffile-prefix-map=/sonic/src/ntp/ntp-4.2.8p15=. -fstack-protector-strong -Wformat -Werror=format-security -fno-strict-aliasing -fcommon -Wdate-time -D_FORTIFY_SOURCE=2 -D_GNU_SOURCE conftest.c >&5
conftest.c: In function 'main':
conftest.c:199:22: error: expected expression before ')' token
  199 | if (sizeof ((int32_t)))
      |                      ^
configure:23384: $? = 1
configure: failed program was:
| /* confdefs.h */
| #define PACKAGE_NAME "sntp"
| #define PACKAGE_TARNAME "sntp"
| #define PACKAGE_VERSION "4.2.8p15"
| #define PACKAGE_STRING "sntp 4.2.8p15"
| #define PACKAGE_BUGREPORT "http://bugs.ntp.org./"
| #define PACKAGE_URL "http://www.ntp.org./"
| #define PACKAGE "sntp"
| #define VERSION "4.2.8p15"
| #define STR_SYSTEM "x86_64-pc-linux-gnu"
| #define STDC_HEADERS 1
| #define HAVE_SYS_TYPES_H 1
| #define HAVE_SYS_STAT_H 1
| #define HAVE_STDLIB_H 1
| #define HAVE_STRING_H 1
| #define HAVE_MEMORY_H 1
| #define HAVE_STRINGS_H 1
| #define HAVE_INTTYPES_H 1
| #define HAVE_STDINT_H 1
| #define HAVE_UNISTD_H 1
| #define __EXTENSIONS__ 1
| #define _ALL_SOURCE 1
| #define _GNU_SOURCE 1
| #define _POSIX_PTHREAD_SEMANTICS 1
| #define _TANDEM_SOURCE 1
| #define HAVE___ATTRIBUTE__ /**/
| #define HAVE_STDARG_H 1
| #define HAVE_UNSIGNED_LONG_LONG_INT 1
| #define HAVE_VSNPRINTF 1
| #define HAVE_SNPRINTF 1
| #define DIR_SEP '/'
| #define HAVE_READLINE_READLINE_H 1
| #define HAVE_HISTEDIT_H 1
| #define HAVE_READLINE_HISTORY_H 1
| #define EL_INIT_ARGS 4
| #define HAVE_READLINE_HISTORY 1
| #define HAVE_FORK 1
| #define HAVE_VFORK 1
| #define HAVE_WORKING_VFORK 1
| #define HAVE_WORKING_FORK 1
| #define HAVE_ALLOCA_H 1
| #define HAVE_ALLOCA 1
| #define HAVE_DECL_STRERROR_R 1
| #define HAVE_STRERROR_R 1
| #define STRERROR_R_CHAR_P 1
| #define HAVE_CLOCK_GETRES 1
| #define HAVE_CLOCK_GETTIME 1
| #define HAVE_CLOCK_SETTIME 1
| #define HAVE_TIMEGM 1
| #define HAVE_ERRNO_H 1
| #define HAVE_SYS_SOCKET_H 1
| #define HAVE_SYS_TYPES_H 1
| #define HAVE_TIME_H 1
| #define HAVE_NET_IF_H 1
| #define HAVE_LINUX_IF_ADDR_H 1
| #define NEED_EARLY_FORK 1
| #define HAVE_ARPA_NAMESER_H 1
| #define HAVE_SYS_PARAM_H 1
| #define HAVE_SYS_TIME_H 1
| #define HAVE_SYS_SYSCTL_H 1
| #define HAVE_NETINET_IN_SYSTM_H 1
| #define HAVE_NETINET_IN_H 1
| #define HAVE_RESOLV_H 1
| #define HAVE_NETINET_IP_H 1
| #define HAVE_RECVMSG 1
| #define HAVE_INLINE 1
| #define TIME_WITH_SYS_TIME 1
| #define SIZEOF_TIME_T 8
| #define SIZEOF_SIGNED_CHAR 1
| #define HAVE_LONG_LONG 1
| #define SIZEOF_SHORT 2
| #define SIZEOF_INT 4
| #define SIZEOF_LONG 8
| #define SIZEOF_LONG_LONG 8
| #define NEED_S_CHAR_TYPEDEF 1
| #define DEBUG 1
| #define HAVE_SEMAPHORE_H 1
| #define HAVE_SOCKETPAIR 1
| #define HAVE_PTHREAD_H 1
| #define HAVE_PTHREADS 10
| #define HAVE_SCHED_H 1
| #define HAVE_SCHED_YIELD 1
| #define HAVE_PTHREAD_YIELD 1
| #define HAVE_PTHREAD_KILL 1
| #define HAVE_PTHREAD_RWLOCK_DESTROY 1
| #define HAVE_PTHREAD_DETACH 1
| #define HAVE_PTHREAD_SETCONCURRENCY 1
| #define HAVE_PTHREAD_GETCONCURRENCY 1
| #define HAVE_YIELDING_SELECT 1
| #define REENTRANT 1
| #define _REENTRANT 1
| #define THREAD_SAFE 1
| #define _THREAD_SAFE 1
| #define THREADSAFE 1
| #define _THREADSAFE 1
| #define _SGI_MP_SOURCE 1
| #define LDAP_API_FEATURE_X_OPENLDAP_THREAD_SAFE 1
| #define HAVE_SEM_TIMEDWAIT 1
| #define SIZEOF_PTHREAD_T 8
| #define ISC_PLATFORM_USETHREADS 1
| #define HAVE_SIGWAIT 1
| #define HAVE_PTHREAD_ATTR_GETSTACKSIZE 1
| #define HAVE_PTHREAD_ATTR_SETSTACKSIZE 1
| #define HAVE_SYSCONF 1
| #define HAVE_LINUXTHREADS 1
| #define VSNPRINTF_PERCENT_M 1
| #define HAVE_SYS_CAPABILITY_H 1
| #define HAVE_SYS_PRCTL_H 1
| #define HAVE_LINUX_CAPABILITIES 1
| #define HAVE_DROPROOT 1
| #define HAVE_SYS_TYPES_H 1
| #define HAVE_NETINET_IN_H 1
| #define HAVE_ARPA_NAMESER_H 1
| #define HAVE_NETDB_H 1
| #define HAVE_RESOLV_H 1
| #define HAVE___RES_INIT 1
| #define HAVE_UINTPTR_T 1
| #define HAVE_SYS_TIMEPPS_H 1
| #define HAVE_STRUCT_TIMESPEC 1
| #define HAVE_STRUCT_NTPTIMEVAL 1
| #define HAVE_MD5_H 1
| #define HAVE_MD5INIT 1
| #define HAVE_SYSCONF 1
| #define HAVE_GETDTABLESIZE 1
| #define HAVE_SIGACTION 1
| #define HAVE_SIGSET 1
| #define HAVE_SETTIMEOFDAY 1
| #define HAVE_DLFCN_H 1
| #define LT_OBJDIR ".libs/"
| #define HAVE_DIRENT_H 1
| #define HAVE_SYS_MMAN_H 1
| #define HAVE_SYS_PARAM_H 1
| #define HAVE_SYS_POLL_H 1
| #define HAVE_SYS_SELECT_H 1
| #define HAVE_SYS_SOCKET_H 1
| #define HAVE_SYS_TIME_H 1
| #define HAVE_SYS_UN_H 1
| #define HAVE_SYS_WAIT_H 1
| #define HAVE_DLFCN_H 1
| #define HAVE_ERRNO_H 1
| #define HAVE_FCNTL_H 1
| #define HAVE_LIBGEN_H 1
| #define HAVE_LIBINTL_H 1
| #define HAVE_MEMORY_H 1
| #define HAVE_NETINET_IN_H 1
| #define HAVE_SETJMP_H 1
| #define HAVE_STDBOOL_H 1
| #define HAVE_SYSEXITS_H 1
| #define HAVE_UNISTD_H 1
| #define HAVE_UTIME_H 1
| #define HAVE_STDARG_H 1
| #define HAVE_STRING_H 1
| #define HAVE_LIMITS_H 1
| #define HAVE_INTTYPES_H 1
| #define HAVE_WCHAR_H 1
| #define HAVE_WCHAR_T 1
| #define HAVE_WINT_T 1
| #define HAVE_INT8_T 1
| #define HAVE_UINT8_T 1
| #define HAVE_INT16_T 1
| #define HAVE_UINT16_T 1
| /* end confdefs.h.  */
| #include <stdio.h>
| #ifdef HAVE_SYS_TYPES_H
| # include <sys/types.h>
| #endif
| #ifdef HAVE_SYS_STAT_H
| # include <sys/stat.h>
| #endif
| #ifdef STDC_HEADERS
| # include <stdlib.h>
| # include <stddef.h>
| #else
| # ifdef HAVE_STDLIB_H
| #  include <stdlib.h>
| # endif
| #endif
| #ifdef HAVE_STRING_H
| # if !defined STDC_HEADERS && defined HAVE_MEMORY_H
| #  include <memory.h>
| # endif
| # include <string.h>
| #endif
| #ifdef HAVE_STRINGS_H
| # include <strings.h>
| #endif
| #ifdef HAVE_INTTYPES_H
| # include <inttypes.h>
| #endif
| #ifdef HAVE_STDINT_H
| # include <stdint.h>
| #endif
| #ifdef HAVE_UNISTD_H
| # include <unistd.h>
| #endif
| int
| main ()
| {
| if (sizeof ((int32_t)))
| 	    return 0;
|   ;
|   return 0;
| }
configure:23384: result: yes
configure:23393: checking for uint32_t
configure:23393: x86_64-linux-gnu-gcc -c -g -O2 -ffile-prefix-map=/sonic/src/ntp/ntp-4.2.8p15=. -fstack-protector-strong -Wformat -Werror=format-security -fno-strict-aliasing -fcommon -Wdate-time -D_FORTIFY_SOURCE=2 -D_GNU_SOURCE conftest.c >&5
configure:23393: $? = 0
configure:23393: x86_64-linux-gnu-gcc -c -g -O2 -ffile-prefix-map=/sonic/src/ntp/ntp-4.2.8p15=. -fstack-protector-strong -Wformat -Werror=format-security -fno-strict-aliasing -fcommon -Wdate-time -D_FORTIFY_SOURCE=2 -D_GNU_SOURCE conftest.c >&5
conftest.c: In function 'main':
conftest.c:200:23: error: expected expression before ')' token
  200 | if (sizeof ((uint32_t)))
      |                       ^
configure:23393: $? = 1
configure: failed program was:
| /* confdefs.h */
| #define PACKAGE_NAME "sntp"
| #define PACKAGE_TARNAME "sntp"
| #define PACKAGE_VERSION "4.2.8p15"
| #define PACKAGE_STRING "sntp 4.2.8p15"
| #define PACKAGE_BUGREPORT "http://bugs.ntp.org./"
| #define PACKAGE_URL "http://www.ntp.org./"
| #define PACKAGE "sntp"
| #define VERSION "4.2.8p15"
| #define STR_SYSTEM "x86_64-pc-linux-gnu"
| #define STDC_HEADERS 1
| #define HAVE_SYS_TYPES_H 1
| #define HAVE_SYS_STAT_H 1
| #define HAVE_STDLIB_H 1
| #define HAVE_STRING_H 1
| #define HAVE_MEMORY_H 1
| #define HAVE_STRINGS_H 1
| #define HAVE_INTTYPES_H 1
| #define HAVE_STDINT_H 1
| #define HAVE_UNISTD_H 1
| #define __EXTENSIONS__ 1
| #define _ALL_SOURCE 1
| #define _GNU_SOURCE 1
| #define _POSIX_PTHREAD_SEMANTICS 1
| #define _TANDEM_SOURCE 1
| #define HAVE___ATTRIBUTE__ /**/
| #define HAVE_STDARG_H 1
| #define HAVE_UNSIGNED_LONG_LONG_INT 1
| #define HAVE_VSNPRINTF 1
| #define HAVE_SNPRINTF 1
| #define DIR_SEP '/'
| #define HAVE_READLINE_READLINE_H 1
| #define HAVE_HISTEDIT_H 1
| #define HAVE_READLINE_HISTORY_H 1
| #define EL_INIT_ARGS 4
| #define HAVE_READLINE_HISTORY 1
| #define HAVE_FORK 1
| #define HAVE_VFORK 1
| #define HAVE_WORKING_VFORK 1
| #define HAVE_WORKING_FORK 1
| #define HAVE_ALLOCA_H 1
| #define HAVE_ALLOCA 1
| #define HAVE_DECL_STRERROR_R 1
| #define HAVE_STRERROR_R 1
| #define STRERROR_R_CHAR_P 1
| #define HAVE_CLOCK_GETRES 1
| #define HAVE_CLOCK_GETTIME 1
| #define HAVE_CLOCK_SETTIME 1
| #define HAVE_TIMEGM 1
| #define HAVE_ERRNO_H 1
| #define HAVE_SYS_SOCKET_H 1
| #define HAVE_SYS_TYPES_H 1
| #define HAVE_TIME_H 1
| #define HAVE_NET_IF_H 1
| #define HAVE_LINUX_IF_ADDR_H 1
| #define NEED_EARLY_FORK 1
| #define HAVE_ARPA_NAMESER_H 1
| #define HAVE_SYS_PARAM_H 1
| #define HAVE_SYS_TIME_H 1
| #define HAVE_SYS_SYSCTL_H 1
| #define HAVE_NETINET_IN_SYSTM_H 1
| #define HAVE_NETINET_IN_H 1
| #define HAVE_RESOLV_H 1
| #define HAVE_NETINET_IP_H 1
| #define HAVE_RECVMSG 1
| #define HAVE_INLINE 1
| #define TIME_WITH_SYS_TIME 1
| #define SIZEOF_TIME_T 8
| #define SIZEOF_SIGNED_CHAR 1
| #define HAVE_LONG_LONG 1
| #define SIZEOF_SHORT 2
| #define SIZEOF_INT 4
| #define SIZEOF_LONG 8
| #define SIZEOF_LONG_LONG 8
| #define NEED_S_CHAR_TYPEDEF 1
| #define DEBUG 1
| #define HAVE_SEMAPHORE_H 1
| #define HAVE_SOCKETPAIR 1
| #define HAVE_PTHREAD_H 1
| #define HAVE_PTHREADS 10
| #define HAVE_SCHED_H 1
| #define HAVE_SCHED_YIELD 1
| #define HAVE_PTHREAD_YIELD 1
| #define HAVE_PTHREAD_KILL 1
| #define HAVE_PTHREAD_RWLOCK_DESTROY 1
| #define HAVE_PTHREAD_DETACH 1
| #define HAVE_PTHREAD_SETCONCURRENCY 1
| #define HAVE_PTHREAD_GETCONCURRENCY 1
| #define HAVE_YIELDING_SELECT 1
| #define REENTRANT 1
| #define _REENTRANT 1
| #define THREAD_SAFE 1
| #define _THREAD_SAFE 1
| #define THREADSAFE 1
| #define _THREADSAFE 1
| #define _SGI_MP_SOURCE 1
| #define LDAP_API_FEATURE_X_OPENLDAP_THREAD_SAFE 1
| #define HAVE_SEM_TIMEDWAIT 1
| #define SIZEOF_PTHREAD_T 8
| #define ISC_PLATFORM_USETHREADS 1
| #define HAVE_SIGWAIT 1
| #define HAVE_PTHREAD_ATTR_GETSTACKSIZE 1
| #define HAVE_PTHREAD_ATTR_SETSTACKSIZE 1
| #define HAVE_SYSCONF 1
| #define HAVE_LINUXTHREADS 1
| #define VSNPRINTF_PERCENT_M 1
| #define HAVE_SYS_CAPABILITY_H 1
| #define HAVE_SYS_PRCTL_H 1
| #define HAVE_LINUX_CAPABILITIES 1
| #define HAVE_DROPROOT 1
| #define HAVE_SYS_TYPES_H 1
| #define HAVE_NETINET_IN_H 1
| #define HAVE_ARPA_NAMESER_H 1
| #define HAVE_NETDB_H 1
| #define HAVE_RESOLV_H 1
| #define HAVE___RES_INIT 1
| #define HAVE_UINTPTR_T 1
| #define HAVE_SYS_TIMEPPS_H 1
| #define HAVE_STRUCT_TIMESPEC 1
| #define HAVE_STRUCT_NTPTIMEVAL 1
| #define HAVE_MD5_H 1
| #define HAVE_MD5INIT 1
| #define HAVE_SYSCONF 1
| #define HAVE_GETDTABLESIZE 1
| #define HAVE_SIGACTION 1
| #define HAVE_SIGSET 1
| #define HAVE_SETTIMEOFDAY 1
| #define HAVE_DLFCN_H 1
| #define LT_OBJDIR ".libs/"
| #define HAVE_DIRENT_H 1
| #define HAVE_SYS_MMAN_H 1
| #define HAVE_SYS_PARAM_H 1
| #define HAVE_SYS_POLL_H 1
| #define HAVE_SYS_SELECT_H 1
| #define HAVE_SYS_SOCKET_H 1
| #define HAVE_SYS_TIME_H 1
| #define HAVE_SYS_UN_H 1
| #define HAVE_SYS_WAIT_H 1
| #define HAVE_DLFCN_H 1
| #define HAVE_ERRNO_H 1
| #define HAVE_FCNTL_H 1
| #define HAVE_LIBGEN_H 1
| #define HAVE_LIBINTL_H 1
| #define HAVE_MEMORY_H 1
| #define HAVE_NETINET_IN_H 1
| #define HAVE_SETJMP_H 1
| #define HAVE_STDBOOL_H 1
| #define HAVE_SYSEXITS_H 1
| #define HAVE_UNISTD_H 1
| #define HAVE_UTIME_H 1
| #define HAVE_STDARG_H 1
| #define HAVE_STRING_H 1
| #define HAVE_LIMITS_H 1
| #define HAVE_INTTYPES_H 1
| #define HAVE_WCHAR_H 1
| #define HAVE_WCHAR_T 1
| #define HAVE_WINT_T 1
| #define HAVE_INT8_T 1
| #define HAVE_UINT8_T 1
| #define HAVE_INT16_T 1
| #define HAVE_UINT16_T 1
| #define HAVE_INT32_T 1
| /* end confdefs.h.  */
| #include <stdio.h>
| #ifdef HAVE_SYS_TYPES_H
| # include <sys/types.h>
| #endif
| #ifdef HAVE_SYS_STAT_H
| # include <sys/stat.h>
| #endif
| #ifdef STDC_HEADERS
| # include <stdlib.h>
| # include <stddef.h>
| #else
| # ifdef HAVE_STDLIB_H
| #  include <stdlib.h>
| # endif
| #endif
| #ifdef HAVE_STRING_H
| # if !defined STDC_HEADERS && defined HAVE_MEMORY_H
| #  include <memory.h>
| # endif
| # include <string.h>
| #endif
| #ifdef HAVE_STRINGS_H
| # include <strings.h>
| #endif
| #ifdef HAVE_INTTYPES_H
| # include <inttypes.h>
| #endif
| #ifdef HAVE_STDINT_H
| # include <stdint.h>
| #endif
| #ifdef HAVE_UNISTD_H
| # include <unistd.h>
| #endif
| int
| main ()
| {
| if (sizeof ((uint32_t)))
| 	    return 0;
|   ;
|   return 0;
| }
configure:23393: result: yes
configure:23402: checking for intptr_t
configure:23402: x86_64-linux-gnu-gcc -c -g -O2 -ffile-prefix-map=/sonic/src/ntp/ntp-4.2.8p15=. -fstack-protector-strong -Wformat -Werror=format-security -fno-strict-aliasing -fcommon -Wdate-time -D_FORTIFY_SOURCE=2 -D_GNU_SOURCE conftest.c >&5
configure:23402: $? = 0
configure:23402: x86_64-linux-gnu-gcc -c -g -O2 -ffile-prefix-map=/sonic/src/ntp/ntp-4.2.8p15=. -fstack-protector-strong -Wformat -Werror=format-security -fno-strict-aliasing -fcommon -Wdate-time -D_FORTIFY_SOURCE=2 -D_GNU_SOURCE conftest.c >&5
conftest.c: In function 'main':
conftest.c:201:23: error: expected expression before ')' token
  201 | if (sizeof ((intptr_t)))
      |                       ^
configure:23402: $? = 1
configure: failed program was:
| /* confdefs.h */
| #define PACKAGE_NAME "sntp"
| #define PACKAGE_TARNAME "sntp"
| #define PACKAGE_VERSION "4.2.8p15"
| #define PACKAGE_STRING "sntp 4.2.8p15"
| #define PACKAGE_BUGREPORT "http://bugs.ntp.org./"
| #define PACKAGE_URL "http://www.ntp.org./"
| #define PACKAGE "sntp"
| #define VERSION "4.2.8p15"
| #define STR_SYSTEM "x86_64-pc-linux-gnu"
| #define STDC_HEADERS 1
| #define HAVE_SYS_TYPES_H 1
| #define HAVE_SYS_STAT_H 1
| #define HAVE_STDLIB_H 1
| #define HAVE_STRING_H 1
| #define HAVE_MEMORY_H 1
| #define HAVE_STRINGS_H 1
| #define HAVE_INTTYPES_H 1
| #define HAVE_STDINT_H 1
| #define HAVE_UNISTD_H 1
| #define __EXTENSIONS__ 1
| #define _ALL_SOURCE 1
| #define _GNU_SOURCE 1
| #define _POSIX_PTHREAD_SEMANTICS 1
| #define _TANDEM_SOURCE 1
| #define HAVE___ATTRIBUTE__ /**/
| #define HAVE_STDARG_H 1
| #define HAVE_UNSIGNED_LONG_LONG_INT 1
| #define HAVE_VSNPRINTF 1
| #define HAVE_SNPRINTF 1
| #define DIR_SEP '/'
| #define HAVE_READLINE_READLINE_H 1
| #define HAVE_HISTEDIT_H 1
| #define HAVE_READLINE_HISTORY_H 1
| #define EL_INIT_ARGS 4
| #define HAVE_READLINE_HISTORY 1
| #define HAVE_FORK 1
| #define HAVE_VFORK 1
| #define HAVE_WORKING_VFORK 1
| #define HAVE_WORKING_FORK 1
| #define HAVE_ALLOCA_H 1
| #define HAVE_ALLOCA 1
| #define HAVE_DECL_STRERROR_R 1
| #define HAVE_STRERROR_R 1
| #define STRERROR_R_CHAR_P 1
| #define HAVE_CLOCK_GETRES 1
| #define HAVE_CLOCK_GETTIME 1
| #define HAVE_CLOCK_SETTIME 1
| #define HAVE_TIMEGM 1
| #define HAVE_ERRNO_H 1
| #define HAVE_SYS_SOCKET_H 1
| #define HAVE_SYS_TYPES_H 1
| #define HAVE_TIME_H 1
| #define HAVE_NET_IF_H 1
| #define HAVE_LINUX_IF_ADDR_H 1
| #define NEED_EARLY_FORK 1
| #define HAVE_ARPA_NAMESER_H 1
| #define HAVE_SYS_PARAM_H 1
| #define HAVE_SYS_TIME_H 1
| #define HAVE_SYS_SYSCTL_H 1
| #define HAVE_NETINET_IN_SYSTM_H 1
| #define HAVE_NETINET_IN_H 1
| #define HAVE_RESOLV_H 1
| #define HAVE_NETINET_IP_H 1
| #define HAVE_RECVMSG 1
| #define HAVE_INLINE 1
| #define TIME_WITH_SYS_TIME 1
| #define SIZEOF_TIME_T 8
| #define SIZEOF_SIGNED_CHAR 1
| #define HAVE_LONG_LONG 1
| #define SIZEOF_SHORT 2
| #define SIZEOF_INT 4
| #define SIZEOF_LONG 8
| #define SIZEOF_LONG_LONG 8
| #define NEED_S_CHAR_TYPEDEF 1
| #define DEBUG 1
| #define HAVE_SEMAPHORE_H 1
| #define HAVE_SOCKETPAIR 1
| #define HAVE_PTHREAD_H 1
| #define HAVE_PTHREADS 10
| #define HAVE_SCHED_H 1
| #define HAVE_SCHED_YIELD 1
| #define HAVE_PTHREAD_YIELD 1
| #define HAVE_PTHREAD_KILL 1
| #define HAVE_PTHREAD_RWLOCK_DESTROY 1
| #define HAVE_PTHREAD_DETACH 1
| #define HAVE_PTHREAD_SETCONCURRENCY 1
| #define HAVE_PTHREAD_GETCONCURRENCY 1
| #define HAVE_YIELDING_SELECT 1
| #define REENTRANT 1
| #define _REENTRANT 1
| #define THREAD_SAFE 1
| #define _THREAD_SAFE 1
| #define THREADSAFE 1
| #define _THREADSAFE 1
| #define _SGI_MP_SOURCE 1
| #define LDAP_API_FEATURE_X_OPENLDAP_THREAD_SAFE 1
| #define HAVE_SEM_TIMEDWAIT 1
| #define SIZEOF_PTHREAD_T 8
| #define ISC_PLATFORM_USETHREADS 1
| #define HAVE_SIGWAIT 1
| #define HAVE_PTHREAD_ATTR_GETSTACKSIZE 1
| #define HAVE_PTHREAD_ATTR_SETSTACKSIZE 1
| #define HAVE_SYSCONF 1
| #define HAVE_LINUXTHREADS 1
| #define VSNPRINTF_PERCENT_M 1
| #define HAVE_SYS_CAPABILITY_H 1
| #define HAVE_SYS_PRCTL_H 1
| #define HAVE_LINUX_CAPABILITIES 1
| #define HAVE_DROPROOT 1
| #define HAVE_SYS_TYPES_H 1
| #define HAVE_NETINET_IN_H 1
| #define HAVE_ARPA_NAMESER_H 1
| #define HAVE_NETDB_H 1
| #define HAVE_RESOLV_H 1
| #define HAVE___RES_INIT 1
| #define HAVE_UINTPTR_T 1
| #define HAVE_SYS_TIMEPPS_H 1
| #define HAVE_STRUCT_TIMESPEC 1
| #define HAVE_STRUCT_NTPTIMEVAL 1
| #define HAVE_MD5_H 1
| #define HAVE_MD5INIT 1
| #define HAVE_SYSCONF 1
| #define HAVE_GETDTABLESIZE 1
| #define HAVE_SIGACTION 1
| #define HAVE_SIGSET 1
| #define HAVE_SETTIMEOFDAY 1
| #define HAVE_DLFCN_H 1
| #define LT_OBJDIR ".libs/"
| #define HAVE_DIRENT_H 1
| #define HAVE_SYS_MMAN_H 1
| #define HAVE_SYS_PARAM_H 1
| #define HAVE_SYS_POLL_H 1
| #define HAVE_SYS_SELECT_H 1
| #define HAVE_SYS_SOCKET_H 1
| #define HAVE_SYS_TIME_H 1
| #define HAVE_SYS_UN_H 1
| #define HAVE_SYS_WAIT_H 1
| #define HAVE_DLFCN_H 1
| #define HAVE_ERRNO_H 1
| #define HAVE_FCNTL_H 1
| #define HAVE_LIBGEN_H 1
| #define HAVE_LIBINTL_H 1
| #define HAVE_MEMORY_H 1
| #define HAVE_NETINET_IN_H 1
| #define HAVE_SETJMP_H 1
| #define HAVE_STDBOOL_H 1
| #define HAVE_SYSEXITS_H 1
| #define HAVE_UNISTD_H 1
| #define HAVE_UTIME_H 1
| #define HAVE_STDARG_H 1
| #define HAVE_STRING_H 1
| #define HAVE_LIMITS_H 1
| #define HAVE_INTTYPES_H 1
| #define HAVE_WCHAR_H 1
| #define HAVE_WCHAR_T 1
| #define HAVE_WINT_T 1
| #define HAVE_INT8_T 1
| #define HAVE_UINT8_T 1
| #define HAVE_INT16_T 1
| #define HAVE_UINT16_T 1
| #define HAVE_INT32_T 1
| #define HAVE_UINT32_T 1
| /* end confdefs.h.  */
| #include <stdio.h>
| #ifdef HAVE_SYS_TYPES_H
| # include <sys/types.h>
| #endif
| #ifdef HAVE_SYS_STAT_H
| # include <sys/stat.h>
| #endif
| #ifdef STDC_HEADERS
| # include <stdlib.h>
| # include <stddef.h>
| #else
| # ifdef HAVE_STDLIB_H
| #  include <stdlib.h>
| # endif
| #endif
| #ifdef HAVE_STRING_H
| # if !defined STDC_HEADERS && defined HAVE_MEMORY_H
| #  include <memory.h>
| # endif
| # include <string.h>
| #endif
| #ifdef HAVE_STRINGS_H
| # include <strings.h>
| #endif
| #ifdef HAVE_INTTYPES_H
| # include <inttypes.h>
| #endif
| #ifdef HAVE_STDINT_H
| # include <stdint.h>
| #endif
| #ifdef HAVE_UNISTD_H
| # include <unistd.h>
| #endif
| int
| main ()
| {
| if (sizeof ((intptr_t)))
| 	    return 0;
|   ;
|   return 0;
| }
configure:23402: result: yes
configure:23411: checking for uintptr_t
configure:23411: result: yes
configure:23420: checking for uint_t
configure:23420: x86_64-linux-gnu-gcc -c -g -O2 -ffile-prefix-map=/sonic/src/ntp/ntp-4.2.8p15=. -fstack-protector-strong -Wformat -Werror=format-security -fno-strict-aliasing -fcommon -Wdate-time -D_FORTIFY_SOURCE=2 -D_GNU_SOURCE conftest.c >&5
conftest.c: In function 'main':
conftest.c:203:13: error: 'uint_t' undeclared (first use in this function); did you mean 'uint8_t'?
  203 | if (sizeof (uint_t))
      |             ^~~~~~
      |             uint8_t
conftest.c:203:13: note: each undeclared identifier is reported only once for each function it appears in
configure:23420: $? = 1
configure: failed program was:
| /* confdefs.h */
| #define PACKAGE_NAME "sntp"
| #define PACKAGE_TARNAME "sntp"
| #define PACKAGE_VERSION "4.2.8p15"
| #define PACKAGE_STRING "sntp 4.2.8p15"
| #define PACKAGE_BUGREPORT "http://bugs.ntp.org./"
| #define PACKAGE_URL "http://www.ntp.org./"
| #define PACKAGE "sntp"
| #define VERSION "4.2.8p15"
| #define STR_SYSTEM "x86_64-pc-linux-gnu"
| #define STDC_HEADERS 1
| #define HAVE_SYS_TYPES_H 1
| #define HAVE_SYS_STAT_H 1
| #define HAVE_STDLIB_H 1
| #define HAVE_STRING_H 1
| #define HAVE_MEMORY_H 1
| #define HAVE_STRINGS_H 1
| #define HAVE_INTTYPES_H 1
| #define HAVE_STDINT_H 1
| #define HAVE_UNISTD_H 1
| #define __EXTENSIONS__ 1
| #define _ALL_SOURCE 1
| #define _GNU_SOURCE 1
| #define _POSIX_PTHREAD_SEMANTICS 1
| #define _TANDEM_SOURCE 1
| #define HAVE___ATTRIBUTE__ /**/
| #define HAVE_STDARG_H 1
| #define HAVE_UNSIGNED_LONG_LONG_INT 1
| #define HAVE_VSNPRINTF 1
| #define HAVE_SNPRINTF 1
| #define DIR_SEP '/'
| #define HAVE_READLINE_READLINE_H 1
| #define HAVE_HISTEDIT_H 1
| #define HAVE_READLINE_HISTORY_H 1
| #define EL_INIT_ARGS 4
| #define HAVE_READLINE_HISTORY 1
| #define HAVE_FORK 1
| #define HAVE_VFORK 1
| #define HAVE_WORKING_VFORK 1
| #define HAVE_WORKING_FORK 1
| #define HAVE_ALLOCA_H 1
| #define HAVE_ALLOCA 1
| #define HAVE_DECL_STRERROR_R 1
| #define HAVE_STRERROR_R 1
| #define STRERROR_R_CHAR_P 1
| #define HAVE_CLOCK_GETRES 1
| #define HAVE_CLOCK_GETTIME 1
| #define HAVE_CLOCK_SETTIME 1
| #define HAVE_TIMEGM 1
| #define HAVE_ERRNO_H 1
| #define HAVE_SYS_SOCKET_H 1
| #define HAVE_SYS_TYPES_H 1
| #define HAVE_TIME_H 1
| #define HAVE_NET_IF_H 1
| #define HAVE_LINUX_IF_ADDR_H 1
| #define NEED_EARLY_FORK 1
| #define HAVE_ARPA_NAMESER_H 1
| #define HAVE_SYS_PARAM_H 1
| #define HAVE_SYS_TIME_H 1
| #define HAVE_SYS_SYSCTL_H 1
| #define HAVE_NETINET_IN_SYSTM_H 1
| #define HAVE_NETINET_IN_H 1
| #define HAVE_RESOLV_H 1
| #define HAVE_NETINET_IP_H 1
| #define HAVE_RECVMSG 1
| #define HAVE_INLINE 1
| #define TIME_WITH_SYS_TIME 1
| #define SIZEOF_TIME_T 8
| #define SIZEOF_SIGNED_CHAR 1
| #define HAVE_LONG_LONG 1
| #define SIZEOF_SHORT 2
| #define SIZEOF_INT 4
| #define SIZEOF_LONG 8
| #define SIZEOF_LONG_LONG 8
| #define NEED_S_CHAR_TYPEDEF 1
| #define DEBUG 1
| #define HAVE_SEMAPHORE_H 1
| #define HAVE_SOCKETPAIR 1
| #define HAVE_PTHREAD_H 1
| #define HAVE_PTHREADS 10
| #define HAVE_SCHED_H 1
| #define HAVE_SCHED_YIELD 1
| #define HAVE_PTHREAD_YIELD 1
| #define HAVE_PTHREAD_KILL 1
| #define HAVE_PTHREAD_RWLOCK_DESTROY 1
| #define HAVE_PTHREAD_DETACH 1
| #define HAVE_PTHREAD_SETCONCURRENCY 1
| #define HAVE_PTHREAD_GETCONCURRENCY 1
| #define HAVE_YIELDING_SELECT 1
| #define REENTRANT 1
| #define _REENTRANT 1
| #define THREAD_SAFE 1
| #define _THREAD_SAFE 1
| #define THREADSAFE 1
| #define _THREADSAFE 1
| #define _SGI_MP_SOURCE 1
| #define LDAP_API_FEATURE_X_OPENLDAP_THREAD_SAFE 1
| #define HAVE_SEM_TIMEDWAIT 1
| #define SIZEOF_PTHREAD_T 8
| #define ISC_PLATFORM_USETHREADS 1
| #define HAVE_SIGWAIT 1
| #define HAVE_PTHREAD_ATTR_GETSTACKSIZE 1
| #define HAVE_PTHREAD_ATTR_SETSTACKSIZE 1
| #define HAVE_SYSCONF 1
| #define HAVE_LINUXTHREADS 1
| #define VSNPRINTF_PERCENT_M 1
| #define HAVE_SYS_CAPABILITY_H 1
| #define HAVE_SYS_PRCTL_H 1
| #define HAVE_LINUX_CAPABILITIES 1
| #define HAVE_DROPROOT 1
| #define HAVE_SYS_TYPES_H 1
| #define HAVE_NETINET_IN_H 1
| #define HAVE_ARPA_NAMESER_H 1
| #define HAVE_NETDB_H 1
| #define HAVE_RESOLV_H 1
| #define HAVE___RES_INIT 1
| #define HAVE_UINTPTR_T 1
| #define HAVE_SYS_TIMEPPS_H 1
| #define HAVE_STRUCT_TIMESPEC 1
| #define HAVE_STRUCT_NTPTIMEVAL 1
| #define HAVE_MD5_H 1
| #define HAVE_MD5INIT 1
| #define HAVE_SYSCONF 1
| #define HAVE_GETDTABLESIZE 1
| #define HAVE_SIGACTION 1
| #define HAVE_SIGSET 1
| #define HAVE_SETTIMEOFDAY 1
| #define HAVE_DLFCN_H 1
| #define LT_OBJDIR ".libs/"
| #define HAVE_DIRENT_H 1
| #define HAVE_SYS_MMAN_H 1
| #define HAVE_SYS_PARAM_H 1
| #define HAVE_SYS_POLL_H 1
| #define HAVE_SYS_SELECT_H 1
| #define HAVE_SYS_SOCKET_H 1
| #define HAVE_SYS_TIME_H 1
| #define HAVE_SYS_UN_H 1
| #define HAVE_SYS_WAIT_H 1
| #define HAVE_DLFCN_H 1
| #define HAVE_ERRNO_H 1
| #define HAVE_FCNTL_H 1
| #define HAVE_LIBGEN_H 1
| #define HAVE_LIBINTL_H 1
| #define HAVE_MEMORY_H 1
| #define HAVE_NETINET_IN_H 1
| #define HAVE_SETJMP_H 1
| #define HAVE_STDBOOL_H 1
| #define HAVE_SYSEXITS_H 1
| #define HAVE_UNISTD_H 1
| #define HAVE_UTIME_H 1
| #define HAVE_STDARG_H 1
| #define HAVE_STRING_H 1
| #define HAVE_LIMITS_H 1
| #define HAVE_INTTYPES_H 1
| #define HAVE_WCHAR_H 1
| #define HAVE_WCHAR_T 1
| #define HAVE_WINT_T 1
| #define HAVE_INT8_T 1
| #define HAVE_UINT8_T 1
| #define HAVE_INT16_T 1
| #define HAVE_UINT16_T 1
| #define HAVE_INT32_T 1
| #define HAVE_UINT32_T 1
| #define HAVE_INTPTR_T 1
| #define HAVE_UINTPTR_T 1
| /* end confdefs.h.  */
| #include <stdio.h>
| #ifdef HAVE_SYS_TYPES_H
| # include <sys/types.h>
| #endif
| #ifdef HAVE_SYS_STAT_H
| # include <sys/stat.h>
| #endif
| #ifdef STDC_HEADERS
| # include <stdlib.h>
| # include <stddef.h>
| #else
| # ifdef HAVE_STDLIB_H
| #  include <stdlib.h>
| # endif
| #endif
| #ifdef HAVE_STRING_H
| # if !defined STDC_HEADERS && defined HAVE_MEMORY_H
| #  include <memory.h>
| # endif
| # include <string.h>
| #endif
| #ifdef HAVE_STRINGS_H
| # include <strings.h>
| #endif
| #ifdef HAVE_INTTYPES_H
| # include <inttypes.h>
| #endif
| #ifdef HAVE_STDINT_H
| # include <stdint.h>
| #endif
| #ifdef HAVE_UNISTD_H
| # include <unistd.h>
| #endif
| int
| main ()
| {
| if (sizeof (uint_t))
| 	 return 0;
|   ;
|   return 0;
| }
configure:23420: result: no
configure:23429: checking for pid_t
configure:23429: result: yes
configure:23438: checking for size_t
configure:23438: result: yes
configure:23447: checking for ptrdiff_t
configure:23447: x86_64-linux-gnu-gcc -c -g -O2 -ffile-prefix-map=/sonic/src/ntp/ntp-4.2.8p15=. -fstack-protector-strong -Wformat -Werror=format-security -fno-strict-aliasing -fcommon -Wdate-time -D_FORTIFY_SOURCE=2 -D_GNU_SOURCE conftest.c >&5
configure:23447: $? = 0
configure:23447: x86_64-linux-gnu-gcc -c -g -O2 -ffile-prefix-map=/sonic/src/ntp/ntp-4.2.8p15=. -fstack-protector-strong -Wformat -Werror=format-security -fno-strict-aliasing -fcommon -Wdate-time -D_FORTIFY_SOURCE=2 -D_GNU_SOURCE conftest.c >&5
conftest.c: In function 'main':
conftest.c:205:24: error: expected expression before ')' token
  205 | if (sizeof ((ptrdiff_t)))
      |                        ^
configure:23447: $? = 1
configure: failed program was:
| /* confdefs.h */
| #define PACKAGE_NAME "sntp"
| #define PACKAGE_TARNAME "sntp"
| #define PACKAGE_VERSION "4.2.8p15"
| #define PACKAGE_STRING "sntp 4.2.8p15"
| #define PACKAGE_BUGREPORT "http://bugs.ntp.org./"
| #define PACKAGE_URL "http://www.ntp.org./"
| #define PACKAGE "sntp"
| #define VERSION "4.2.8p15"
| #define STR_SYSTEM "x86_64-pc-linux-gnu"
| #define STDC_HEADERS 1
| #define HAVE_SYS_TYPES_H 1
| #define HAVE_SYS_STAT_H 1
| #define HAVE_STDLIB_H 1
| #define HAVE_STRING_H 1
| #define HAVE_MEMORY_H 1
| #define HAVE_STRINGS_H 1
| #define HAVE_INTTYPES_H 1
| #define HAVE_STDINT_H 1
| #define HAVE_UNISTD_H 1
| #define __EXTENSIONS__ 1
| #define _ALL_SOURCE 1
| #define _GNU_SOURCE 1
| #define _POSIX_PTHREAD_SEMANTICS 1
| #define _TANDEM_SOURCE 1
| #define HAVE___ATTRIBUTE__ /**/
| #define HAVE_STDARG_H 1
| #define HAVE_UNSIGNED_LONG_LONG_INT 1
| #define HAVE_VSNPRINTF 1
| #define HAVE_SNPRINTF 1
| #define DIR_SEP '/'
| #define HAVE_READLINE_READLINE_H 1
| #define HAVE_HISTEDIT_H 1
| #define HAVE_READLINE_HISTORY_H 1
| #define EL_INIT_ARGS 4
| #define HAVE_READLINE_HISTORY 1
| #define HAVE_FORK 1
| #define HAVE_VFORK 1
| #define HAVE_WORKING_VFORK 1
| #define HAVE_WORKING_FORK 1
| #define HAVE_ALLOCA_H 1
| #define HAVE_ALLOCA 1
| #define HAVE_DECL_STRERROR_R 1
| #define HAVE_STRERROR_R 1
| #define STRERROR_R_CHAR_P 1
| #define HAVE_CLOCK_GETRES 1
| #define HAVE_CLOCK_GETTIME 1
| #define HAVE_CLOCK_SETTIME 1
| #define HAVE_TIMEGM 1
| #define HAVE_ERRNO_H 1
| #define HAVE_SYS_SOCKET_H 1
| #define HAVE_SYS_TYPES_H 1
| #define HAVE_TIME_H 1
| #define HAVE_NET_IF_H 1
| #define HAVE_LINUX_IF_ADDR_H 1
| #define NEED_EARLY_FORK 1
| #define HAVE_ARPA_NAMESER_H 1
| #define HAVE_SYS_PARAM_H 1
| #define HAVE_SYS_TIME_H 1
| #define HAVE_SYS_SYSCTL_H 1
| #define HAVE_NETINET_IN_SYSTM_H 1
| #define HAVE_NETINET_IN_H 1
| #define HAVE_RESOLV_H 1
| #define HAVE_NETINET_IP_H 1
| #define HAVE_RECVMSG 1
| #define HAVE_INLINE 1
| #define TIME_WITH_SYS_TIME 1
| #define SIZEOF_TIME_T 8
| #define SIZEOF_SIGNED_CHAR 1
| #define HAVE_LONG_LONG 1
| #define SIZEOF_SHORT 2
| #define SIZEOF_INT 4
| #define SIZEOF_LONG 8
| #define SIZEOF_LONG_LONG 8
| #define NEED_S_CHAR_TYPEDEF 1
| #define DEBUG 1
| #define HAVE_SEMAPHORE_H 1
| #define HAVE_SOCKETPAIR 1
| #define HAVE_PTHREAD_H 1
| #define HAVE_PTHREADS 10
| #define HAVE_SCHED_H 1
| #define HAVE_SCHED_YIELD 1
| #define HAVE_PTHREAD_YIELD 1
| #define HAVE_PTHREAD_KILL 1
| #define HAVE_PTHREAD_RWLOCK_DESTROY 1
| #define HAVE_PTHREAD_DETACH 1
| #define HAVE_PTHREAD_SETCONCURRENCY 1
| #define HAVE_PTHREAD_GETCONCURRENCY 1
| #define HAVE_YIELDING_SELECT 1
| #define REENTRANT 1
| #define _REENTRANT 1
| #define THREAD_SAFE 1
| #define _THREAD_SAFE 1
| #define THREADSAFE 1
| #define _THREADSAFE 1
| #define _SGI_MP_SOURCE 1
| #define LDAP_API_FEATURE_X_OPENLDAP_THREAD_SAFE 1
| #define HAVE_SEM_TIMEDWAIT 1
| #define SIZEOF_PTHREAD_T 8
| #define ISC_PLATFORM_USETHREADS 1
| #define HAVE_SIGWAIT 1
| #define HAVE_PTHREAD_ATTR_GETSTACKSIZE 1
| #define HAVE_PTHREAD_ATTR_SETSTACKSIZE 1
| #define HAVE_SYSCONF 1
| #define HAVE_LINUXTHREADS 1
| #define VSNPRINTF_PERCENT_M 1
| #define HAVE_SYS_CAPABILITY_H 1
| #define HAVE_SYS_PRCTL_H 1
| #define HAVE_LINUX_CAPABILITIES 1
| #define HAVE_DROPROOT 1
| #define HAVE_SYS_TYPES_H 1
| #define HAVE_NETINET_IN_H 1
| #define HAVE_ARPA_NAMESER_H 1
| #define HAVE_NETDB_H 1
| #define HAVE_RESOLV_H 1
| #define HAVE___RES_INIT 1
| #define HAVE_UINTPTR_T 1
| #define HAVE_SYS_TIMEPPS_H 1
| #define HAVE_STRUCT_TIMESPEC 1
| #define HAVE_STRUCT_NTPTIMEVAL 1
| #define HAVE_MD5_H 1
| #define HAVE_MD5INIT 1
| #define HAVE_SYSCONF 1
| #define HAVE_GETDTABLESIZE 1
| #define HAVE_SIGACTION 1
| #define HAVE_SIGSET 1
| #define HAVE_SETTIMEOFDAY 1
| #define HAVE_DLFCN_H 1
| #define LT_OBJDIR ".libs/"
| #define HAVE_DIRENT_H 1
| #define HAVE_SYS_MMAN_H 1
| #define HAVE_SYS_PARAM_H 1
| #define HAVE_SYS_POLL_H 1
| #define HAVE_SYS_SELECT_H 1
| #define HAVE_SYS_SOCKET_H 1
| #define HAVE_SYS_TIME_H 1
| #define HAVE_SYS_UN_H 1
| #define HAVE_SYS_WAIT_H 1
| #define HAVE_DLFCN_H 1
| #define HAVE_ERRNO_H 1
| #define HAVE_FCNTL_H 1
| #define HAVE_LIBGEN_H 1
| #define HAVE_LIBINTL_H 1
| #define HAVE_MEMORY_H 1
| #define HAVE_NETINET_IN_H 1
| #define HAVE_SETJMP_H 1
| #define HAVE_STDBOOL_H 1
| #define HAVE_SYSEXITS_H 1
| #define HAVE_UNISTD_H 1
| #define HAVE_UTIME_H 1
| #define HAVE_STDARG_H 1
| #define HAVE_STRING_H 1
| #define HAVE_LIMITS_H 1
| #define HAVE_INTTYPES_H 1
| #define HAVE_WCHAR_H 1
| #define HAVE_WCHAR_T 1
| #define HAVE_WINT_T 1
| #define HAVE_INT8_T 1
| #define HAVE_UINT8_T 1
| #define HAVE_INT16_T 1
| #define HAVE_UINT16_T 1
| #define HAVE_INT32_T 1
| #define HAVE_UINT32_T 1
| #define HAVE_INTPTR_T 1
| #define HAVE_UINTPTR_T 1
| #define HAVE_PID_T 1
| #define HAVE_SIZE_T 1
| /* end confdefs.h.  */
| #include <stdio.h>
| #ifdef HAVE_SYS_TYPES_H
| # include <sys/types.h>
| #endif
| #ifdef HAVE_SYS_STAT_H
| # include <sys/stat.h>
| #endif
| #ifdef STDC_HEADERS
| # include <stdlib.h>
| # include <stddef.h>
| #else
| # ifdef HAVE_STDLIB_H
| #  include <stdlib.h>
| # endif
| #endif
| #ifdef HAVE_STRING_H
| # if !defined STDC_HEADERS && defined HAVE_MEMORY_H
| #  include <memory.h>
| # endif
| # include <string.h>
| #endif
| #ifdef HAVE_STRINGS_H
| # include <strings.h>
| #endif
| #ifdef HAVE_INTTYPES_H
| # include <inttypes.h>
| #endif
| #ifdef HAVE_STDINT_H
| # include <stdint.h>
| #endif
| #ifdef HAVE_UNISTD_H
| # include <unistd.h>
| #endif
| int
| main ()
| {
| if (sizeof ((ptrdiff_t)))
| 	    return 0;
|   ;
|   return 0;
| }
configure:23447: result: yes
configure:23461: checking size of char *
configure:23466: x86_64-linux-gnu-gcc -o conftest -g -O2 -ffile-prefix-map=/sonic/src/ntp/ntp-4.2.8p15=. -fstack-protector-strong -Wformat -Werror=format-security -fno-strict-aliasing -fcommon -Wdate-time -D_FORTIFY_SOURCE=2 -D_GNU_SOURCE -Wl,-z,relro -Wl,--as-needed conftest.c  >&5
configure:23466: $? = 0
configure:23466: ./conftest
configure:23466: $? = 0
configure:23480: result: 8
configure:23494: checking size of int
configure:23513: result: 4
configure:23527: checking size of long
configure:23546: result: 8
configure:23560: checking size of short
configure:23579: result: 2
configure:23593: checking for pathfind in -lgen
configure:23618: x86_64-linux-gnu-gcc -o conftest -g -O2 -ffile-prefix-map=/sonic/src/ntp/ntp-4.2.8p15=. -fstack-protector-strong -Wformat -Werror=format-security -fno-strict-aliasing -fcommon -Wdate-time -D_FORTIFY_SOURCE=2 -D_GNU_SOURCE -Wl,-z,relro -Wl,--as-needed conftest.c -lgen   >&5
/usr/bin/ld: cannot find -lgen
collect2: error: ld returned 1 exit status
configure:23618: $? = 1
configure: failed program was:
| /* confdefs.h */
| #define PACKAGE_NAME "sntp"
| #define PACKAGE_TARNAME "sntp"
| #define PACKAGE_VERSION "4.2.8p15"
| #define PACKAGE_STRING "sntp 4.2.8p15"
| #define PACKAGE_BUGREPORT "http://bugs.ntp.org./"
| #define PACKAGE_URL "http://www.ntp.org./"
| #define PACKAGE "sntp"
| #define VERSION "4.2.8p15"
| #define STR_SYSTEM "x86_64-pc-linux-gnu"
| #define STDC_HEADERS 1
| #define HAVE_SYS_TYPES_H 1
| #define HAVE_SYS_STAT_H 1
| #define HAVE_STDLIB_H 1
| #define HAVE_STRING_H 1
| #define HAVE_MEMORY_H 1
| #define HAVE_STRINGS_H 1
| #define HAVE_INTTYPES_H 1
| #define HAVE_STDINT_H 1
| #define HAVE_UNISTD_H 1
| #define __EXTENSIONS__ 1
| #define _ALL_SOURCE 1
| #define _GNU_SOURCE 1
| #define _POSIX_PTHREAD_SEMANTICS 1
| #define _TANDEM_SOURCE 1
| #define HAVE___ATTRIBUTE__ /**/
| #define HAVE_STDARG_H 1
| #define HAVE_UNSIGNED_LONG_LONG_INT 1
| #define HAVE_VSNPRINTF 1
| #define HAVE_SNPRINTF 1
| #define DIR_SEP '/'
| #define HAVE_READLINE_READLINE_H 1
| #define HAVE_HISTEDIT_H 1
| #define HAVE_READLINE_HISTORY_H 1
| #define EL_INIT_ARGS 4
| #define HAVE_READLINE_HISTORY 1
| #define HAVE_FORK 1
| #define HAVE_VFORK 1
| #define HAVE_WORKING_VFORK 1
| #define HAVE_WORKING_FORK 1
| #define HAVE_ALLOCA_H 1
| #define HAVE_ALLOCA 1
| #define HAVE_DECL_STRERROR_R 1
| #define HAVE_STRERROR_R 1
| #define STRERROR_R_CHAR_P 1
| #define HAVE_CLOCK_GETRES 1
| #define HAVE_CLOCK_GETTIME 1
| #define HAVE_CLOCK_SETTIME 1
| #define HAVE_TIMEGM 1
| #define HAVE_ERRNO_H 1
| #define HAVE_SYS_SOCKET_H 1
| #define HAVE_SYS_TYPES_H 1
| #define HAVE_TIME_H 1
| #define HAVE_NET_IF_H 1
| #define HAVE_LINUX_IF_ADDR_H 1
| #define NEED_EARLY_FORK 1
| #define HAVE_ARPA_NAMESER_H 1
| #define HAVE_SYS_PARAM_H 1
| #define HAVE_SYS_TIME_H 1
| #define HAVE_SYS_SYSCTL_H 1
| #define HAVE_NETINET_IN_SYSTM_H 1
| #define HAVE_NETINET_IN_H 1
| #define HAVE_RESOLV_H 1
| #define HAVE_NETINET_IP_H 1
| #define HAVE_RECVMSG 1
| #define HAVE_INLINE 1
| #define TIME_WITH_SYS_TIME 1
| #define SIZEOF_TIME_T 8
| #define SIZEOF_SIGNED_CHAR 1
| #define HAVE_LONG_LONG 1
| #define SIZEOF_SHORT 2
| #define SIZEOF_INT 4
| #define SIZEOF_LONG 8
| #define SIZEOF_LONG_LONG 8
| #define NEED_S_CHAR_TYPEDEF 1
| #define DEBUG 1
| #define HAVE_SEMAPHORE_H 1
| #define HAVE_SOCKETPAIR 1
| #define HAVE_PTHREAD_H 1
| #define HAVE_PTHREADS 10
| #define HAVE_SCHED_H 1
| #define HAVE_SCHED_YIELD 1
| #define HAVE_PTHREAD_YIELD 1
| #define HAVE_PTHREAD_KILL 1
| #define HAVE_PTHREAD_RWLOCK_DESTROY 1
| #define HAVE_PTHREAD_DETACH 1
| #define HAVE_PTHREAD_SETCONCURRENCY 1
| #define HAVE_PTHREAD_GETCONCURRENCY 1
| #define HAVE_YIELDING_SELECT 1
| #define REENTRANT 1
| #define _REENTRANT 1
| #define THREAD_SAFE 1
| #define _THREAD_SAFE 1
| #define THREADSAFE 1
| #define _THREADSAFE 1
| #define _SGI_MP_SOURCE 1
| #define LDAP_API_FEATURE_X_OPENLDAP_THREAD_SAFE 1
| #define HAVE_SEM_TIMEDWAIT 1
| #define SIZEOF_PTHREAD_T 8
| #define ISC_PLATFORM_USETHREADS 1
| #define HAVE_SIGWAIT 1
| #define HAVE_PTHREAD_ATTR_GETSTACKSIZE 1
| #define HAVE_PTHREAD_ATTR_SETSTACKSIZE 1
| #define HAVE_SYSCONF 1
| #define HAVE_LINUXTHREADS 1
| #define VSNPRINTF_PERCENT_M 1
| #define HAVE_SYS_CAPABILITY_H 1
| #define HAVE_SYS_PRCTL_H 1
| #define HAVE_LINUX_CAPABILITIES 1
| #define HAVE_DROPROOT 1
| #define HAVE_SYS_TYPES_H 1
| #define HAVE_NETINET_IN_H 1
| #define HAVE_ARPA_NAMESER_H 1
| #define HAVE_NETDB_H 1
| #define HAVE_RESOLV_H 1
| #define HAVE___RES_INIT 1
| #define HAVE_UINTPTR_T 1
| #define HAVE_SYS_TIMEPPS_H 1
| #define HAVE_STRUCT_TIMESPEC 1
| #define HAVE_STRUCT_NTPTIMEVAL 1
| #define HAVE_MD5_H 1
| #define HAVE_MD5INIT 1
| #define HAVE_SYSCONF 1
| #define HAVE_GETDTABLESIZE 1
| #define HAVE_SIGACTION 1
| #define HAVE_SIGSET 1
| #define HAVE_SETTIMEOFDAY 1
| #define HAVE_DLFCN_H 1
| #define LT_OBJDIR ".libs/"
| #define HAVE_DIRENT_H 1
| #define HAVE_SYS_MMAN_H 1
| #define HAVE_SYS_PARAM_H 1
| #define HAVE_SYS_POLL_H 1
| #define HAVE_SYS_SELECT_H 1
| #define HAVE_SYS_SOCKET_H 1
| #define HAVE_SYS_TIME_H 1
| #define HAVE_SYS_UN_H 1
| #define HAVE_SYS_WAIT_H 1
| #define HAVE_DLFCN_H 1
| #define HAVE_ERRNO_H 1
| #define HAVE_FCNTL_H 1
| #define HAVE_LIBGEN_H 1
| #define HAVE_LIBINTL_H 1
| #define HAVE_MEMORY_H 1
| #define HAVE_NETINET_IN_H 1
| #define HAVE_SETJMP_H 1
| #define HAVE_STDBOOL_H 1
| #define HAVE_SYSEXITS_H 1
| #define HAVE_UNISTD_H 1
| #define HAVE_UTIME_H 1
| #define HAVE_STDARG_H 1
| #define HAVE_STRING_H 1
| #define HAVE_LIMITS_H 1
| #define HAVE_INTTYPES_H 1
| #define HAVE_WCHAR_H 1
| #define HAVE_WCHAR_T 1
| #define HAVE_WINT_T 1
| #define HAVE_INT8_T 1
| #define HAVE_UINT8_T 1
| #define HAVE_INT16_T 1
| #define HAVE_UINT16_T 1
| #define HAVE_INT32_T 1
| #define HAVE_UINT32_T 1
| #define HAVE_INTPTR_T 1
| #define HAVE_UINTPTR_T 1
| #define HAVE_PID_T 1
| #define HAVE_SIZE_T 1
| #define HAVE_PTRDIFF_T 1
| #define SIZEOF_CHAR_P 8
| #define SIZEOF_INT 4
| #define SIZEOF_LONG 8
| #define SIZEOF_SHORT 2
| /* end confdefs.h.  */
| 
| /* Override any GCC internal prototype to avoid an error.
|    Use char because int might match the return type of a GCC
|    builtin and then its argument prototype would still apply.  */
| #ifdef __cplusplus
| extern "C"
| #endif
| char pathfind ();
| int
| main ()
| {
| return pathfind ();
|   ;
|   return 0;
| }
configure:23627: result: no
configure:23638: checking for gettext in -lintl
configure:23663: x86_64-linux-gnu-gcc -o conftest -g -O2 -ffile-prefix-map=/sonic/src/ntp/ntp-4.2.8p15=. -fstack-protector-strong -Wformat -Werror=format-security -fno-strict-aliasing -fcommon -Wdate-time -D_FORTIFY_SOURCE=2 -D_GNU_SOURCE -Wl,-z,relro -Wl,--as-needed conftest.c -lintl   >&5
conftest.c:181:6: warning: conflicting types for built-in function 'gettext'; expected 'char *(const char *)' [-Wbuiltin-declaration-mismatch]
  181 | char gettext ();
      |      ^~~~~~~
/usr/bin/ld: cannot find -lintl
collect2: error: ld returned 1 exit status
configure:23663: $? = 1
configure: failed program was:
| /* confdefs.h */
| #define PACKAGE_NAME "sntp"
| #define PACKAGE_TARNAME "sntp"
| #define PACKAGE_VERSION "4.2.8p15"
| #define PACKAGE_STRING "sntp 4.2.8p15"
| #define PACKAGE_BUGREPORT "http://bugs.ntp.org./"
| #define PACKAGE_URL "http://www.ntp.org./"
| #define PACKAGE "sntp"
| #define VERSION "4.2.8p15"
| #define STR_SYSTEM "x86_64-pc-linux-gnu"
| #define STDC_HEADERS 1
| #define HAVE_SYS_TYPES_H 1
| #define HAVE_SYS_STAT_H 1
| #define HAVE_STDLIB_H 1
| #define HAVE_STRING_H 1
| #define HAVE_MEMORY_H 1
| #define HAVE_STRINGS_H 1
| #define HAVE_INTTYPES_H 1
| #define HAVE_STDINT_H 1
| #define HAVE_UNISTD_H 1
| #define __EXTENSIONS__ 1
| #define _ALL_SOURCE 1
| #define _GNU_SOURCE 1
| #define _POSIX_PTHREAD_SEMANTICS 1
| #define _TANDEM_SOURCE 1
| #define HAVE___ATTRIBUTE__ /**/
| #define HAVE_STDARG_H 1
| #define HAVE_UNSIGNED_LONG_LONG_INT 1
| #define HAVE_VSNPRINTF 1
| #define HAVE_SNPRINTF 1
| #define DIR_SEP '/'
| #define HAVE_READLINE_READLINE_H 1
| #define HAVE_HISTEDIT_H 1
| #define HAVE_READLINE_HISTORY_H 1
| #define EL_INIT_ARGS 4
| #define HAVE_READLINE_HISTORY 1
| #define HAVE_FORK 1
| #define HAVE_VFORK 1
| #define HAVE_WORKING_VFORK 1
| #define HAVE_WORKING_FORK 1
| #define HAVE_ALLOCA_H 1
| #define HAVE_ALLOCA 1
| #define HAVE_DECL_STRERROR_R 1
| #define HAVE_STRERROR_R 1
| #define STRERROR_R_CHAR_P 1
| #define HAVE_CLOCK_GETRES 1
| #define HAVE_CLOCK_GETTIME 1
| #define HAVE_CLOCK_SETTIME 1
| #define HAVE_TIMEGM 1
| #define HAVE_ERRNO_H 1
| #define HAVE_SYS_SOCKET_H 1
| #define HAVE_SYS_TYPES_H 1
| #define HAVE_TIME_H 1
| #define HAVE_NET_IF_H 1
| #define HAVE_LINUX_IF_ADDR_H 1
| #define NEED_EARLY_FORK 1
| #define HAVE_ARPA_NAMESER_H 1
| #define HAVE_SYS_PARAM_H 1
| #define HAVE_SYS_TIME_H 1
| #define HAVE_SYS_SYSCTL_H 1
| #define HAVE_NETINET_IN_SYSTM_H 1
| #define HAVE_NETINET_IN_H 1
| #define HAVE_RESOLV_H 1
| #define HAVE_NETINET_IP_H 1
| #define HAVE_RECVMSG 1
| #define HAVE_INLINE 1
| #define TIME_WITH_SYS_TIME 1
| #define SIZEOF_TIME_T 8
| #define SIZEOF_SIGNED_CHAR 1
| #define HAVE_LONG_LONG 1
| #define SIZEOF_SHORT 2
| #define SIZEOF_INT 4
| #define SIZEOF_LONG 8
| #define SIZEOF_LONG_LONG 8
| #define NEED_S_CHAR_TYPEDEF 1
| #define DEBUG 1
| #define HAVE_SEMAPHORE_H 1
| #define HAVE_SOCKETPAIR 1
| #define HAVE_PTHREAD_H 1
| #define HAVE_PTHREADS 10
| #define HAVE_SCHED_H 1
| #define HAVE_SCHED_YIELD 1
| #define HAVE_PTHREAD_YIELD 1
| #define HAVE_PTHREAD_KILL 1
| #define HAVE_PTHREAD_RWLOCK_DESTROY 1
| #define HAVE_PTHREAD_DETACH 1
| #define HAVE_PTHREAD_SETCONCURRENCY 1
| #define HAVE_PTHREAD_GETCONCURRENCY 1
| #define HAVE_YIELDING_SELECT 1
| #define REENTRANT 1
| #define _REENTRANT 1
| #define THREAD_SAFE 1
| #define _THREAD_SAFE 1
| #define THREADSAFE 1
| #define _THREADSAFE 1
| #define _SGI_MP_SOURCE 1
| #define LDAP_API_FEATURE_X_OPENLDAP_THREAD_SAFE 1
| #define HAVE_SEM_TIMEDWAIT 1
| #define SIZEOF_PTHREAD_T 8
| #define ISC_PLATFORM_USETHREADS 1
| #define HAVE_SIGWAIT 1
| #define HAVE_PTHREAD_ATTR_GETSTACKSIZE 1
| #define HAVE_PTHREAD_ATTR_SETSTACKSIZE 1
| #define HAVE_SYSCONF 1
| #define HAVE_LINUXTHREADS 1
| #define VSNPRINTF_PERCENT_M 1
| #define HAVE_SYS_CAPABILITY_H 1
| #define HAVE_SYS_PRCTL_H 1
| #define HAVE_LINUX_CAPABILITIES 1
| #define HAVE_DROPROOT 1
| #define HAVE_SYS_TYPES_H 1
| #define HAVE_NETINET_IN_H 1
| #define HAVE_ARPA_NAMESER_H 1
| #define HAVE_NETDB_H 1
| #define HAVE_RESOLV_H 1
| #define HAVE___RES_INIT 1
| #define HAVE_UINTPTR_T 1
| #define HAVE_SYS_TIMEPPS_H 1
| #define HAVE_STRUCT_TIMESPEC 1
| #define HAVE_STRUCT_NTPTIMEVAL 1
| #define HAVE_MD5_H 1
| #define HAVE_MD5INIT 1
| #define HAVE_SYSCONF 1
| #define HAVE_GETDTABLESIZE 1
| #define HAVE_SIGACTION 1
| #define HAVE_SIGSET 1
| #define HAVE_SETTIMEOFDAY 1
| #define HAVE_DLFCN_H 1
| #define LT_OBJDIR ".libs/"
| #define HAVE_DIRENT_H 1
| #define HAVE_SYS_MMAN_H 1
| #define HAVE_SYS_PARAM_H 1
| #define HAVE_SYS_POLL_H 1
| #define HAVE_SYS_SELECT_H 1
| #define HAVE_SYS_SOCKET_H 1
| #define HAVE_SYS_TIME_H 1
| #define HAVE_SYS_UN_H 1
| #define HAVE_SYS_WAIT_H 1
| #define HAVE_DLFCN_H 1
| #define HAVE_ERRNO_H 1
| #define HAVE_FCNTL_H 1
| #define HAVE_LIBGEN_H 1
| #define HAVE_LIBINTL_H 1
| #define HAVE_MEMORY_H 1
| #define HAVE_NETINET_IN_H 1
| #define HAVE_SETJMP_H 1
| #define HAVE_STDBOOL_H 1
| #define HAVE_SYSEXITS_H 1
| #define HAVE_UNISTD_H 1
| #define HAVE_UTIME_H 1
| #define HAVE_STDARG_H 1
| #define HAVE_STRING_H 1
| #define HAVE_LIMITS_H 1
| #define HAVE_INTTYPES_H 1
| #define HAVE_WCHAR_H 1
| #define HAVE_WCHAR_T 1
| #define HAVE_WINT_T 1
| #define HAVE_INT8_T 1
| #define HAVE_UINT8_T 1
| #define HAVE_INT16_T 1
| #define HAVE_UINT16_T 1
| #define HAVE_INT32_T 1
| #define HAVE_UINT32_T 1
| #define HAVE_INTPTR_T 1
| #define HAVE_UINTPTR_T 1
| #define HAVE_PID_T 1
| #define HAVE_SIZE_T 1
| #define HAVE_PTRDIFF_T 1
| #define SIZEOF_CHAR_P 8
| #define SIZEOF_INT 4
| #define SIZEOF_LONG 8
| #define SIZEOF_SHORT 2
| /* end confdefs.h.  */
| 
| /* Override any GCC internal prototype to avoid an error.
|    Use char because int might match the return type of a GCC
|    builtin and then its argument prototype would still apply.  */
| #ifdef __cplusplus
| extern "C"
| #endif
| char gettext ();
| int
| main ()
| {
| return gettext ();
|   ;
|   return 0;
| }
configure:23672: result: no
configure:23685: checking for vprintf
configure:23685: x86_64-linux-gnu-gcc -o conftest -g -O2 -ffile-prefix-map=/sonic/src/ntp/ntp-4.2.8p15=. -fstack-protector-strong -Wformat -Werror=format-security -fno-strict-aliasing -fcommon -Wdate-time -D_FORTIFY_SOURCE=2 -D_GNU_SOURCE -Wl,-z,relro -Wl,--as-needed conftest.c  >&5
conftest.c:197:6: warning: conflicting types for built-in function 'vprintf'; expected 'int(const char *, __va_list_tag *)' [-Wbuiltin-declaration-mismatch]
  197 | char vprintf ();
      |      ^~~~~~~
conftest.c:185:1: note: 'vprintf' is declared in header '<stdio.h>'
  184 | # include <limits.h>
  185 | #else
configure:23685: $? = 0
configure:23685: result: yes
configure:23691: checking for _doprnt
configure:23691: x86_64-linux-gnu-gcc -o conftest -g -O2 -ffile-prefix-map=/sonic/src/ntp/ntp-4.2.8p15=. -fstack-protector-strong -Wformat -Werror=format-security -fno-strict-aliasing -fcommon -Wdate-time -D_FORTIFY_SOURCE=2 -D_GNU_SOURCE -Wl,-z,relro -Wl,--as-needed conftest.c  >&5
/usr/bin/ld: /tmp/cceiqfq4.o: in function `main':
./sntp/conftest.c:209: undefined reference to `_doprnt'
collect2: error: ld returned 1 exit status
configure:23691: $? = 1
configure: failed program was:
| /* confdefs.h */
| #define PACKAGE_NAME "sntp"
| #define PACKAGE_TARNAME "sntp"
| #define PACKAGE_VERSION "4.2.8p15"
| #define PACKAGE_STRING "sntp 4.2.8p15"
| #define PACKAGE_BUGREPORT "http://bugs.ntp.org./"
| #define PACKAGE_URL "http://www.ntp.org./"
| #define PACKAGE "sntp"
| #define VERSION "4.2.8p15"
| #define STR_SYSTEM "x86_64-pc-linux-gnu"
| #define STDC_HEADERS 1
| #define HAVE_SYS_TYPES_H 1
| #define HAVE_SYS_STAT_H 1
| #define HAVE_STDLIB_H 1
| #define HAVE_STRING_H 1
| #define HAVE_MEMORY_H 1
| #define HAVE_STRINGS_H 1
| #define HAVE_INTTYPES_H 1
| #define HAVE_STDINT_H 1
| #define HAVE_UNISTD_H 1
| #define __EXTENSIONS__ 1
| #define _ALL_SOURCE 1
| #define _GNU_SOURCE 1
| #define _POSIX_PTHREAD_SEMANTICS 1
| #define _TANDEM_SOURCE 1
| #define HAVE___ATTRIBUTE__ /**/
| #define HAVE_STDARG_H 1
| #define HAVE_UNSIGNED_LONG_LONG_INT 1
| #define HAVE_VSNPRINTF 1
| #define HAVE_SNPRINTF 1
| #define DIR_SEP '/'
| #define HAVE_READLINE_READLINE_H 1
| #define HAVE_HISTEDIT_H 1
| #define HAVE_READLINE_HISTORY_H 1
| #define EL_INIT_ARGS 4
| #define HAVE_READLINE_HISTORY 1
| #define HAVE_FORK 1
| #define HAVE_VFORK 1
| #define HAVE_WORKING_VFORK 1
| #define HAVE_WORKING_FORK 1
| #define HAVE_ALLOCA_H 1
| #define HAVE_ALLOCA 1
| #define HAVE_DECL_STRERROR_R 1
| #define HAVE_STRERROR_R 1
| #define STRERROR_R_CHAR_P 1
| #define HAVE_CLOCK_GETRES 1
| #define HAVE_CLOCK_GETTIME 1
| #define HAVE_CLOCK_SETTIME 1
| #define HAVE_TIMEGM 1
| #define HAVE_ERRNO_H 1
| #define HAVE_SYS_SOCKET_H 1
| #define HAVE_SYS_TYPES_H 1
| #define HAVE_TIME_H 1
| #define HAVE_NET_IF_H 1
| #define HAVE_LINUX_IF_ADDR_H 1
| #define NEED_EARLY_FORK 1
| #define HAVE_ARPA_NAMESER_H 1
| #define HAVE_SYS_PARAM_H 1
| #define HAVE_SYS_TIME_H 1
| #define HAVE_SYS_SYSCTL_H 1
| #define HAVE_NETINET_IN_SYSTM_H 1
| #define HAVE_NETINET_IN_H 1
| #define HAVE_RESOLV_H 1
| #define HAVE_NETINET_IP_H 1
| #define HAVE_RECVMSG 1
| #define HAVE_INLINE 1
| #define TIME_WITH_SYS_TIME 1
| #define SIZEOF_TIME_T 8
| #define SIZEOF_SIGNED_CHAR 1
| #define HAVE_LONG_LONG 1
| #define SIZEOF_SHORT 2
| #define SIZEOF_INT 4
| #define SIZEOF_LONG 8
| #define SIZEOF_LONG_LONG 8
| #define NEED_S_CHAR_TYPEDEF 1
| #define DEBUG 1
| #define HAVE_SEMAPHORE_H 1
| #define HAVE_SOCKETPAIR 1
| #define HAVE_PTHREAD_H 1
| #define HAVE_PTHREADS 10
| #define HAVE_SCHED_H 1
| #define HAVE_SCHED_YIELD 1
| #define HAVE_PTHREAD_YIELD 1
| #define HAVE_PTHREAD_KILL 1
| #define HAVE_PTHREAD_RWLOCK_DESTROY 1
| #define HAVE_PTHREAD_DETACH 1
| #define HAVE_PTHREAD_SETCONCURRENCY 1
| #define HAVE_PTHREAD_GETCONCURRENCY 1
| #define HAVE_YIELDING_SELECT 1
| #define REENTRANT 1
| #define _REENTRANT 1
| #define THREAD_SAFE 1
| #define _THREAD_SAFE 1
| #define THREADSAFE 1
| #define _THREADSAFE 1
| #define _SGI_MP_SOURCE 1
| #define LDAP_API_FEATURE_X_OPENLDAP_THREAD_SAFE 1
| #define HAVE_SEM_TIMEDWAIT 1
| #define SIZEOF_PTHREAD_T 8
| #define ISC_PLATFORM_USETHREADS 1
| #define HAVE_SIGWAIT 1
| #define HAVE_PTHREAD_ATTR_GETSTACKSIZE 1
| #define HAVE_PTHREAD_ATTR_SETSTACKSIZE 1
| #define HAVE_SYSCONF 1
| #define HAVE_LINUXTHREADS 1
| #define VSNPRINTF_PERCENT_M 1
| #define HAVE_SYS_CAPABILITY_H 1
| #define HAVE_SYS_PRCTL_H 1
| #define HAVE_LINUX_CAPABILITIES 1
| #define HAVE_DROPROOT 1
| #define HAVE_SYS_TYPES_H 1
| #define HAVE_NETINET_IN_H 1
| #define HAVE_ARPA_NAMESER_H 1
| #define HAVE_NETDB_H 1
| #define HAVE_RESOLV_H 1
| #define HAVE___RES_INIT 1
| #define HAVE_UINTPTR_T 1
| #define HAVE_SYS_TIMEPPS_H 1
| #define HAVE_STRUCT_TIMESPEC 1
| #define HAVE_STRUCT_NTPTIMEVAL 1
| #define HAVE_MD5_H 1
| #define HAVE_MD5INIT 1
| #define HAVE_SYSCONF 1
| #define HAVE_GETDTABLESIZE 1
| #define HAVE_SIGACTION 1
| #define HAVE_SIGSET 1
| #define HAVE_SETTIMEOFDAY 1
| #define HAVE_DLFCN_H 1
| #define LT_OBJDIR ".libs/"
| #define HAVE_DIRENT_H 1
| #define HAVE_SYS_MMAN_H 1
| #define HAVE_SYS_PARAM_H 1
| #define HAVE_SYS_POLL_H 1
| #define HAVE_SYS_SELECT_H 1
| #define HAVE_SYS_SOCKET_H 1
| #define HAVE_SYS_TIME_H 1
| #define HAVE_SYS_UN_H 1
| #define HAVE_SYS_WAIT_H 1
| #define HAVE_DLFCN_H 1
| #define HAVE_ERRNO_H 1
| #define HAVE_FCNTL_H 1
| #define HAVE_LIBGEN_H 1
| #define HAVE_LIBINTL_H 1
| #define HAVE_MEMORY_H 1
| #define HAVE_NETINET_IN_H 1
| #define HAVE_SETJMP_H 1
| #define HAVE_STDBOOL_H 1
| #define HAVE_SYSEXITS_H 1
| #define HAVE_UNISTD_H 1
| #define HAVE_UTIME_H 1
| #define HAVE_STDARG_H 1
| #define HAVE_STRING_H 1
| #define HAVE_LIMITS_H 1
| #define HAVE_INTTYPES_H 1
| #define HAVE_WCHAR_H 1
| #define HAVE_WCHAR_T 1
| #define HAVE_WINT_T 1
| #define HAVE_INT8_T 1
| #define HAVE_UINT8_T 1
| #define HAVE_INT16_T 1
| #define HAVE_UINT16_T 1
| #define HAVE_INT32_T 1
| #define HAVE_UINT32_T 1
| #define HAVE_INTPTR_T 1
| #define HAVE_UINTPTR_T 1
| #define HAVE_PID_T 1
| #define HAVE_SIZE_T 1
| #define HAVE_PTRDIFF_T 1
| #define SIZEOF_CHAR_P 8
| #define SIZEOF_INT 4
| #define SIZEOF_LONG 8
| #define SIZEOF_SHORT 2
| #define HAVE_VPRINTF 1
| /* end confdefs.h.  */
| /* Define _doprnt to an innocuous variant, in case <limits.h> declares _doprnt.
|    For example, HP-UX 11i <limits.h> declares gettimeofday.  */
| #define _doprnt innocuous__doprnt
| 
| /* System header to define __stub macros and hopefully few prototypes,
|     which can conflict with char _doprnt (); below.
|     Prefer <limits.h> to <assert.h> if __STDC__ is defined, since
|     <limits.h> exists even on freestanding compilers.  */
| 
| #ifdef __STDC__
| # include <limits.h>
| #else
| # include <assert.h>
| #endif
| 
| #undef _doprnt
| 
| /* Override any GCC internal prototype to avoid an error.
|    Use char because int might match the return type of a GCC
|    builtin and then its argument prototype would still apply.  */
| #ifdef __cplusplus
| extern "C"
| #endif
| char _doprnt ();
| /* The GNU C library defines this for functions which it implements
|     to always fail with ENOSYS.  Some functions are actually named
|     something starting with __ and the normal name is an alias.  */
| #if defined __stub__doprnt || defined __stub____doprnt
| choke me
| #endif
| 
| int
| main ()
| {
| return _doprnt ();
|   ;
|   return 0;
| }
configure:23691: result: no
configure:23704: checking for vfork.h
configure:23704: result: no
configure:23717: checking for fork
configure:23717: result: yes
configure:23717: checking for vfork
configure:23717: result: yes
configure:23727: checking for working fork
configure:23759: result: yes
configure:23780: checking for working vfork
configure:23890: result: yes
configure:23919: checking for mmap
configure:23919: x86_64-linux-gnu-gcc -o conftest -g -O2 -ffile-prefix-map=/sonic/src/ntp/ntp-4.2.8p15=. -fstack-protector-strong -Wformat -Werror=format-security -fno-strict-aliasing -fcommon -Wdate-time -D_FORTIFY_SOURCE=2 -D_GNU_SOURCE -Wl,-z,relro -Wl,--as-needed conftest.c  >&5
configure:23919: $? = 0
configure:23919: result: yes
configure:23919: checking for canonicalize_file_name
configure:23919: x86_64-linux-gnu-gcc -o conftest -g -O2 -ffile-prefix-map=/sonic/src/ntp/ntp-4.2.8p15=. -fstack-protector-strong -Wformat -Werror=format-security -fno-strict-aliasing -fcommon -Wdate-time -D_FORTIFY_SOURCE=2 -D_GNU_SOURCE -Wl,-z,relro -Wl,--as-needed conftest.c  >&5
configure:23919: $? = 0
configure:23919: result: yes
configure:23919: checking for snprintf
configure:23919: result: yes
configure:23919: checking for strdup
configure:23919: x86_64-linux-gnu-gcc -o conftest -g -O2 -ffile-prefix-map=/sonic/src/ntp/ntp-4.2.8p15=. -fstack-protector-strong -Wformat -Werror=format-security -fno-strict-aliasing -fcommon -Wdate-time -D_FORTIFY_SOURCE=2 -D_GNU_SOURCE -Wl,-z,relro -Wl,--as-needed conftest.c  >&5
conftest.c:205:6: warning: conflicting types for built-in function 'strdup'; expected 'char *(const char *)' [-Wbuiltin-declaration-mismatch]
  205 | char strdup ();
      |      ^~~~~~
configure:23919: $? = 0
configure:23919: result: yes
configure:23919: checking for strchr
configure:23919: x86_64-linux-gnu-gcc -o conftest -g -O2 -ffile-prefix-map=/sonic/src/ntp/ntp-4.2.8p15=. -fstack-protector-strong -Wformat -Werror=format-security -fno-strict-aliasing -fcommon -Wdate-time -D_FORTIFY_SOURCE=2 -D_GNU_SOURCE -Wl,-z,relro -Wl,--as-needed conftest.c  >&5
conftest.c:206:6: warning: conflicting types for built-in function 'strchr'; expected 'char *(const char *, int)' [-Wbuiltin-declaration-mismatch]
  206 | char strchr ();
      |      ^~~~~~
conftest.c:194:1: note: 'strchr' is declared in header '<string.h>'
  193 | # include <limits.h>
  194 | #else
configure:23919: $? = 0
configure:23919: result: yes
configure:23919: checking for strrchr
configure:23919: x86_64-linux-gnu-gcc -o conftest -g -O2 -ffile-prefix-map=/sonic/src/ntp/ntp-4.2.8p15=. -fstack-protector-strong -Wformat -Werror=format-security -fno-strict-aliasing -fcommon -Wdate-time -D_FORTIFY_SOURCE=2 -D_GNU_SOURCE -Wl,-z,relro -Wl,--as-needed conftest.c  >&5
conftest.c:207:6: warning: conflicting types for built-in function 'strrchr'; expected 'char *(const char *, int)' [-Wbuiltin-declaration-mismatch]
  207 | char strrchr ();
      |      ^~~~~~~
conftest.c:195:1: note: 'strrchr' is declared in header '<string.h>'
  194 | # include <limits.h>
  195 | #else
configure:23919: $? = 0
configure:23919: result: yes
configure:23919: checking for strsignal
configure:23919: x86_64-linux-gnu-gcc -o conftest -g -O2 -ffile-prefix-map=/sonic/src/ntp/ntp-4.2.8p15=. -fstack-protector-strong -Wformat -Werror=format-security -fno-strict-aliasing -fcommon -Wdate-time -D_FORTIFY_SOURCE=2 -D_GNU_SOURCE -Wl,-z,relro -Wl,--as-needed conftest.c  >&5
configure:23919: $? = 0
configure:23919: result: yes
configure:23919: checking for fchmod
configure:23919: x86_64-linux-gnu-gcc -o conftest -g -O2 -ffile-prefix-map=/sonic/src/ntp/ntp-4.2.8p15=. -fstack-protector-strong -Wformat -Werror=format-security -fno-strict-aliasing -fcommon -Wdate-time -D_FORTIFY_SOURCE=2 -D_GNU_SOURCE -Wl,-z,relro -Wl,--as-needed conftest.c  >&5
configure:23919: $? = 0
configure:23919: result: yes
configure:23919: checking for fstat
configure:23919: x86_64-linux-gnu-gcc -o conftest -g -O2 -ffile-prefix-map=/sonic/src/ntp/ntp-4.2.8p15=. -fstack-protector-strong -Wformat -Werror=format-security -fno-strict-aliasing -fcommon -Wdate-time -D_FORTIFY_SOURCE=2 -D_GNU_SOURCE -Wl,-z,relro -Wl,--as-needed conftest.c  >&5
configure:23919: $? = 0
configure:23919: result: yes
configure:23919: checking for chmod
configure:23919: x86_64-linux-gnu-gcc -o conftest -g -O2 -ffile-prefix-map=/sonic/src/ntp/ntp-4.2.8p15=. -fstack-protector-strong -Wformat -Werror=format-security -fno-strict-aliasing -fcommon -Wdate-time -D_FORTIFY_SOURCE=2 -D_GNU_SOURCE -Wl,-z,relro -Wl,--as-needed conftest.c  >&5
configure:23919: $? = 0
configure:23919: result: yes
configure:23928: checking for a sed that does not truncate output
configure:23992: result: /bin/sed
configure:24054: checking whether autoopts-config can be found
configure:24061: checking whether autoopts-config is specified
configure:24072: result: autoopts-config
configure:24098: result:  -lopts
configure:24640: checking for x86_64-linux-gnu-pkg-config
configure:24658: found /usr/bin/x86_64-linux-gnu-pkg-config
configure:24670: result: /usr/bin/x86_64-linux-gnu-pkg-config
configure:24740: checking if pkg-config is at least version 0.15.0
configure:24743: result: yes
configure:24786: checking if libevent 2 or later is installed
configure:24796: result: yes, version 2.1.12-stable
configure:24901: checking for library containing openlog
configure:24932: x86_64-linux-gnu-gcc -o conftest -g -O2 -ffile-prefix-map=/sonic/src/ntp/ntp-4.2.8p15=. -fstack-protector-strong -Wformat -Werror=format-security -fno-strict-aliasing -fcommon -Wdate-time -D_FORTIFY_SOURCE=2 -D_GNU_SOURCE -Wl,-z,relro -Wl,--as-needed conftest.c  >&5
configure:24932: $? = 0
configure:24949: result: none required
configure:24967: checking for netdb.h
configure:24967: result: yes
configure:24967: checking for string.h
configure:24967: result: yes
configure:24967: checking for strings.h
configure:24967: result: yes
configure:24967: checking syslog.h usability
configure:24967: x86_64-linux-gnu-gcc -c -g -O2 -ffile-prefix-map=/sonic/src/ntp/ntp-4.2.8p15=. -fstack-protector-strong -Wformat -Werror=format-security -fno-strict-aliasing -fcommon -Wdate-time -D_FORTIFY_SOURCE=2 -D_GNU_SOURCE conftest.c >&5
configure:24967: $? = 0
configure:24967: result: yes
configure:24967: checking syslog.h presence
configure:24967: x86_64-linux-gnu-gcc -E -Wdate-time -D_FORTIFY_SOURCE=2 -D_GNU_SOURCE conftest.c
configure:24967: $? = 0
configure:24967: result: yes
configure:24967: checking for syslog.h
configure:24967: result: yes
configure:24981: checking for sysexits.h
configure:24981: result: yes
configure:25002: checking for facilitynames in syslog.h
configure:25023: x86_64-linux-gnu-gcc -c -g -O2 -ffile-prefix-map=/sonic/src/ntp/ntp-4.2.8p15=. -fstack-protector-strong -Wformat -Werror=format-security -fno-strict-aliasing -fcommon -Wdate-time -D_FORTIFY_SOURCE=2 -D_GNU_SOURCE conftest.c >&5
configure:25023: $? = 0
configure:25030: result: yes
configure:25050: checking for stdbool.h that conforms to C99
configure:25124: result: yes
configure:25126: checking for _Bool
configure:25126: x86_64-linux-gnu-gcc -c -g -O2 -ffile-prefix-map=/sonic/src/ntp/ntp-4.2.8p15=. -fstack-protector-strong -Wformat -Werror=format-security -fno-strict-aliasing -fcommon -Wdate-time -D_FORTIFY_SOURCE=2 -D_GNU_SOURCE conftest.c >&5
configure:25126: $? = 0
configure:25126: x86_64-linux-gnu-gcc -c -g -O2 -ffile-prefix-map=/sonic/src/ntp/ntp-4.2.8p15=. -fstack-protector-strong -Wformat -Werror=format-security -fno-strict-aliasing -fcommon -Wdate-time -D_FORTIFY_SOURCE=2 -D_GNU_SOURCE conftest.c >&5
conftest.c: In function 'main':
conftest.c:232:20: error: expected expression before ')' token
  232 | if (sizeof ((_Bool)))
      |                    ^
configure:25126: $? = 1
configure: failed program was:
| /* confdefs.h */
| #define PACKAGE_NAME "sntp"
| #define PACKAGE_TARNAME "sntp"
| #define PACKAGE_VERSION "4.2.8p15"
| #define PACKAGE_STRING "sntp 4.2.8p15"
| #define PACKAGE_BUGREPORT "http://bugs.ntp.org./"
| #define PACKAGE_URL "http://www.ntp.org./"
| #define PACKAGE "sntp"
| #define VERSION "4.2.8p15"
| #define STR_SYSTEM "x86_64-pc-linux-gnu"
| #define STDC_HEADERS 1
| #define HAVE_SYS_TYPES_H 1
| #define HAVE_SYS_STAT_H 1
| #define HAVE_STDLIB_H 1
| #define HAVE_STRING_H 1
| #define HAVE_MEMORY_H 1
| #define HAVE_STRINGS_H 1
| #define HAVE_INTTYPES_H 1
| #define HAVE_STDINT_H 1
| #define HAVE_UNISTD_H 1
| #define __EXTENSIONS__ 1
| #define _ALL_SOURCE 1
| #define _GNU_SOURCE 1
| #define _POSIX_PTHREAD_SEMANTICS 1
| #define _TANDEM_SOURCE 1
| #define HAVE___ATTRIBUTE__ /**/
| #define HAVE_STDARG_H 1
| #define HAVE_UNSIGNED_LONG_LONG_INT 1
| #define HAVE_VSNPRINTF 1
| #define HAVE_SNPRINTF 1
| #define DIR_SEP '/'
| #define HAVE_READLINE_READLINE_H 1
| #define HAVE_HISTEDIT_H 1
| #define HAVE_READLINE_HISTORY_H 1
| #define EL_INIT_ARGS 4
| #define HAVE_READLINE_HISTORY 1
| #define HAVE_FORK 1
| #define HAVE_VFORK 1
| #define HAVE_WORKING_VFORK 1
| #define HAVE_WORKING_FORK 1
| #define HAVE_ALLOCA_H 1
| #define HAVE_ALLOCA 1
| #define HAVE_DECL_STRERROR_R 1
| #define HAVE_STRERROR_R 1
| #define STRERROR_R_CHAR_P 1
| #define HAVE_CLOCK_GETRES 1
| #define HAVE_CLOCK_GETTIME 1
| #define HAVE_CLOCK_SETTIME 1
| #define HAVE_TIMEGM 1
| #define HAVE_ERRNO_H 1
| #define HAVE_SYS_SOCKET_H 1
| #define HAVE_SYS_TYPES_H 1
| #define HAVE_TIME_H 1
| #define HAVE_NET_IF_H 1
| #define HAVE_LINUX_IF_ADDR_H 1
| #define NEED_EARLY_FORK 1
| #define HAVE_ARPA_NAMESER_H 1
| #define HAVE_SYS_PARAM_H 1
| #define HAVE_SYS_TIME_H 1
| #define HAVE_SYS_SYSCTL_H 1
| #define HAVE_NETINET_IN_SYSTM_H 1
| #define HAVE_NETINET_IN_H 1
| #define HAVE_RESOLV_H 1
| #define HAVE_NETINET_IP_H 1
| #define HAVE_RECVMSG 1
| #define HAVE_INLINE 1
| #define TIME_WITH_SYS_TIME 1
| #define SIZEOF_TIME_T 8
| #define SIZEOF_SIGNED_CHAR 1
| #define HAVE_LONG_LONG 1
| #define SIZEOF_SHORT 2
| #define SIZEOF_INT 4
| #define SIZEOF_LONG 8
| #define SIZEOF_LONG_LONG 8
| #define NEED_S_CHAR_TYPEDEF 1
| #define DEBUG 1
| #define HAVE_SEMAPHORE_H 1
| #define HAVE_SOCKETPAIR 1
| #define HAVE_PTHREAD_H 1
| #define HAVE_PTHREADS 10
| #define HAVE_SCHED_H 1
| #define HAVE_SCHED_YIELD 1
| #define HAVE_PTHREAD_YIELD 1
| #define HAVE_PTHREAD_KILL 1
| #define HAVE_PTHREAD_RWLOCK_DESTROY 1
| #define HAVE_PTHREAD_DETACH 1
| #define HAVE_PTHREAD_SETCONCURRENCY 1
| #define HAVE_PTHREAD_GETCONCURRENCY 1
| #define HAVE_YIELDING_SELECT 1
| #define REENTRANT 1
| #define _REENTRANT 1
| #define THREAD_SAFE 1
| #define _THREAD_SAFE 1
| #define THREADSAFE 1
| #define _THREADSAFE 1
| #define _SGI_MP_SOURCE 1
| #define LDAP_API_FEATURE_X_OPENLDAP_THREAD_SAFE 1
| #define HAVE_SEM_TIMEDWAIT 1
| #define SIZEOF_PTHREAD_T 8
| #define ISC_PLATFORM_USETHREADS 1
| #define HAVE_SIGWAIT 1
| #define HAVE_PTHREAD_ATTR_GETSTACKSIZE 1
| #define HAVE_PTHREAD_ATTR_SETSTACKSIZE 1
| #define HAVE_SYSCONF 1
| #define HAVE_LINUXTHREADS 1
| #define VSNPRINTF_PERCENT_M 1
| #define HAVE_SYS_CAPABILITY_H 1
| #define HAVE_SYS_PRCTL_H 1
| #define HAVE_LINUX_CAPABILITIES 1
| #define HAVE_DROPROOT 1
| #define HAVE_SYS_TYPES_H 1
| #define HAVE_NETINET_IN_H 1
| #define HAVE_ARPA_NAMESER_H 1
| #define HAVE_NETDB_H 1
| #define HAVE_RESOLV_H 1
| #define HAVE___RES_INIT 1
| #define HAVE_UINTPTR_T 1
| #define HAVE_SYS_TIMEPPS_H 1
| #define HAVE_STRUCT_TIMESPEC 1
| #define HAVE_STRUCT_NTPTIMEVAL 1
| #define HAVE_MD5_H 1
| #define HAVE_MD5INIT 1
| #define HAVE_SYSCONF 1
| #define HAVE_GETDTABLESIZE 1
| #define HAVE_SIGACTION 1
| #define HAVE_SIGSET 1
| #define HAVE_SETTIMEOFDAY 1
| #define HAVE_DLFCN_H 1
| #define LT_OBJDIR ".libs/"
| #define HAVE_DIRENT_H 1
| #define HAVE_SYS_MMAN_H 1
| #define HAVE_SYS_PARAM_H 1
| #define HAVE_SYS_POLL_H 1
| #define HAVE_SYS_SELECT_H 1
| #define HAVE_SYS_SOCKET_H 1
| #define HAVE_SYS_TIME_H 1
| #define HAVE_SYS_UN_H 1
| #define HAVE_SYS_WAIT_H 1
| #define HAVE_DLFCN_H 1
| #define HAVE_ERRNO_H 1
| #define HAVE_FCNTL_H 1
| #define HAVE_LIBGEN_H 1
| #define HAVE_LIBINTL_H 1
| #define HAVE_MEMORY_H 1
| #define HAVE_NETINET_IN_H 1
| #define HAVE_SETJMP_H 1
| #define HAVE_STDBOOL_H 1
| #define HAVE_SYSEXITS_H 1
| #define HAVE_UNISTD_H 1
| #define HAVE_UTIME_H 1
| #define HAVE_STDARG_H 1
| #define HAVE_STRING_H 1
| #define HAVE_LIMITS_H 1
| #define HAVE_INTTYPES_H 1
| #define HAVE_WCHAR_H 1
| #define HAVE_WCHAR_T 1
| #define HAVE_WINT_T 1
| #define HAVE_INT8_T 1
| #define HAVE_UINT8_T 1
| #define HAVE_INT16_T 1
| #define HAVE_UINT16_T 1
| #define HAVE_INT32_T 1
| #define HAVE_UINT32_T 1
| #define HAVE_INTPTR_T 1
| #define HAVE_UINTPTR_T 1
| #define HAVE_PID_T 1
| #define HAVE_SIZE_T 1
| #define HAVE_PTRDIFF_T 1
| #define SIZEOF_CHAR_P 8
| #define SIZEOF_INT 4
| #define SIZEOF_LONG 8
| #define SIZEOF_SHORT 2
| #define HAVE_VPRINTF 1
| #define HAVE_FORK 1
| #define HAVE_VFORK 1
| #define HAVE_WORKING_VFORK 1
| #define HAVE_WORKING_FORK 1
| #define HAVE_MMAP 1
| #define HAVE_CANONICALIZE_FILE_NAME 1
| #define HAVE_SNPRINTF 1
| #define HAVE_STRDUP 1
| #define HAVE_STRCHR 1
| #define HAVE_STRRCHR 1
| #define HAVE_STRSIGNAL 1
| #define HAVE_FCHMOD 1
| #define HAVE_FSTAT 1
| #define HAVE_CHMOD 1
| #define POSIX_SHELL "/bin/bash"
| #define HAVE_NETDB_H 1
| #define HAVE_STRING_H 1
| #define HAVE_STRINGS_H 1
| #define HAVE_SYSLOG_H 1
| #define HAVE_SYSEXITS_H 1
| #define HAVE_SYSLOG_FACILITYNAMES 1
| /* end confdefs.h.  */
| #include <stdio.h>
| #ifdef HAVE_SYS_TYPES_H
| # include <sys/types.h>
| #endif
| #ifdef HAVE_SYS_STAT_H
| # include <sys/stat.h>
| #endif
| #ifdef STDC_HEADERS
| # include <stdlib.h>
| # include <stddef.h>
| #else
| # ifdef HAVE_STDLIB_H
| #  include <stdlib.h>
| # endif
| #endif
| #ifdef HAVE_STRING_H
| # if !defined STDC_HEADERS && defined HAVE_MEMORY_H
| #  include <memory.h>
| # endif
| # include <string.h>
| #endif
| #ifdef HAVE_STRINGS_H
| # include <strings.h>
| #endif
| #ifdef HAVE_INTTYPES_H
| # include <inttypes.h>
| #endif
| #ifdef HAVE_STDINT_H
| # include <stdint.h>
| #endif
| #ifdef HAVE_UNISTD_H
| # include <unistd.h>
| #endif
| int
| main ()
| {
| if (sizeof ((_Bool)))
| 	    return 0;
|   ;
|   return 0;
| }
configure:25126: result: yes
configure:25241: checking for openssl library directory
configure:25281: result: /usr/lib/x86_64-linux-gnu
configure:25290: checking for openssl include directory
configure:25312: result: /usr/include
configure:25341: checking if we will use crypto
configure:25343: result: yes
configure:25351: checking openssl/cmac.h usability
configure:25351: x86_64-linux-gnu-gcc -c -g -O2 -ffile-prefix-map=/sonic/src/ntp/ntp-4.2.8p15=. -fstack-protector-strong -Wformat -Werror=format-security -fno-strict-aliasing -fcommon -Wdate-time -D_FORTIFY_SOURCE=2 -D_GNU_SOURCE conftest.c >&5
configure:25351: $? = 0
configure:25351: result: yes
configure:25351: checking openssl/cmac.h presence
configure:25351: x86_64-linux-gnu-gcc -E -Wdate-time -D_FORTIFY_SOURCE=2 -D_GNU_SOURCE conftest.c
configure:25351: $? = 0
configure:25351: result: yes
configure:25351: checking for openssl/cmac.h
configure:25351: result: yes
configure:25351: checking openssl/hmac.h usability
configure:25351: x86_64-linux-gnu-gcc -c -g -O2 -ffile-prefix-map=/sonic/src/ntp/ntp-4.2.8p15=. -fstack-protector-strong -Wformat -Werror=format-security -fno-strict-aliasing -fcommon -Wdate-time -D_FORTIFY_SOURCE=2 -D_GNU_SOURCE conftest.c >&5
configure:25351: $? = 0
configure:25351: result: yes
configure:25351: checking openssl/hmac.h presence
configure:25351: x86_64-linux-gnu-gcc -E -Wdate-time -D_FORTIFY_SOURCE=2 -D_GNU_SOURCE conftest.c
configure:25351: $? = 0
configure:25351: result: yes
configure:25351: checking for openssl/hmac.h
configure:25351: result: yes
configure:25382: checking if linking with -lcrypto alone works
configure:25405: x86_64-linux-gnu-gcc -o conftest -g -O2 -ffile-prefix-map=/sonic/src/ntp/ntp-4.2.8p15=. -fstack-protector-strong -Wformat -Werror=format-security -fno-strict-aliasing -fcommon -Wdate-time -D_FORTIFY_SOURCE=2 -D_GNU_SOURCE  -Wl,-z,relro -Wl,--as-needed conftest.c   -lcrypto >&5
configure:25405: $? = 0
configure:25415: result: yes
configure:25496: x86_64-linux-gnu-gcc -c -g -O2 -ffile-prefix-map=/sonic/src/ntp/ntp-4.2.8p15=. -fstack-protector-strong -Wformat -Werror=format-security -fno-strict-aliasing -fcommon -Werror -Wdate-time -D_FORTIFY_SOURCE=2 -D_GNU_SOURCE  conftest.c >&5
configure:25496: $? = 0
configure:25533: x86_64-linux-gnu-gcc -c -g -O2 -ffile-prefix-map=/sonic/src/ntp/ntp-4.2.8p15=. -fstack-protector-strong -Wformat -Werror=format-security -fno-strict-aliasing -fcommon -Werror -Wstrict-prototypes -Wdate-time -D_FORTIFY_SOURCE=2 -D_GNU_SOURCE  conftest.c >&5
In file included from conftest.c:202:
/usr/include/openssl/asn1_mac.h:10:2: error: #error "This file is obsolete; please update your software."
   10 | #error "This file is obsolete; please update your software."
      |  ^~~~~
conftest.c:211:1: error: function declaration isn't a prototype [-Werror=strict-prototypes]
  211 | main ()
      | ^~~~
cc1: all warnings being treated as errors
configure:25533: $? = 1
configure: failed program was:
| /* confdefs.h */
| #define PACKAGE_NAME "sntp"
| #define PACKAGE_TARNAME "sntp"
| #define PACKAGE_VERSION "4.2.8p15"
| #define PACKAGE_STRING "sntp 4.2.8p15"
| #define PACKAGE_BUGREPORT "http://bugs.ntp.org./"
| #define PACKAGE_URL "http://www.ntp.org./"
| #define PACKAGE "sntp"
| #define VERSION "4.2.8p15"
| #define STR_SYSTEM "x86_64-pc-linux-gnu"
| #define STDC_HEADERS 1
| #define HAVE_SYS_TYPES_H 1
| #define HAVE_SYS_STAT_H 1
| #define HAVE_STDLIB_H 1
| #define HAVE_STRING_H 1
| #define HAVE_MEMORY_H 1
| #define HAVE_STRINGS_H 1
| #define HAVE_INTTYPES_H 1
| #define HAVE_STDINT_H 1
| #define HAVE_UNISTD_H 1
| #define __EXTENSIONS__ 1
| #define _ALL_SOURCE 1
| #define _GNU_SOURCE 1
| #define _POSIX_PTHREAD_SEMANTICS 1
| #define _TANDEM_SOURCE 1
| #define HAVE___ATTRIBUTE__ /**/
| #define HAVE_STDARG_H 1
| #define HAVE_UNSIGNED_LONG_LONG_INT 1
| #define HAVE_VSNPRINTF 1
| #define HAVE_SNPRINTF 1
| #define DIR_SEP '/'
| #define HAVE_READLINE_READLINE_H 1
| #define HAVE_HISTEDIT_H 1
| #define HAVE_READLINE_HISTORY_H 1
| #define EL_INIT_ARGS 4
| #define HAVE_READLINE_HISTORY 1
| #define HAVE_FORK 1
| #define HAVE_VFORK 1
| #define HAVE_WORKING_VFORK 1
| #define HAVE_WORKING_FORK 1
| #define HAVE_ALLOCA_H 1
| #define HAVE_ALLOCA 1
| #define HAVE_DECL_STRERROR_R 1
| #define HAVE_STRERROR_R 1
| #define STRERROR_R_CHAR_P 1
| #define HAVE_CLOCK_GETRES 1
| #define HAVE_CLOCK_GETTIME 1
| #define HAVE_CLOCK_SETTIME 1
| #define HAVE_TIMEGM 1
| #define HAVE_ERRNO_H 1
| #define HAVE_SYS_SOCKET_H 1
| #define HAVE_SYS_TYPES_H 1
| #define HAVE_TIME_H 1
| #define HAVE_NET_IF_H 1
| #define HAVE_LINUX_IF_ADDR_H 1
| #define NEED_EARLY_FORK 1
| #define HAVE_ARPA_NAMESER_H 1
| #define HAVE_SYS_PARAM_H 1
| #define HAVE_SYS_TIME_H 1
| #define HAVE_SYS_SYSCTL_H 1
| #define HAVE_NETINET_IN_SYSTM_H 1
| #define HAVE_NETINET_IN_H 1
| #define HAVE_RESOLV_H 1
| #define HAVE_NETINET_IP_H 1
| #define HAVE_RECVMSG 1
| #define HAVE_INLINE 1
| #define TIME_WITH_SYS_TIME 1
| #define SIZEOF_TIME_T 8
| #define SIZEOF_SIGNED_CHAR 1
| #define HAVE_LONG_LONG 1
| #define SIZEOF_SHORT 2
| #define SIZEOF_INT 4
| #define SIZEOF_LONG 8
| #define SIZEOF_LONG_LONG 8
| #define NEED_S_CHAR_TYPEDEF 1
| #define DEBUG 1
| #define HAVE_SEMAPHORE_H 1
| #define HAVE_SOCKETPAIR 1
| #define HAVE_PTHREAD_H 1
| #define HAVE_PTHREADS 10
| #define HAVE_SCHED_H 1
| #define HAVE_SCHED_YIELD 1
| #define HAVE_PTHREAD_YIELD 1
| #define HAVE_PTHREAD_KILL 1
| #define HAVE_PTHREAD_RWLOCK_DESTROY 1
| #define HAVE_PTHREAD_DETACH 1
| #define HAVE_PTHREAD_SETCONCURRENCY 1
| #define HAVE_PTHREAD_GETCONCURRENCY 1
| #define HAVE_YIELDING_SELECT 1
| #define REENTRANT 1
| #define _REENTRANT 1
| #define THREAD_SAFE 1
| #define _THREAD_SAFE 1
| #define THREADSAFE 1
| #define _THREADSAFE 1
| #define _SGI_MP_SOURCE 1
| #define LDAP_API_FEATURE_X_OPENLDAP_THREAD_SAFE 1
| #define HAVE_SEM_TIMEDWAIT 1
| #define SIZEOF_PTHREAD_T 8
| #define ISC_PLATFORM_USETHREADS 1
| #define HAVE_SIGWAIT 1
| #define HAVE_PTHREAD_ATTR_GETSTACKSIZE 1
| #define HAVE_PTHREAD_ATTR_SETSTACKSIZE 1
| #define HAVE_SYSCONF 1
| #define HAVE_LINUXTHREADS 1
| #define VSNPRINTF_PERCENT_M 1
| #define HAVE_SYS_CAPABILITY_H 1
| #define HAVE_SYS_PRCTL_H 1
| #define HAVE_LINUX_CAPABILITIES 1
| #define HAVE_DROPROOT 1
| #define HAVE_SYS_TYPES_H 1
| #define HAVE_NETINET_IN_H 1
| #define HAVE_ARPA_NAMESER_H 1
| #define HAVE_NETDB_H 1
| #define HAVE_RESOLV_H 1
| #define HAVE___RES_INIT 1
| #define HAVE_UINTPTR_T 1
| #define HAVE_SYS_TIMEPPS_H 1
| #define HAVE_STRUCT_TIMESPEC 1
| #define HAVE_STRUCT_NTPTIMEVAL 1
| #define HAVE_MD5_H 1
| #define HAVE_MD5INIT 1
| #define HAVE_SYSCONF 1
| #define HAVE_GETDTABLESIZE 1
| #define HAVE_SIGACTION 1
| #define HAVE_SIGSET 1
| #define HAVE_SETTIMEOFDAY 1
| #define HAVE_DLFCN_H 1
| #define LT_OBJDIR ".libs/"
| #define HAVE_DIRENT_H 1
| #define HAVE_SYS_MMAN_H 1
| #define HAVE_SYS_PARAM_H 1
| #define HAVE_SYS_POLL_H 1
| #define HAVE_SYS_SELECT_H 1
| #define HAVE_SYS_SOCKET_H 1
| #define HAVE_SYS_TIME_H 1
| #define HAVE_SYS_UN_H 1
| #define HAVE_SYS_WAIT_H 1
| #define HAVE_DLFCN_H 1
| #define HAVE_ERRNO_H 1
| #define HAVE_FCNTL_H 1
| #define HAVE_LIBGEN_H 1
| #define HAVE_LIBINTL_H 1
| #define HAVE_MEMORY_H 1
| #define HAVE_NETINET_IN_H 1
| #define HAVE_SETJMP_H 1
| #define HAVE_STDBOOL_H 1
| #define HAVE_SYSEXITS_H 1
| #define HAVE_UNISTD_H 1
| #define HAVE_UTIME_H 1
| #define HAVE_STDARG_H 1
| #define HAVE_STRING_H 1
| #define HAVE_LIMITS_H 1
| #define HAVE_INTTYPES_H 1
| #define HAVE_WCHAR_H 1
| #define HAVE_WCHAR_T 1
| #define HAVE_WINT_T 1
| #define HAVE_INT8_T 1
| #define HAVE_UINT8_T 1
| #define HAVE_INT16_T 1
| #define HAVE_UINT16_T 1
| #define HAVE_INT32_T 1
| #define HAVE_UINT32_T 1
| #define HAVE_INTPTR_T 1
| #define HAVE_UINTPTR_T 1
| #define HAVE_PID_T 1
| #define HAVE_SIZE_T 1
| #define HAVE_PTRDIFF_T 1
| #define SIZEOF_CHAR_P 8
| #define SIZEOF_INT 4
| #define SIZEOF_LONG 8
| #define SIZEOF_SHORT 2
| #define HAVE_VPRINTF 1
| #define HAVE_FORK 1
| #define HAVE_VFORK 1
| #define HAVE_WORKING_VFORK 1
| #define HAVE_WORKING_FORK 1
| #define HAVE_MMAP 1
| #define HAVE_CANONICALIZE_FILE_NAME 1
| #define HAVE_SNPRINTF 1
| #define HAVE_STRDUP 1
| #define HAVE_STRCHR 1
| #define HAVE_STRRCHR 1
| #define HAVE_STRSIGNAL 1
| #define HAVE_FCHMOD 1
| #define HAVE_FSTAT 1
| #define HAVE_CHMOD 1
| #define POSIX_SHELL "/bin/bash"
| #define HAVE_NETDB_H 1
| #define HAVE_STRING_H 1
| #define HAVE_STRINGS_H 1
| #define HAVE_SYSLOG_H 1
| #define HAVE_SYSEXITS_H 1
| #define HAVE_SYSLOG_FACILITYNAMES 1
| #define HAVE__BOOL 1
| #define HAVE_STDBOOL_H 1
| #define HAVE_OPENSSL_CMAC_H 1
| #define HAVE_OPENSSL_HMAC_H 1
| #define OPENSSL /**/
| /* end confdefs.h.  */
| 
| 		    #include "openssl/asn1_mac.h"
| 		    #include "openssl/bn.h"
| 		    #include "openssl/err.h"
| 		    #include "openssl/evp.h"
| 		    #include "openssl/pem.h"
| 		    #include "openssl/rand.h"
| 		    #include "openssl/x509v3.h"
| 
| int
| main ()
| {
| 
| 		    /* empty body */
| 
| 
|   ;
|   return 0;
| }
configure:25562: checking for EVP_MD_do_all_sorted
configure:25562: x86_64-linux-gnu-gcc -o conftest -g -O2 -ffile-prefix-map=/sonic/src/ntp/ntp-4.2.8p15=. -fstack-protector-strong -Wformat -Werror=format-security -fno-strict-aliasing -fcommon -Wdate-time -D_FORTIFY_SOURCE=2 -D_GNU_SOURCE  -Wl,-z,relro -Wl,--as-needed conftest.c   -lcrypto >&5
configure:25562: $? = 0
configure:25562: result: yes
configure:25585: checking for struct sockaddr_storage
configure:25614: x86_64-linux-gnu-gcc -c -g -O2 -ffile-prefix-map=/sonic/src/ntp/ntp-4.2.8p15=. -fstack-protector-strong -Wformat -Werror=format-security -fno-strict-aliasing -fcommon -Wdate-time -D_FORTIFY_SOURCE=2 -D_GNU_SOURCE conftest.c >&5
configure:25614: $? = 0
configure:25623: result: yes
configure:25630: checking for sockaddr_storage.__ss_family
configure:25660: x86_64-linux-gnu-gcc -c -g -O2 -ffile-prefix-map=/sonic/src/ntp/ntp-4.2.8p15=. -fstack-protector-strong -Wformat -Werror=format-security -fno-strict-aliasing -fcommon -Wdate-time -D_FORTIFY_SOURCE=2 -D_GNU_SOURCE conftest.c >&5
conftest.c: In function 'main':
conftest.c:219:9: error: 'struct sockaddr_storage' has no member named '__ss_family'; did you mean 'ss_family'?
  219 |       s.__ss_family = 1;
      |         ^~~~~~~~~~~
      |         ss_family
configure:25660: $? = 1
configure: failed program was:
| /* confdefs.h */
| #define PACKAGE_NAME "sntp"
| #define PACKAGE_TARNAME "sntp"
| #define PACKAGE_VERSION "4.2.8p15"
| #define PACKAGE_STRING "sntp 4.2.8p15"
| #define PACKAGE_BUGREPORT "http://bugs.ntp.org./"
| #define PACKAGE_URL "http://www.ntp.org./"
| #define PACKAGE "sntp"
| #define VERSION "4.2.8p15"
| #define STR_SYSTEM "x86_64-pc-linux-gnu"
| #define STDC_HEADERS 1
| #define HAVE_SYS_TYPES_H 1
| #define HAVE_SYS_STAT_H 1
| #define HAVE_STDLIB_H 1
| #define HAVE_STRING_H 1
| #define HAVE_MEMORY_H 1
| #define HAVE_STRINGS_H 1
| #define HAVE_INTTYPES_H 1
| #define HAVE_STDINT_H 1
| #define HAVE_UNISTD_H 1
| #define __EXTENSIONS__ 1
| #define _ALL_SOURCE 1
| #define _GNU_SOURCE 1
| #define _POSIX_PTHREAD_SEMANTICS 1
| #define _TANDEM_SOURCE 1
| #define HAVE___ATTRIBUTE__ /**/
| #define HAVE_STDARG_H 1
| #define HAVE_UNSIGNED_LONG_LONG_INT 1
| #define HAVE_VSNPRINTF 1
| #define HAVE_SNPRINTF 1
| #define DIR_SEP '/'
| #define HAVE_READLINE_READLINE_H 1
| #define HAVE_HISTEDIT_H 1
| #define HAVE_READLINE_HISTORY_H 1
| #define EL_INIT_ARGS 4
| #define HAVE_READLINE_HISTORY 1
| #define HAVE_FORK 1
| #define HAVE_VFORK 1
| #define HAVE_WORKING_VFORK 1
| #define HAVE_WORKING_FORK 1
| #define HAVE_ALLOCA_H 1
| #define HAVE_ALLOCA 1
| #define HAVE_DECL_STRERROR_R 1
| #define HAVE_STRERROR_R 1
| #define STRERROR_R_CHAR_P 1
| #define HAVE_CLOCK_GETRES 1
| #define HAVE_CLOCK_GETTIME 1
| #define HAVE_CLOCK_SETTIME 1
| #define HAVE_TIMEGM 1
| #define HAVE_ERRNO_H 1
| #define HAVE_SYS_SOCKET_H 1
| #define HAVE_SYS_TYPES_H 1
| #define HAVE_TIME_H 1
| #define HAVE_NET_IF_H 1
| #define HAVE_LINUX_IF_ADDR_H 1
| #define NEED_EARLY_FORK 1
| #define HAVE_ARPA_NAMESER_H 1
| #define HAVE_SYS_PARAM_H 1
| #define HAVE_SYS_TIME_H 1
| #define HAVE_SYS_SYSCTL_H 1
| #define HAVE_NETINET_IN_SYSTM_H 1
| #define HAVE_NETINET_IN_H 1
| #define HAVE_RESOLV_H 1
| #define HAVE_NETINET_IP_H 1
| #define HAVE_RECVMSG 1
| #define HAVE_INLINE 1
| #define TIME_WITH_SYS_TIME 1
| #define SIZEOF_TIME_T 8
| #define SIZEOF_SIGNED_CHAR 1
| #define HAVE_LONG_LONG 1
| #define SIZEOF_SHORT 2
| #define SIZEOF_INT 4
| #define SIZEOF_LONG 8
| #define SIZEOF_LONG_LONG 8
| #define NEED_S_CHAR_TYPEDEF 1
| #define DEBUG 1
| #define HAVE_SEMAPHORE_H 1
| #define HAVE_SOCKETPAIR 1
| #define HAVE_PTHREAD_H 1
| #define HAVE_PTHREADS 10
| #define HAVE_SCHED_H 1
| #define HAVE_SCHED_YIELD 1
| #define HAVE_PTHREAD_YIELD 1
| #define HAVE_PTHREAD_KILL 1
| #define HAVE_PTHREAD_RWLOCK_DESTROY 1
| #define HAVE_PTHREAD_DETACH 1
| #define HAVE_PTHREAD_SETCONCURRENCY 1
| #define HAVE_PTHREAD_GETCONCURRENCY 1
| #define HAVE_YIELDING_SELECT 1
| #define REENTRANT 1
| #define _REENTRANT 1
| #define THREAD_SAFE 1
| #define _THREAD_SAFE 1
| #define THREADSAFE 1
| #define _THREADSAFE 1
| #define _SGI_MP_SOURCE 1
| #define LDAP_API_FEATURE_X_OPENLDAP_THREAD_SAFE 1
| #define HAVE_SEM_TIMEDWAIT 1
| #define SIZEOF_PTHREAD_T 8
| #define ISC_PLATFORM_USETHREADS 1
| #define HAVE_SIGWAIT 1
| #define HAVE_PTHREAD_ATTR_GETSTACKSIZE 1
| #define HAVE_PTHREAD_ATTR_SETSTACKSIZE 1
| #define HAVE_SYSCONF 1
| #define HAVE_LINUXTHREADS 1
| #define VSNPRINTF_PERCENT_M 1
| #define HAVE_SYS_CAPABILITY_H 1
| #define HAVE_SYS_PRCTL_H 1
| #define HAVE_LINUX_CAPABILITIES 1
| #define HAVE_DROPROOT 1
| #define HAVE_SYS_TYPES_H 1
| #define HAVE_NETINET_IN_H 1
| #define HAVE_ARPA_NAMESER_H 1
| #define HAVE_NETDB_H 1
| #define HAVE_RESOLV_H 1
| #define HAVE___RES_INIT 1
| #define HAVE_UINTPTR_T 1
| #define HAVE_SYS_TIMEPPS_H 1
| #define HAVE_STRUCT_TIMESPEC 1
| #define HAVE_STRUCT_NTPTIMEVAL 1
| #define HAVE_MD5_H 1
| #define HAVE_MD5INIT 1
| #define HAVE_SYSCONF 1
| #define HAVE_GETDTABLESIZE 1
| #define HAVE_SIGACTION 1
| #define HAVE_SIGSET 1
| #define HAVE_SETTIMEOFDAY 1
| #define HAVE_DLFCN_H 1
| #define LT_OBJDIR ".libs/"
| #define HAVE_DIRENT_H 1
| #define HAVE_SYS_MMAN_H 1
| #define HAVE_SYS_PARAM_H 1
| #define HAVE_SYS_POLL_H 1
| #define HAVE_SYS_SELECT_H 1
| #define HAVE_SYS_SOCKET_H 1
| #define HAVE_SYS_TIME_H 1
| #define HAVE_SYS_UN_H 1
| #define HAVE_SYS_WAIT_H 1
| #define HAVE_DLFCN_H 1
| #define HAVE_ERRNO_H 1
| #define HAVE_FCNTL_H 1
| #define HAVE_LIBGEN_H 1
| #define HAVE_LIBINTL_H 1
| #define HAVE_MEMORY_H 1
| #define HAVE_NETINET_IN_H 1
| #define HAVE_SETJMP_H 1
| #define HAVE_STDBOOL_H 1
| #define HAVE_SYSEXITS_H 1
| #define HAVE_UNISTD_H 1
| #define HAVE_UTIME_H 1
| #define HAVE_STDARG_H 1
| #define HAVE_STRING_H 1
| #define HAVE_LIMITS_H 1
| #define HAVE_INTTYPES_H 1
| #define HAVE_WCHAR_H 1
| #define HAVE_WCHAR_T 1
| #define HAVE_WINT_T 1
| #define HAVE_INT8_T 1
| #define HAVE_UINT8_T 1
| #define HAVE_INT16_T 1
| #define HAVE_UINT16_T 1
| #define HAVE_INT32_T 1
| #define HAVE_UINT32_T 1
| #define HAVE_INTPTR_T 1
| #define HAVE_UINTPTR_T 1
| #define HAVE_PID_T 1
| #define HAVE_SIZE_T 1
| #define HAVE_PTRDIFF_T 1
| #define SIZEOF_CHAR_P 8
| #define SIZEOF_INT 4
| #define SIZEOF_LONG 8
| #define SIZEOF_SHORT 2
| #define HAVE_VPRINTF 1
| #define HAVE_FORK 1
| #define HAVE_VFORK 1
| #define HAVE_WORKING_VFORK 1
| #define HAVE_WORKING_FORK 1
| #define HAVE_MMAP 1
| #define HAVE_CANONICALIZE_FILE_NAME 1
| #define HAVE_SNPRINTF 1
| #define HAVE_STRDUP 1
| #define HAVE_STRCHR 1
| #define HAVE_STRRCHR 1
| #define HAVE_STRSIGNAL 1
| #define HAVE_FCHMOD 1
| #define HAVE_FSTAT 1
| #define HAVE_CHMOD 1
| #define POSIX_SHELL "/bin/bash"
| #define HAVE_NETDB_H 1
| #define HAVE_STRING_H 1
| #define HAVE_STRINGS_H 1
| #define HAVE_SYSLOG_H 1
| #define HAVE_SYSEXITS_H 1
| #define HAVE_SYSLOG_FACILITYNAMES 1
| #define HAVE__BOOL 1
| #define HAVE_STDBOOL_H 1
| #define HAVE_OPENSSL_CMAC_H 1
| #define HAVE_OPENSSL_HMAC_H 1
| #define OPENSSL /**/
| #define HAVE_EVP_MD_DO_ALL_SORTED 1
| #define HAVE_STRUCT_SOCKADDR_STORAGE 1
| /* end confdefs.h.  */
| 
| 		    #ifdef HAVE_SYS_TYPES_H
| 		    # include <sys/types.h>
| 		    #endif
| 		    #ifdef HAVE_SYS_SOCKET_H
| 		    # include <sys/socket.h>
| 		    #endif
| 		    #ifdef HAVE_NETINET_IN_H
| 		    # include <netinet/in.h>
| 		    #endif
| 
| int
| main ()
| {
| 
| 		    struct sockaddr_storage s;
| 		    s.__ss_family = 1;
| 
| 
|   ;
|   return 0;
| }
configure:25669: result: no
configure:25684: checking for in_port_t
configure:25707: x86_64-linux-gnu-gcc -c -g -O2 -ffile-prefix-map=/sonic/src/ntp/ntp-4.2.8p15=. -fstack-protector-strong -Wformat -Werror=format-security -fno-strict-aliasing -fcommon -Wdate-time -D_FORTIFY_SOURCE=2 -D_GNU_SOURCE conftest.c >&5
configure:25707: $? = 0
configure:25716: result: yes
configure:25725: checking type of socklen arg for getsockname()
configure:25757: x86_64-linux-gnu-gcc -c -g -O2 -ffile-prefix-map=/sonic/src/ntp/ntp-4.2.8p15=. -fstack-protector-strong -Wformat -Werror=format-security -fno-strict-aliasing -fcommon -Wdate-time -D_FORTIFY_SOURCE=2 -D_GNU_SOURCE conftest.c >&5
conftest.c: In function 'main':
conftest.c:216:4: warning: type defaults to 'int' in declaration of 'getsockname' [-Wimplicit-int]
  216 |    getsockname(int, struct sockaddr *,
      |    ^~~~~~~~~~~
configure:25757: $? = 0
configure:25772: result: socklen_t
configure:25780: checking struct sockaddr for sa_len
configure:25803: x86_64-linux-gnu-gcc -c -g -O2 -ffile-prefix-map=/sonic/src/ntp/ntp-4.2.8p15=. -fstack-protector-strong -Wformat -Werror=format-security -fno-strict-aliasing -fcommon -Wdate-time -D_FORTIFY_SOURCE=2 -D_GNU_SOURCE conftest.c >&5
conftest.c: In function 'main':
conftest.c:213:12: error: 'struct sockaddr' has no member named 'sa_len'
  213 |   return ps->sa_len;
      |            ^~
configure:25803: $? = 1
configure: failed program was:
| /* confdefs.h */
| #define PACKAGE_NAME "sntp"
| #define PACKAGE_TARNAME "sntp"
| #define PACKAGE_VERSION "4.2.8p15"
| #define PACKAGE_STRING "sntp 4.2.8p15"
| #define PACKAGE_BUGREPORT "http://bugs.ntp.org./"
| #define PACKAGE_URL "http://www.ntp.org./"
| #define PACKAGE "sntp"
| #define VERSION "4.2.8p15"
| #define STR_SYSTEM "x86_64-pc-linux-gnu"
| #define STDC_HEADERS 1
| #define HAVE_SYS_TYPES_H 1
| #define HAVE_SYS_STAT_H 1
| #define HAVE_STDLIB_H 1
| #define HAVE_STRING_H 1
| #define HAVE_MEMORY_H 1
| #define HAVE_STRINGS_H 1
| #define HAVE_INTTYPES_H 1
| #define HAVE_STDINT_H 1
| #define HAVE_UNISTD_H 1
| #define __EXTENSIONS__ 1
| #define _ALL_SOURCE 1
| #define _GNU_SOURCE 1
| #define _POSIX_PTHREAD_SEMANTICS 1
| #define _TANDEM_SOURCE 1
| #define HAVE___ATTRIBUTE__ /**/
| #define HAVE_STDARG_H 1
| #define HAVE_UNSIGNED_LONG_LONG_INT 1
| #define HAVE_VSNPRINTF 1
| #define HAVE_SNPRINTF 1
| #define DIR_SEP '/'
| #define HAVE_READLINE_READLINE_H 1
| #define HAVE_HISTEDIT_H 1
| #define HAVE_READLINE_HISTORY_H 1
| #define EL_INIT_ARGS 4
| #define HAVE_READLINE_HISTORY 1
| #define HAVE_FORK 1
| #define HAVE_VFORK 1
| #define HAVE_WORKING_VFORK 1
| #define HAVE_WORKING_FORK 1
| #define HAVE_ALLOCA_H 1
| #define HAVE_ALLOCA 1
| #define HAVE_DECL_STRERROR_R 1
| #define HAVE_STRERROR_R 1
| #define STRERROR_R_CHAR_P 1
| #define HAVE_CLOCK_GETRES 1
| #define HAVE_CLOCK_GETTIME 1
| #define HAVE_CLOCK_SETTIME 1
| #define HAVE_TIMEGM 1
| #define HAVE_ERRNO_H 1
| #define HAVE_SYS_SOCKET_H 1
| #define HAVE_SYS_TYPES_H 1
| #define HAVE_TIME_H 1
| #define HAVE_NET_IF_H 1
| #define HAVE_LINUX_IF_ADDR_H 1
| #define NEED_EARLY_FORK 1
| #define HAVE_ARPA_NAMESER_H 1
| #define HAVE_SYS_PARAM_H 1
| #define HAVE_SYS_TIME_H 1
| #define HAVE_SYS_SYSCTL_H 1
| #define HAVE_NETINET_IN_SYSTM_H 1
| #define HAVE_NETINET_IN_H 1
| #define HAVE_RESOLV_H 1
| #define HAVE_NETINET_IP_H 1
| #define HAVE_RECVMSG 1
| #define HAVE_INLINE 1
| #define TIME_WITH_SYS_TIME 1
| #define SIZEOF_TIME_T 8
| #define SIZEOF_SIGNED_CHAR 1
| #define HAVE_LONG_LONG 1
| #define SIZEOF_SHORT 2
| #define SIZEOF_INT 4
| #define SIZEOF_LONG 8
| #define SIZEOF_LONG_LONG 8
| #define NEED_S_CHAR_TYPEDEF 1
| #define DEBUG 1
| #define HAVE_SEMAPHORE_H 1
| #define HAVE_SOCKETPAIR 1
| #define HAVE_PTHREAD_H 1
| #define HAVE_PTHREADS 10
| #define HAVE_SCHED_H 1
| #define HAVE_SCHED_YIELD 1
| #define HAVE_PTHREAD_YIELD 1
| #define HAVE_PTHREAD_KILL 1
| #define HAVE_PTHREAD_RWLOCK_DESTROY 1
| #define HAVE_PTHREAD_DETACH 1
| #define HAVE_PTHREAD_SETCONCURRENCY 1
| #define HAVE_PTHREAD_GETCONCURRENCY 1
| #define HAVE_YIELDING_SELECT 1
| #define REENTRANT 1
| #define _REENTRANT 1
| #define THREAD_SAFE 1
| #define _THREAD_SAFE 1
| #define THREADSAFE 1
| #define _THREADSAFE 1
| #define _SGI_MP_SOURCE 1
| #define LDAP_API_FEATURE_X_OPENLDAP_THREAD_SAFE 1
| #define HAVE_SEM_TIMEDWAIT 1
| #define SIZEOF_PTHREAD_T 8
| #define ISC_PLATFORM_USETHREADS 1
| #define HAVE_SIGWAIT 1
| #define HAVE_PTHREAD_ATTR_GETSTACKSIZE 1
| #define HAVE_PTHREAD_ATTR_SETSTACKSIZE 1
| #define HAVE_SYSCONF 1
| #define HAVE_LINUXTHREADS 1
| #define VSNPRINTF_PERCENT_M 1
| #define HAVE_SYS_CAPABILITY_H 1
| #define HAVE_SYS_PRCTL_H 1
| #define HAVE_LINUX_CAPABILITIES 1
| #define HAVE_DROPROOT 1
| #define HAVE_SYS_TYPES_H 1
| #define HAVE_NETINET_IN_H 1
| #define HAVE_ARPA_NAMESER_H 1
| #define HAVE_NETDB_H 1
| #define HAVE_RESOLV_H 1
| #define HAVE___RES_INIT 1
| #define HAVE_UINTPTR_T 1
| #define HAVE_SYS_TIMEPPS_H 1
| #define HAVE_STRUCT_TIMESPEC 1
| #define HAVE_STRUCT_NTPTIMEVAL 1
| #define HAVE_MD5_H 1
| #define HAVE_MD5INIT 1
| #define HAVE_SYSCONF 1
| #define HAVE_GETDTABLESIZE 1
| #define HAVE_SIGACTION 1
| #define HAVE_SIGSET 1
| #define HAVE_SETTIMEOFDAY 1
| #define HAVE_DLFCN_H 1
| #define LT_OBJDIR ".libs/"
| #define HAVE_DIRENT_H 1
| #define HAVE_SYS_MMAN_H 1
| #define HAVE_SYS_PARAM_H 1
| #define HAVE_SYS_POLL_H 1
| #define HAVE_SYS_SELECT_H 1
| #define HAVE_SYS_SOCKET_H 1
| #define HAVE_SYS_TIME_H 1
| #define HAVE_SYS_UN_H 1
| #define HAVE_SYS_WAIT_H 1
| #define HAVE_DLFCN_H 1
| #define HAVE_ERRNO_H 1
| #define HAVE_FCNTL_H 1
| #define HAVE_LIBGEN_H 1
| #define HAVE_LIBINTL_H 1
| #define HAVE_MEMORY_H 1
| #define HAVE_NETINET_IN_H 1
| #define HAVE_SETJMP_H 1
| #define HAVE_STDBOOL_H 1
| #define HAVE_SYSEXITS_H 1
| #define HAVE_UNISTD_H 1
| #define HAVE_UTIME_H 1
| #define HAVE_STDARG_H 1
| #define HAVE_STRING_H 1
| #define HAVE_LIMITS_H 1
| #define HAVE_INTTYPES_H 1
| #define HAVE_WCHAR_H 1
| #define HAVE_WCHAR_T 1
| #define HAVE_WINT_T 1
| #define HAVE_INT8_T 1
| #define HAVE_UINT8_T 1
| #define HAVE_INT16_T 1
| #define HAVE_UINT16_T 1
| #define HAVE_INT32_T 1
| #define HAVE_UINT32_T 1
| #define HAVE_INTPTR_T 1
| #define HAVE_UINTPTR_T 1
| #define HAVE_PID_T 1
| #define HAVE_SIZE_T 1
| #define HAVE_PTRDIFF_T 1
| #define SIZEOF_CHAR_P 8
| #define SIZEOF_INT 4
| #define SIZEOF_LONG 8
| #define SIZEOF_SHORT 2
| #define HAVE_VPRINTF 1
| #define HAVE_FORK 1
| #define HAVE_VFORK 1
| #define HAVE_WORKING_VFORK 1
| #define HAVE_WORKING_FORK 1
| #define HAVE_MMAP 1
| #define HAVE_CANONICALIZE_FILE_NAME 1
| #define HAVE_SNPRINTF 1
| #define HAVE_STRDUP 1
| #define HAVE_STRCHR 1
| #define HAVE_STRRCHR 1
| #define HAVE_STRSIGNAL 1
| #define HAVE_FCHMOD 1
| #define HAVE_FSTAT 1
| #define HAVE_CHMOD 1
| #define POSIX_SHELL "/bin/bash"
| #define HAVE_NETDB_H 1
| #define HAVE_STRING_H 1
| #define HAVE_STRINGS_H 1
| #define HAVE_SYSLOG_H 1
| #define HAVE_SYSEXITS_H 1
| #define HAVE_SYSLOG_FACILITYNAMES 1
| #define HAVE__BOOL 1
| #define HAVE_STDBOOL_H 1
| #define HAVE_OPENSSL_CMAC_H 1
| #define HAVE_OPENSSL_HMAC_H 1
| #define OPENSSL /**/
| #define HAVE_EVP_MD_DO_ALL_SORTED 1
| #define HAVE_STRUCT_SOCKADDR_STORAGE 1
| #define GETSOCKNAME_SOCKLEN_TYPE socklen_t
| /* end confdefs.h.  */
| 
| 		#include <sys/types.h>
| 		#include <sys/socket.h>
| 
| int
| main ()
| {
| 
| 		extern struct sockaddr *ps;
| 		return ps->sa_len;
| 
| 
|   ;
|   return 0;
| }
configure:25812: result: no
configure:25852: checking for IPv6 structures
configure:25875: x86_64-linux-gnu-gcc -c -g -O2 -ffile-prefix-map=/sonic/src/ntp/ntp-4.2.8p15=. -fstack-protector-strong -Wformat -Werror=format-security -fno-strict-aliasing -fcommon -Wdate-time -D_FORTIFY_SOURCE=2 -D_GNU_SOURCE conftest.c >&5
configure:25875: $? = 0
configure:25884: result: yes
configure:25891: checking for Kame IPv6 support
configure:25914: result: no
configure:25974: checking for in6_pktinfo
configure:25999: x86_64-linux-gnu-gcc -c -g -O2 -ffile-prefix-map=/sonic/src/ntp/ntp-4.2.8p15=. -fstack-protector-strong -Wformat -Werror=format-security -fno-strict-aliasing -fcommon -Wdate-time -D_FORTIFY_SOURCE=2 -D_GNU_SOURCE conftest.c >&5
configure:25999: $? = 0
configure:26008: result: yes
configure:26019: checking for sockaddr_in6.sin6_scope_id
configure:26045: x86_64-linux-gnu-gcc -c -g -O2 -ffile-prefix-map=/sonic/src/ntp/ntp-4.2.8p15=. -fstack-protector-strong -Wformat -Werror=format-security -fno-strict-aliasing -fcommon -Wdate-time -D_FORTIFY_SOURCE=2 -D_GNU_SOURCE conftest.c >&5
configure:26045: $? = 0
configure:26054: result: yes
configure:26068: checking for in6addr_any
configure:26095: x86_64-linux-gnu-gcc -o conftest -g -O2 -ffile-prefix-map=/sonic/src/ntp/ntp-4.2.8p15=. -fstack-protector-strong -Wformat -Werror=format-security -fno-strict-aliasing -fcommon -Wdate-time -D_FORTIFY_SOURCE=2 -D_GNU_SOURCE -Wl,-z,relro -Wl,--as-needed conftest.c -Wl,--gc-sections -lmd  -lcap  >&5
configure:26095: $? = 0
configure:26108: result: yes
configure:26119: checking for struct if_laddrconf
configure:26141: x86_64-linux-gnu-gcc -c -g -O2 -ffile-prefix-map=/sonic/src/ntp/ntp-4.2.8p15=. -fstack-protector-strong -Wformat -Werror=format-security -fno-strict-aliasing -fcommon -Wdate-time -D_FORTIFY_SOURCE=2 -D_GNU_SOURCE conftest.c >&5
conftest.c:210:12: fatal error: net/if6.h: No such file or directory
  210 |   #include <net/if6.h>
      |            ^~~~~~~~~~~
compilation terminated.
configure:26141: $? = 1
configure: failed program was:
| /* confdefs.h */
| #define PACKAGE_NAME "sntp"
| #define PACKAGE_TARNAME "sntp"
| #define PACKAGE_VERSION "4.2.8p15"
| #define PACKAGE_STRING "sntp 4.2.8p15"
| #define PACKAGE_BUGREPORT "http://bugs.ntp.org./"
| #define PACKAGE_URL "http://www.ntp.org./"
| #define PACKAGE "sntp"
| #define VERSION "4.2.8p15"
| #define STR_SYSTEM "x86_64-pc-linux-gnu"
| #define STDC_HEADERS 1
| #define HAVE_SYS_TYPES_H 1
| #define HAVE_SYS_STAT_H 1
| #define HAVE_STDLIB_H 1
| #define HAVE_STRING_H 1
| #define HAVE_MEMORY_H 1
| #define HAVE_STRINGS_H 1
| #define HAVE_INTTYPES_H 1
| #define HAVE_STDINT_H 1
| #define HAVE_UNISTD_H 1
| #define __EXTENSIONS__ 1
| #define _ALL_SOURCE 1
| #define _GNU_SOURCE 1
| #define _POSIX_PTHREAD_SEMANTICS 1
| #define _TANDEM_SOURCE 1
| #define HAVE___ATTRIBUTE__ /**/
| #define HAVE_STDARG_H 1
| #define HAVE_UNSIGNED_LONG_LONG_INT 1
| #define HAVE_VSNPRINTF 1
| #define HAVE_SNPRINTF 1
| #define DIR_SEP '/'
| #define HAVE_READLINE_READLINE_H 1
| #define HAVE_HISTEDIT_H 1
| #define HAVE_READLINE_HISTORY_H 1
| #define EL_INIT_ARGS 4
| #define HAVE_READLINE_HISTORY 1
| #define HAVE_FORK 1
| #define HAVE_VFORK 1
| #define HAVE_WORKING_VFORK 1
| #define HAVE_WORKING_FORK 1
| #define HAVE_ALLOCA_H 1
| #define HAVE_ALLOCA 1
| #define HAVE_DECL_STRERROR_R 1
| #define HAVE_STRERROR_R 1
| #define STRERROR_R_CHAR_P 1
| #define HAVE_CLOCK_GETRES 1
| #define HAVE_CLOCK_GETTIME 1
| #define HAVE_CLOCK_SETTIME 1
| #define HAVE_TIMEGM 1
| #define HAVE_ERRNO_H 1
| #define HAVE_SYS_SOCKET_H 1
| #define HAVE_SYS_TYPES_H 1
| #define HAVE_TIME_H 1
| #define HAVE_NET_IF_H 1
| #define HAVE_LINUX_IF_ADDR_H 1
| #define NEED_EARLY_FORK 1
| #define HAVE_ARPA_NAMESER_H 1
| #define HAVE_SYS_PARAM_H 1
| #define HAVE_SYS_TIME_H 1
| #define HAVE_SYS_SYSCTL_H 1
| #define HAVE_NETINET_IN_SYSTM_H 1
| #define HAVE_NETINET_IN_H 1
| #define HAVE_RESOLV_H 1
| #define HAVE_NETINET_IP_H 1
| #define HAVE_RECVMSG 1
| #define HAVE_INLINE 1
| #define TIME_WITH_SYS_TIME 1
| #define SIZEOF_TIME_T 8
| #define SIZEOF_SIGNED_CHAR 1
| #define HAVE_LONG_LONG 1
| #define SIZEOF_SHORT 2
| #define SIZEOF_INT 4
| #define SIZEOF_LONG 8
| #define SIZEOF_LONG_LONG 8
| #define NEED_S_CHAR_TYPEDEF 1
| #define DEBUG 1
| #define HAVE_SEMAPHORE_H 1
| #define HAVE_SOCKETPAIR 1
| #define HAVE_PTHREAD_H 1
| #define HAVE_PTHREADS 10
| #define HAVE_SCHED_H 1
| #define HAVE_SCHED_YIELD 1
| #define HAVE_PTHREAD_YIELD 1
| #define HAVE_PTHREAD_KILL 1
| #define HAVE_PTHREAD_RWLOCK_DESTROY 1
| #define HAVE_PTHREAD_DETACH 1
| #define HAVE_PTHREAD_SETCONCURRENCY 1
| #define HAVE_PTHREAD_GETCONCURRENCY 1
| #define HAVE_YIELDING_SELECT 1
| #define REENTRANT 1
| #define _REENTRANT 1
| #define THREAD_SAFE 1
| #define _THREAD_SAFE 1
| #define THREADSAFE 1
| #define _THREADSAFE 1
| #define _SGI_MP_SOURCE 1
| #define LDAP_API_FEATURE_X_OPENLDAP_THREAD_SAFE 1
| #define HAVE_SEM_TIMEDWAIT 1
| #define SIZEOF_PTHREAD_T 8
| #define ISC_PLATFORM_USETHREADS 1
| #define HAVE_SIGWAIT 1
| #define HAVE_PTHREAD_ATTR_GETSTACKSIZE 1
| #define HAVE_PTHREAD_ATTR_SETSTACKSIZE 1
| #define HAVE_SYSCONF 1
| #define HAVE_LINUXTHREADS 1
| #define VSNPRINTF_PERCENT_M 1
| #define HAVE_SYS_CAPABILITY_H 1
| #define HAVE_SYS_PRCTL_H 1
| #define HAVE_LINUX_CAPABILITIES 1
| #define HAVE_DROPROOT 1
| #define HAVE_SYS_TYPES_H 1
| #define HAVE_NETINET_IN_H 1
| #define HAVE_ARPA_NAMESER_H 1
| #define HAVE_NETDB_H 1
| #define HAVE_RESOLV_H 1
| #define HAVE___RES_INIT 1
| #define HAVE_UINTPTR_T 1
| #define HAVE_SYS_TIMEPPS_H 1
| #define HAVE_STRUCT_TIMESPEC 1
| #define HAVE_STRUCT_NTPTIMEVAL 1
| #define HAVE_MD5_H 1
| #define HAVE_MD5INIT 1
| #define HAVE_SYSCONF 1
| #define HAVE_GETDTABLESIZE 1
| #define HAVE_SIGACTION 1
| #define HAVE_SIGSET 1
| #define HAVE_SETTIMEOFDAY 1
| #define HAVE_DLFCN_H 1
| #define LT_OBJDIR ".libs/"
| #define HAVE_DIRENT_H 1
| #define HAVE_SYS_MMAN_H 1
| #define HAVE_SYS_PARAM_H 1
| #define HAVE_SYS_POLL_H 1
| #define HAVE_SYS_SELECT_H 1
| #define HAVE_SYS_SOCKET_H 1
| #define HAVE_SYS_TIME_H 1
| #define HAVE_SYS_UN_H 1
| #define HAVE_SYS_WAIT_H 1
| #define HAVE_DLFCN_H 1
| #define HAVE_ERRNO_H 1
| #define HAVE_FCNTL_H 1
| #define HAVE_LIBGEN_H 1
| #define HAVE_LIBINTL_H 1
| #define HAVE_MEMORY_H 1
| #define HAVE_NETINET_IN_H 1
| #define HAVE_SETJMP_H 1
| #define HAVE_STDBOOL_H 1
| #define HAVE_SYSEXITS_H 1
| #define HAVE_UNISTD_H 1
| #define HAVE_UTIME_H 1
| #define HAVE_STDARG_H 1
| #define HAVE_STRING_H 1
| #define HAVE_LIMITS_H 1
| #define HAVE_INTTYPES_H 1
| #define HAVE_WCHAR_H 1
| #define HAVE_WCHAR_T 1
| #define HAVE_WINT_T 1
| #define HAVE_INT8_T 1
| #define HAVE_UINT8_T 1
| #define HAVE_INT16_T 1
| #define HAVE_UINT16_T 1
| #define HAVE_INT32_T 1
| #define HAVE_UINT32_T 1
| #define HAVE_INTPTR_T 1
| #define HAVE_UINTPTR_T 1
| #define HAVE_PID_T 1
| #define HAVE_SIZE_T 1
| #define HAVE_PTRDIFF_T 1
| #define SIZEOF_CHAR_P 8
| #define SIZEOF_INT 4
| #define SIZEOF_LONG 8
| #define SIZEOF_SHORT 2
| #define HAVE_VPRINTF 1
| #define HAVE_FORK 1
| #define HAVE_VFORK 1
| #define HAVE_WORKING_VFORK 1
| #define HAVE_WORKING_FORK 1
| #define HAVE_MMAP 1
| #define HAVE_CANONICALIZE_FILE_NAME 1
| #define HAVE_SNPRINTF 1
| #define HAVE_STRDUP 1
| #define HAVE_STRCHR 1
| #define HAVE_STRRCHR 1
| #define HAVE_STRSIGNAL 1
| #define HAVE_FCHMOD 1
| #define HAVE_FSTAT 1
| #define HAVE_CHMOD 1
| #define POSIX_SHELL "/bin/bash"
| #define HAVE_NETDB_H 1
| #define HAVE_STRING_H 1
| #define HAVE_STRINGS_H 1
| #define HAVE_SYSLOG_H 1
| #define HAVE_SYSEXITS_H 1
| #define HAVE_SYSLOG_FACILITYNAMES 1
| #define HAVE__BOOL 1
| #define HAVE_STDBOOL_H 1
| #define HAVE_OPENSSL_CMAC_H 1
| #define HAVE_OPENSSL_HMAC_H 1
| #define OPENSSL /**/
| #define HAVE_EVP_MD_DO_ALL_SORTED 1
| #define HAVE_STRUCT_SOCKADDR_STORAGE 1
| #define GETSOCKNAME_SOCKLEN_TYPE socklen_t
| #define WANT_IPV6 1
| #define ISC_PLATFORM_HAVEIPV6 1
| #define ISC_PLATFORM_HAVEIN6PKTINFO 1
| #define ISC_PLATFORM_HAVESCOPEID 1
| /* end confdefs.h.  */
| 
| 		#include <sys/types.h>
| 		#include <net/if6.h>
| 
| int
| main ()
| {
| 
| 		struct if_laddrconf a;
| 
| 
|   ;
|   return 0;
| }
configure:26150: result: no
configure:26160: checking for struct if_laddrreq
configure:26182: x86_64-linux-gnu-gcc -c -g -O2 -ffile-prefix-map=/sonic/src/ntp/ntp-4.2.8p15=. -fstack-protector-strong -Wformat -Werror=format-security -fno-strict-aliasing -fcommon -Wdate-time -D_FORTIFY_SOURCE=2 -D_GNU_SOURCE conftest.c >&5
conftest.c:210:12: fatal error: net/if6.h: No such file or directory
  210 |   #include <net/if6.h>
      |            ^~~~~~~~~~~
compilation terminated.
configure:26182: $? = 1
configure: failed program was:
| /* confdefs.h */
| #define PACKAGE_NAME "sntp"
| #define PACKAGE_TARNAME "sntp"
| #define PACKAGE_VERSION "4.2.8p15"
| #define PACKAGE_STRING "sntp 4.2.8p15"
| #define PACKAGE_BUGREPORT "http://bugs.ntp.org./"
| #define PACKAGE_URL "http://www.ntp.org./"
| #define PACKAGE "sntp"
| #define VERSION "4.2.8p15"
| #define STR_SYSTEM "x86_64-pc-linux-gnu"
| #define STDC_HEADERS 1
| #define HAVE_SYS_TYPES_H 1
| #define HAVE_SYS_STAT_H 1
| #define HAVE_STDLIB_H 1
| #define HAVE_STRING_H 1
| #define HAVE_MEMORY_H 1
| #define HAVE_STRINGS_H 1
| #define HAVE_INTTYPES_H 1
| #define HAVE_STDINT_H 1
| #define HAVE_UNISTD_H 1
| #define __EXTENSIONS__ 1
| #define _ALL_SOURCE 1
| #define _GNU_SOURCE 1
| #define _POSIX_PTHREAD_SEMANTICS 1
| #define _TANDEM_SOURCE 1
| #define HAVE___ATTRIBUTE__ /**/
| #define HAVE_STDARG_H 1
| #define HAVE_UNSIGNED_LONG_LONG_INT 1
| #define HAVE_VSNPRINTF 1
| #define HAVE_SNPRINTF 1
| #define DIR_SEP '/'
| #define HAVE_READLINE_READLINE_H 1
| #define HAVE_HISTEDIT_H 1
| #define HAVE_READLINE_HISTORY_H 1
| #define EL_INIT_ARGS 4
| #define HAVE_READLINE_HISTORY 1
| #define HAVE_FORK 1
| #define HAVE_VFORK 1
| #define HAVE_WORKING_VFORK 1
| #define HAVE_WORKING_FORK 1
| #define HAVE_ALLOCA_H 1
| #define HAVE_ALLOCA 1
| #define HAVE_DECL_STRERROR_R 1
| #define HAVE_STRERROR_R 1
| #define STRERROR_R_CHAR_P 1
| #define HAVE_CLOCK_GETRES 1
| #define HAVE_CLOCK_GETTIME 1
| #define HAVE_CLOCK_SETTIME 1
| #define HAVE_TIMEGM 1
| #define HAVE_ERRNO_H 1
| #define HAVE_SYS_SOCKET_H 1
| #define HAVE_SYS_TYPES_H 1
| #define HAVE_TIME_H 1
| #define HAVE_NET_IF_H 1
| #define HAVE_LINUX_IF_ADDR_H 1
| #define NEED_EARLY_FORK 1
| #define HAVE_ARPA_NAMESER_H 1
| #define HAVE_SYS_PARAM_H 1
| #define HAVE_SYS_TIME_H 1
| #define HAVE_SYS_SYSCTL_H 1
| #define HAVE_NETINET_IN_SYSTM_H 1
| #define HAVE_NETINET_IN_H 1
| #define HAVE_RESOLV_H 1
| #define HAVE_NETINET_IP_H 1
| #define HAVE_RECVMSG 1
| #define HAVE_INLINE 1
| #define TIME_WITH_SYS_TIME 1
| #define SIZEOF_TIME_T 8
| #define SIZEOF_SIGNED_CHAR 1
| #define HAVE_LONG_LONG 1
| #define SIZEOF_SHORT 2
| #define SIZEOF_INT 4
| #define SIZEOF_LONG 8
| #define SIZEOF_LONG_LONG 8
| #define NEED_S_CHAR_TYPEDEF 1
| #define DEBUG 1
| #define HAVE_SEMAPHORE_H 1
| #define HAVE_SOCKETPAIR 1
| #define HAVE_PTHREAD_H 1
| #define HAVE_PTHREADS 10
| #define HAVE_SCHED_H 1
| #define HAVE_SCHED_YIELD 1
| #define HAVE_PTHREAD_YIELD 1
| #define HAVE_PTHREAD_KILL 1
| #define HAVE_PTHREAD_RWLOCK_DESTROY 1
| #define HAVE_PTHREAD_DETACH 1
| #define HAVE_PTHREAD_SETCONCURRENCY 1
| #define HAVE_PTHREAD_GETCONCURRENCY 1
| #define HAVE_YIELDING_SELECT 1
| #define REENTRANT 1
| #define _REENTRANT 1
| #define THREAD_SAFE 1
| #define _THREAD_SAFE 1
| #define THREADSAFE 1
| #define _THREADSAFE 1
| #define _SGI_MP_SOURCE 1
| #define LDAP_API_FEATURE_X_OPENLDAP_THREAD_SAFE 1
| #define HAVE_SEM_TIMEDWAIT 1
| #define SIZEOF_PTHREAD_T 8
| #define ISC_PLATFORM_USETHREADS 1
| #define HAVE_SIGWAIT 1
| #define HAVE_PTHREAD_ATTR_GETSTACKSIZE 1
| #define HAVE_PTHREAD_ATTR_SETSTACKSIZE 1
| #define HAVE_SYSCONF 1
| #define HAVE_LINUXTHREADS 1
| #define VSNPRINTF_PERCENT_M 1
| #define HAVE_SYS_CAPABILITY_H 1
| #define HAVE_SYS_PRCTL_H 1
| #define HAVE_LINUX_CAPABILITIES 1
| #define HAVE_DROPROOT 1
| #define HAVE_SYS_TYPES_H 1
| #define HAVE_NETINET_IN_H 1
| #define HAVE_ARPA_NAMESER_H 1
| #define HAVE_NETDB_H 1
| #define HAVE_RESOLV_H 1
| #define HAVE___RES_INIT 1
| #define HAVE_UINTPTR_T 1
| #define HAVE_SYS_TIMEPPS_H 1
| #define HAVE_STRUCT_TIMESPEC 1
| #define HAVE_STRUCT_NTPTIMEVAL 1
| #define HAVE_MD5_H 1
| #define HAVE_MD5INIT 1
| #define HAVE_SYSCONF 1
| #define HAVE_GETDTABLESIZE 1
| #define HAVE_SIGACTION 1
| #define HAVE_SIGSET 1
| #define HAVE_SETTIMEOFDAY 1
| #define HAVE_DLFCN_H 1
| #define LT_OBJDIR ".libs/"
| #define HAVE_DIRENT_H 1
| #define HAVE_SYS_MMAN_H 1
| #define HAVE_SYS_PARAM_H 1
| #define HAVE_SYS_POLL_H 1
| #define HAVE_SYS_SELECT_H 1
| #define HAVE_SYS_SOCKET_H 1
| #define HAVE_SYS_TIME_H 1
| #define HAVE_SYS_UN_H 1
| #define HAVE_SYS_WAIT_H 1
| #define HAVE_DLFCN_H 1
| #define HAVE_ERRNO_H 1
| #define HAVE_FCNTL_H 1
| #define HAVE_LIBGEN_H 1
| #define HAVE_LIBINTL_H 1
| #define HAVE_MEMORY_H 1
| #define HAVE_NETINET_IN_H 1
| #define HAVE_SETJMP_H 1
| #define HAVE_STDBOOL_H 1
| #define HAVE_SYSEXITS_H 1
| #define HAVE_UNISTD_H 1
| #define HAVE_UTIME_H 1
| #define HAVE_STDARG_H 1
| #define HAVE_STRING_H 1
| #define HAVE_LIMITS_H 1
| #define HAVE_INTTYPES_H 1
| #define HAVE_WCHAR_H 1
| #define HAVE_WCHAR_T 1
| #define HAVE_WINT_T 1
| #define HAVE_INT8_T 1
| #define HAVE_UINT8_T 1
| #define HAVE_INT16_T 1
| #define HAVE_UINT16_T 1
| #define HAVE_INT32_T 1
| #define HAVE_UINT32_T 1
| #define HAVE_INTPTR_T 1
| #define HAVE_UINTPTR_T 1
| #define HAVE_PID_T 1
| #define HAVE_SIZE_T 1
| #define HAVE_PTRDIFF_T 1
| #define SIZEOF_CHAR_P 8
| #define SIZEOF_INT 4
| #define SIZEOF_LONG 8
| #define SIZEOF_SHORT 2
| #define HAVE_VPRINTF 1
| #define HAVE_FORK 1
| #define HAVE_VFORK 1
| #define HAVE_WORKING_VFORK 1
| #define HAVE_WORKING_FORK 1
| #define HAVE_MMAP 1
| #define HAVE_CANONICALIZE_FILE_NAME 1
| #define HAVE_SNPRINTF 1
| #define HAVE_STRDUP 1
| #define HAVE_STRCHR 1
| #define HAVE_STRRCHR 1
| #define HAVE_STRSIGNAL 1
| #define HAVE_FCHMOD 1
| #define HAVE_FSTAT 1
| #define HAVE_CHMOD 1
| #define POSIX_SHELL "/bin/bash"
| #define HAVE_NETDB_H 1
| #define HAVE_STRING_H 1
| #define HAVE_STRINGS_H 1
| #define HAVE_SYSLOG_H 1
| #define HAVE_SYSEXITS_H 1
| #define HAVE_SYSLOG_FACILITYNAMES 1
| #define HAVE__BOOL 1
| #define HAVE_STDBOOL_H 1
| #define HAVE_OPENSSL_CMAC_H 1
| #define HAVE_OPENSSL_HMAC_H 1
| #define OPENSSL /**/
| #define HAVE_EVP_MD_DO_ALL_SORTED 1
| #define HAVE_STRUCT_SOCKADDR_STORAGE 1
| #define GETSOCKNAME_SOCKLEN_TYPE socklen_t
| #define WANT_IPV6 1
| #define ISC_PLATFORM_HAVEIPV6 1
| #define ISC_PLATFORM_HAVEIN6PKTINFO 1
| #define ISC_PLATFORM_HAVESCOPEID 1
| /* end confdefs.h.  */
| 
| 		#include <sys/types.h>
| 		#include <net/if6.h>
| 
| int
| main ()
| {
| 
| 		struct if_laddrreq a;
| 
| 
|   ;
|   return 0;
| }
configure:26191: result: no
configure:26201: checking for multicast IP support
configure:26231: x86_64-linux-gnu-gcc -c -g -O2 -ffile-prefix-map=/sonic/src/ntp/ntp-4.2.8p15=. -fstack-protector-strong -Wformat -Werror=format-security -fno-strict-aliasing -fcommon -Wdate-time -D_FORTIFY_SOURCE=2 -D_GNU_SOURCE conftest.c >&5
configure:26231: $? = 0
configure:26240: result: yes
configure:26247: checking arg type needed for setsockopt() IP*_MULTICAST_LOOP
configure:26264: result: u_int
configure:26295: checking for getifaddrs
configure:26295: x86_64-linux-gnu-gcc -o conftest -g -O2 -ffile-prefix-map=/sonic/src/ntp/ntp-4.2.8p15=. -fstack-protector-strong -Wformat -Werror=format-security -fno-strict-aliasing -fcommon -Wdate-time -D_FORTIFY_SOURCE=2 -D_GNU_SOURCE -Wl,-z,relro -Wl,--as-needed conftest.c -Wl,--gc-sections -lmd  -lcap  >&5
configure:26295: $? = 0
configure:26295: result: yes
configure:26375: checking for if_nametoindex
configure:26375: x86_64-linux-gnu-gcc -o conftest -g -O2 -ffile-prefix-map=/sonic/src/ntp/ntp-4.2.8p15=. -fstack-protector-strong -Wformat -Werror=format-security -fno-strict-aliasing -fcommon -Wdate-time -D_FORTIFY_SOURCE=2 -D_GNU_SOURCE -Wl,-z,relro -Wl,--as-needed conftest.c -Wl,--gc-sections -lmd  -lcap  >&5
configure:26375: $? = 0
configure:26375: result: yes
configure:26409: checking for socket
configure:26409: x86_64-linux-gnu-gcc -o conftest -g -O2 -ffile-prefix-map=/sonic/src/ntp/ntp-4.2.8p15=. -fstack-protector-strong -Wformat -Werror=format-security -fno-strict-aliasing -fcommon -Wdate-time -D_FORTIFY_SOURCE=2 -D_GNU_SOURCE -Wl,-z,relro -Wl,--as-needed conftest.c  >&5
configure:26409: $? = 0
configure:26409: result: yes
configure:26424: checking for ruby
configure:26442: found /usr/bin/ruby
configure:26454: result: /usr/bin/ruby
configure:26490: checking if we want to enable tests with undiagnosed problems
configure:26500: result: yes
configure:26503: checking if we can run test-kodDatabase
configure:26510: result: yes
configure:26521: checking if we can run test-kodFile
configure:26528: result: yes
configure:26660: checking that generated files are newer than configure
configure:26666: result: done
configure:26742: creating ./config.status

## ---------------------- ##
## Running config.status. ##
## ---------------------- ##

This file was extended by sntp config.status 4.2.8p15, which was
generated by GNU Autoconf 2.69.  Invocation command line was

  CONFIG_FILES    = 
  CONFIG_HEADERS  = 
  CONFIG_LINKS    = 
  CONFIG_COMMANDS = 
  $ ./config.status 

on 2714d083cebf

config.status:1425: creating libopts/Makefile
config.status:1425: creating Makefile
config.status:1425: creating include/Makefile
config.status:1425: creating scripts/Makefile
config.status:1425: creating tests/Makefile
config.status:1425: creating tests/fileHandlingTest.h
config.status:1425: creating unity/Makefile
config.status:1425: creating config.h
config.status:1654: executing depfiles commands
config.status:1654: executing libtool commands

## ---------------- ##
## Cache variables. ##
## ---------------- ##

ac_cv_HAVE_SYSLOG_FACILITYNAMES=yes
ac_cv_build=x86_64-pc-linux-gnu
ac_cv_c_bigendian=no
ac_cv_c_char_unsigned=no
ac_cv_c_compiler_gnu=yes
ac_cv_c_inline=inline
ac_cv_c_volatile=yes
ac_cv_env_CC_set=
ac_cv_env_CC_value=
ac_cv_env_CFLAGS_set=set
ac_cv_env_CFLAGS_value='-g -O2 -ffile-prefix-map=/sonic/src/ntp/ntp-4.2.8p15=. -fstack-protector-strong -Wformat -Werror=format-security -fno-strict-aliasing -fcommon'
ac_cv_env_CPPFLAGS_set=set
ac_cv_env_CPPFLAGS_value='-Wdate-time -D_FORTIFY_SOURCE=2 -D_GNU_SOURCE'
ac_cv_env_CPP_set=
ac_cv_env_CPP_value=
ac_cv_env_LDFLAGS_set=set
ac_cv_env_LDFLAGS_value='-Wl,-z,relro -Wl,--as-needed'
ac_cv_env_LIBS_set=
ac_cv_env_LIBS_value=
ac_cv_env_LT_SYS_LIBRARY_PATH_set=
ac_cv_env_LT_SYS_LIBRARY_PATH_value=
ac_cv_env_build_alias_set=set
ac_cv_env_build_alias_value=x86_64-linux-gnu
ac_cv_env_host_alias_set=set
ac_cv_env_host_alias_value=x86_64-linux-gnu
ac_cv_env_target_alias_set=
ac_cv_env_target_alias_value=
ac_cv_func_EVP_MD_do_all_sorted=yes
ac_cv_func_MD5Init=yes
ac_cv_func___res_init=yes
ac_cv_func__beginthread=no
ac_cv_func__doprnt=no
ac_cv_func_alloca_works=yes
ac_cv_func_canonicalize_file_name=yes
ac_cv_func_chmod=yes
ac_cv_func_clock_getres=yes
ac_cv_func_clock_gettime=yes
ac_cv_func_clock_settime=yes
ac_cv_func_fchmod=yes
ac_cv_func_fork=yes
ac_cv_func_fork_works=yes
ac_cv_func_fstat=yes
ac_cv_func_getclock=no
ac_cv_func_getdtablesize=yes
ac_cv_func_getifaddrs=yes
ac_cv_func_if_nametoindex=yes
ac_cv_func_inet_ntop=yes
ac_cv_func_inet_pton=yes
ac_cv_func_mmap=yes
ac_cv_func_pthread_attr_getstacksize=yes
ac_cv_func_pthread_attr_setstacksize=yes
ac_cv_func_pthread_getconcurrency=yes
ac_cv_func_pthread_kill=yes
ac_cv_func_pthread_kill_other_threads_np=no
ac_cv_func_pthread_setconcurrency=yes
ac_cv_func_pthread_yield=yes
ac_cv_func_recvmsg=yes
ac_cv_func_res_init=no
ac_cv_func_sched_yield=yes
ac_cv_func_sem_timedwait=yes
ac_cv_func_settimeofday=yes
ac_cv_func_sigaction=yes
ac_cv_func_sigset=yes
ac_cv_func_sigvec=no
ac_cv_func_sigwait=yes
ac_cv_func_snprintf=yes
ac_cv_func_socket=yes
ac_cv_func_socketpair=yes
ac_cv_func_stime=no
ac_cv_func_strchr=yes
ac_cv_func_strdup=yes
ac_cv_func_strerror_r=yes
ac_cv_func_strerror_r_char_p=yes
ac_cv_func_strlcat=no
ac_cv_func_strlcpy=no
ac_cv_func_strrchr=yes
ac_cv_func_strsignal=yes
ac_cv_func_sysconf=yes
ac_cv_func_thr_getconcurrency=no
ac_cv_func_thr_setconcurrency=no
ac_cv_func_thr_yield=no
ac_cv_func_timegm=yes
ac_cv_func_vfork=yes
ac_cv_func_vfork_works=yes
ac_cv_func_vprintf=yes
ac_cv_func_vsnprintf=yes
ac_cv_have_decl_strerror_r=yes
ac_cv_header_arpa_nameser_h=yes
ac_cv_header_dirent_dirent_h=yes
ac_cv_header_dlfcn_h=yes
ac_cv_header_errno_h=yes
ac_cv_header_fcntl_h=yes
ac_cv_header_histedit_h=yes
ac_cv_header_history_h=no
ac_cv_header_inttypes_h=yes
ac_cv_header_libgen_h=yes
ac_cv_header_libintl_h=yes
ac_cv_header_limits_h=yes
ac_cv_header_linux_if_addr_h=yes
ac_cv_header_md5_h=yes
ac_cv_header_memory_h=yes
ac_cv_header_minix_config_h=no
ac_cv_header_net_if_h=yes
ac_cv_header_net_if_var_h=no
ac_cv_header_netdb_h=yes
ac_cv_header_netinet_in_h=yes
ac_cv_header_netinet_in_system_h=no
ac_cv_header_netinet_in_systm_h=yes
ac_cv_header_netinet_in_var_h=no
ac_cv_header_netinet_ip_h=yes
ac_cv_header_openssl_cmac_h=yes
ac_cv_header_openssl_hmac_h=yes
ac_cv_header_priv_h=no
ac_cv_header_pthread_h=yes
ac_cv_header_readline_h=no
ac_cv_header_readline_history_h=yes
ac_cv_header_readline_readline_h=yes
ac_cv_header_resolv_h=yes
ac_cv_header_runetype_h=no
ac_cv_header_sched_h=yes
ac_cv_header_semaphore_h=yes
ac_cv_header_setjmp_h=yes
ac_cv_header_stdarg_h=yes
ac_cv_header_stdbool_h=yes
ac_cv_header_stdc=yes
ac_cv_header_stdint_h=yes
ac_cv_header_stdlib_h=yes
ac_cv_header_string_h=yes
ac_cv_header_strings_h=yes
ac_cv_header_sys_capability_h=yes
ac_cv_header_sys_clockctl_h=no
ac_cv_header_sys_mac_h=no
ac_cv_header_sys_mman_h=yes
ac_cv_header_sys_param_h=yes
ac_cv_header_sys_poll_h=yes
ac_cv_header_sys_prctl_h=yes
ac_cv_header_sys_procset_h=no
ac_cv_header_sys_select_h=yes
ac_cv_header_sys_socket_h=yes
ac_cv_header_sys_stat_h=yes
ac_cv_header_sys_stropts_h=no
ac_cv_header_sys_sysctl_h=yes
ac_cv_header_sys_time_h=yes
ac_cv_header_sys_timepps_h=yes
ac_cv_header_sys_timers_h=no
ac_cv_header_sys_types_h=yes
ac_cv_header_sys_un_h=yes
ac_cv_header_sys_wait_h=yes
ac_cv_header_sysexits_h=yes
ac_cv_header_syslog_h=yes
ac_cv_header_time=yes
ac_cv_header_time_h=yes
ac_cv_header_unistd_h=yes
ac_cv_header_utime_h=yes
ac_cv_header_vfork_h=no
ac_cv_header_wchar_h=yes
ac_cv_host=x86_64-pc-linux-gnu
ac_cv_lib_gen_pathfind=no
ac_cv_lib_intl_gettext=no
ac_cv_objext=o
ac_cv_path_EGREP='/bin/grep -E'
ac_cv_path_FGREP='/bin/grep -F'
ac_cv_path_GREP=/bin/grep
ac_cv_path_PATH_RUBY=/usr/bin/ruby
ac_cv_path_SED=/bin/sed
ac_cv_path_install='/usr/bin/install -c'
ac_cv_path_lt_DD=/bin/dd
ac_cv_path_mkdir=/bin/mkdir
ac_cv_prog_AR=x86_64-linux-gnu-ar
ac_cv_prog_AWK=gawk
ac_cv_prog_CC=x86_64-linux-gnu-gcc
ac_cv_prog_CPP='x86_64-linux-gnu-gcc -E'
ac_cv_prog_OBJDUMP=x86_64-linux-gnu-objdump
ac_cv_prog_RANLIB=x86_64-linux-gnu-ranlib
ac_cv_prog_STRIP=x86_64-linux-gnu-strip
ac_cv_prog_ac_ct_MANIFEST_TOOL=mt
ac_cv_prog_cc_c89=
ac_cv_prog_cc_c99=
ac_cv_prog_cc_g=yes
ac_cv_prog_cc_stdc=
ac_cv_prog_gcc_traditional=no
ac_cv_prog_make_make_set=yes
ac_cv_safe_to_define___extensions__=yes
ac_cv_search_MD5Init=-lmd
ac_cv_search_clock_gettime='none required'
ac_cv_search_cos=-lm
ac_cv_search_inet_ntop='none required'
ac_cv_search_inet_pton='none required'
ac_cv_search_opendir='none required'
ac_cv_search_openlog='none required'
ac_cv_search_res_init=no
ac_cv_search_setsockopt='none required'
ac_cv_search_snprintb=no
ac_cv_sizeof_char_p=8
ac_cv_sizeof_int=4
ac_cv_sizeof_long=8
ac_cv_sizeof_long_long=8
ac_cv_sizeof_pthread_t=8
ac_cv_sizeof_short=2
ac_cv_sizeof_signed_char=1
ac_cv_sizeof_time_t=8
ac_cv_type__Bool=yes
ac_cv_type_int16_t=yes
ac_cv_type_int32=no
ac_cv_type_int32_t=yes
ac_cv_type_int8_t=yes
ac_cv_type_intptr_t=yes
ac_cv_type_long_long=yes
ac_cv_type_pid_t=yes
ac_cv_type_ptrdiff_t=yes
ac_cv_type_s_char=no
ac_cv_type_size_t=yes
ac_cv_type_u_int32=no
ac_cv_type_uid_t=yes
ac_cv_type_uint16_t=yes
ac_cv_type_uint32_t=yes
ac_cv_type_uint8_t=yes
ac_cv_type_uint_t=no
ac_cv_type_uintptr_t=yes
ac_cv_type_unsigned_long_long_int=yes
ac_cv_type_wchar_t=yes
ac_cv_type_wint_t=yes
ac_cv_working_alloca_h=yes
am_cv_CC_dependencies_compiler_type=none
am_cv_ar_interface=ar
am_cv_make_support_nested_variables=yes
am_cv_prog_cc_c_o=yes
gl_cv_header_working_stdnoreturn_h=yes
hw_cv_func_snprintf=yes
hw_cv_func_snprintf_c99=yes
hw_cv_func_vsnprintf=yes
hw_cv_func_vsnprintf_c99=yes
isc_cv_found_ipv6=yes
isc_cv_have_in6_pktinfo=yes
isc_cv_have_in_port_t=yes
isc_cv_have_sin6_scope_id=yes
isc_cv_in6addr_any_links=yes
isc_cv_platform_havesalen=no
isc_cv_struct_if_laddrconf=no
isc_cv_struct_if_laddrreq=no
lo_cv_test_autoopts=' -lopts'
lo_cv_with_autoopts_config=autoopts-config
lt_cv_ar_at_file=@
lt_cv_deplibs_check_method=pass_all
lt_cv_file_magic_cmd='$MAGIC_CMD'
lt_cv_file_magic_test_file=
lt_cv_ld_reload_flag=-r
lt_cv_nm_interface='BSD nm'
lt_cv_objdir=.libs
lt_cv_path_LD=/usr/bin/ld
lt_cv_path_NM='/usr/bin/x86_64-linux-gnu-nm -B'
lt_cv_path_mainfest_tool=no
lt_cv_prog_compiler_c_o=yes
lt_cv_prog_compiler_pic='-fPIC -DPIC'
lt_cv_prog_compiler_pic_works=yes
lt_cv_prog_compiler_rtti_exceptions=no
lt_cv_prog_compiler_static_works=yes
lt_cv_prog_gnu_ld=yes
lt_cv_sharedlib_from_linklib_cmd='printf %s\n'
lt_cv_shlibpath_overrides_runpath=yes
lt_cv_sys_global_symbol_pipe='sed -n -e '\''s/^.*[	 ]\([ABCDGIRSTW][ABCDGIRSTW]*\)[	 ][	 ]*\([_A-Za-z][_A-Za-z0-9]*\)$/\1 \2 \2/p'\'' | sed '\''/ __gnu_lto/d'\'''
lt_cv_sys_global_symbol_to_c_name_address='sed -n -e '\''s/^: \(.*\) .*$/  {"\1", (void *) 0},/p'\'' -e '\''s/^[ABCDGIRSTW][ABCDGIRSTW]* .* \(.*\)$/  {"\1", (void *) \&\1},/p'\'''
lt_cv_sys_global_symbol_to_c_name_address_lib_prefix='sed -n -e '\''s/^: \(.*\) .*$/  {"\1", (void *) 0},/p'\'' -e '\''s/^[ABCDGIRSTW][ABCDGIRSTW]* .* \(lib.*\)$/  {"\1", (void *) \&\1},/p'\'' -e '\''s/^[ABCDGIRSTW][ABCDGIRSTW]* .* \(.*\)$/  {"lib\1", (void *) \&\1},/p'\'''
lt_cv_sys_global_symbol_to_cdecl='sed -n -e '\''s/^T .* \(.*\)$/extern int \1();/p'\'' -e '\''s/^[ABCDGIRSTW][ABCDGIRSTW]* .* \(.*\)$/extern char \1;/p'\'''
lt_cv_sys_global_symbol_to_import=
lt_cv_sys_max_cmd_len=1572864
lt_cv_to_host_file_cmd=func_convert_file_noop
lt_cv_to_tool_file_cmd=func_convert_file_noop
lt_cv_truncate_bin='/bin/dd bs=4096 count=1'
ntp_cv_bare_lcrypto=yes
ntp_cv_cc_attribute=yes
ntp_cv_cpp_warning=yes
ntp_cv_dir_sep=''\''/'\'''
ntp_cv_el_init_args=4
ntp_cv_func_Xettimeofday_nargs=2
ntp_cv_gc_sections_runs=yes
ntp_cv_gcc_Winit_self=yes
ntp_cv_gcc_Wstrict_overflow=yes
ntp_cv_getsockname_socklen_type=socklen_t
ntp_cv_have___ss_family=no
ntp_cv_hdr_def_sigio=yes
ntp_cv_hdr_def_sigpoll=yes
ntp_cv_multicast=yes
ntp_cv_sntp_cache_version=20120806
ntp_cv_sockaddr_storage=yes
ntp_cv_struct_ntptimeval=yes
ntp_cv_struct_timespec=yes
ntp_cv_type_int32_with_dns=no
ntp_cv_type_u_int32_with_dns=no
ntp_cv_typeof_ip_multicast_loop=u_int
ntp_cv_vsnprintf_percent_m=yes
ol_cv_errno_thread_specific=yes
ol_cv_func_pthread_detach=yes
ol_cv_func_pthread_rwlock_destroy=yes
ol_cv_h_errno_thread_specific=yes
ol_cv_header_gnu_pth_pthread_h=no
ol_cv_header_linux_threads=no
ol_cv_linux_threads=no
ol_cv_pthread_create=no
ol_cv_pthread_create_works=yes
ol_cv_pthread_kthread=no
ol_cv_pthread_pthread=yes
ol_cv_pthread_select_yields=yes
ol_cv_pthread_version=10
ol_cv_sys_linux_threads=no

## ----------------- ##
## Output variables. ##
## ----------------- ##

ACLOCAL='${SHELL} '\''/sonic/src/ntp/ntp-4.2.8p15/sntp/libevent/build-aux/missing'\'' aclocal-1.16'
ALLOCA=''
AMDEPBACKSLASH=''
AMDEP_FALSE=''
AMDEP_TRUE='#'
AMTAR='$${TAR-tar}'
AM_BACKSLASH='\'
AM_DEFAULT_V='$(AM_DEFAULT_VERBOSITY)'
AM_DEFAULT_VERBOSITY='1'
AM_V='$(V)'
AR='x86_64-linux-gnu-ar'
AUTOCONF='${SHELL} '\''/sonic/src/ntp/ntp-4.2.8p15/sntp/libevent/build-aux/missing'\'' autoconf'
AUTOHEADER='${SHELL} '\''/sonic/src/ntp/ntp-4.2.8p15/sntp/libevent/build-aux/missing'\'' autoheader'
AUTOMAKE='${SHELL} '\''/sonic/src/ntp/ntp-4.2.8p15/sntp/libevent/build-aux/missing'\'' automake-1.16'
AWK='gawk'
BUILD_LIBEVENT_FALSE=''
BUILD_LIBEVENT_TRUE='#'
BUILD_SNTP_FALSE='#'
BUILD_SNTP_TRUE=''
BUILD_TEST_KODDATABASE_FALSE='#'
BUILD_TEST_KODDATABASE_TRUE=''
BUILD_TEST_KODFILE_FALSE='#'
BUILD_TEST_KODFILE_TRUE=''
BUILD_THREAD='yes'
CALC_TICKADJ_DB='calc_tickadj'
CALC_TICKADJ_DL=''
CALC_TICKADJ_DS=''
CALC_TICKADJ_MS='1'
CALC_TICKADJ_NI=''
CC='x86_64-linux-gnu-gcc'
CCDEPMODE='depmode=none'
CFLAGS='-g -O2 -ffile-prefix-map=/sonic/src/ntp/ntp-4.2.8p15=. -fstack-protector-strong -Wformat -Werror=format-security -fno-strict-aliasing -fcommon'
CFLAGS_LIBEVENT='-pthread'
CFLAGS_NTP=' -ffunction-sections -fdata-sections -Wall -Wcast-align -Wcast-qual -Wmissing-prototypes -Wpointer-arith -Wshadow -Winit-self -Wstrict-overflow   -Wno-strict-prototypes'
CPP='x86_64-linux-gnu-gcc -E'
CPPFLAGS='-Wdate-time -D_FORTIFY_SOURCE=2 -D_GNU_SOURCE'
CPPFLAGS_LIBEVENT=''
CPPFLAGS_NTP=''
CYGPATH_W='echo'
DEFS='-DHAVE_CONFIG_H'
DEPDIR='.deps'
DLLTOOL='false'
DSYMUTIL=''
DUMPBIN=''
ECHO_C=''
ECHO_N='-n'
ECHO_T=''
EDITLINE_LIBS='-ledit'
EGREP='/bin/grep -E'
EXEEXT=''
FGREP='/bin/grep -F'
GL_GENERATE_STDNORETURN_H_FALSE=''
GL_GENERATE_STDNORETURN_H_TRUE='#'
GREP='/bin/grep'
HAVE_INLINE=''
INSTALL_DATA='${INSTALL} -m 644'
INSTALL_LIBOPTS_FALSE=''
INSTALL_LIBOPTS_TRUE='#'
INSTALL_NTPSWEEP_FALSE=''
INSTALL_NTPSWEEP_TRUE='#'
INSTALL_PROGRAM='${INSTALL}'
INSTALL_SCRIPT='${INSTALL}'
INSTALL_STRIP_PROGRAM='$(install_sh) -c -s'
INSTALL_UPDATE_LEAP_FALSE='#'
INSTALL_UPDATE_LEAP_TRUE=''
LD='/usr/bin/ld -m elf_x86_64'
LDADD_LIBEVENT='-pthread -levent_pthreads -levent_core'
LDADD_LIBNTP='-Wl,--gc-sections -lmd  -lcap'
LDADD_LIBUTIL=''
LDADD_NTP=' -lcrypto'
LDFLAGS='-Wl,-z,relro -Wl,--as-needed'
LDFLAGS_NTP=' '
LIBISC_PTHREADS_NOTHREADS='pthreads'
LIBM='-lm'
LIBOBJS=''
LIBOPTS_CFLAGS=' '
LIBOPTS_DIR='libopts'
LIBOPTS_LDADD=' -lopts'
LIBS=''
LIBTOOL='$(SHELL) $(top_builddir)/libtool'
LIBTOOL_DEPS='libevent/build-aux/ltmain.sh'
LIB_SYSLOG=''
LIPO=''
LN_S='ln -s'
LTHREAD_LIBS=' -pthread'
LTLIBOBJS=''
LT_SYS_LIBRARY_PATH=''
MAKEINFO='${SHELL} '\''/sonic/src/ntp/ntp-4.2.8p15/sntp/libevent/build-aux/missing'\'' makeinfo'
MANIFEST_TOOL=':'
MANTAGFMT='mdoc'
MKDIR_P='/bin/mkdir -p'
NEED_LIBOPTS_FALSE=''
NEED_LIBOPTS_TRUE='#'
NM='/usr/bin/x86_64-linux-gnu-nm -B'
NMEDIT=''
NTPDATE_DB=''
NTPDATE_DL=''
NTPDATE_DS='ntpdate'
NTPDATE_MS='8'
NTPDATE_NI=''
NTPDC_DB='ntpdc'
NTPDC_DL=''
NTPDC_DS=''
NTPDC_MS='1'
NTPDC_NI=''
NTPDSIM_DB=''
NTPDSIM_DL=''
NTPDSIM_DS='ntpdsim'
NTPDSIM_MS='8'
NTPDSIM_NI=''
NTPD_DB=''
NTPD_DL=''
NTPD_DS='ntpd'
NTPD_MS='8'
NTPD_NI=''
NTPQ_DB='ntpq'
NTPQ_DL=''
NTPQ_DS=''
NTPQ_MS='1'
NTPQ_NI=''
NTPSNMPD_DB=''
NTPSNMPD_DL=''
NTPSNMPD_DS='ntpsnmpd'
NTPSNMPD_MS='8'
NTPSNMPD_NI=''
NTPSWEEP_DB=''
NTPSWEEP_DL=''
NTPSWEEP_DS=''
NTPSWEEP_MS='1'
NTPSWEEP_NI='ntpsweep'
NTPTIME_DB=''
NTPTIME_DL=''
NTPTIME_DS='ntptime'
NTPTIME_MS='8'
NTPTIME_NI=''
NTPTRACE_DB='ntptrace'
NTPTRACE_DL=''
NTPTRACE_DS=''
NTPTRACE_MS='1'
NTPTRACE_NI=''
NTP_CROSSCOMPILE_FALSE=''
NTP_CROSSCOMPILE_TRUE='#'
NTP_FORCE_LIBEVENT_DIST='libevent'
NTP_HARD_CFLAGS='-fPIE -fPIC -fstack-protector-all -O1'
NTP_HARD_CPPFLAGS='-D_FORTIFY_SOURCE=2'
NTP_HARD_LDFLAGS='-pie -Wl,-z,relro -Wl,-z,now'
NTP_KEYGEN_DB=''
NTP_KEYGEN_DL=''
NTP_KEYGEN_DS='ntp-keygen'
NTP_KEYGEN_MS='8'
NTP_KEYGEN_NI=''
NTP_WAIT_DB=''
NTP_WAIT_DL=''
NTP_WAIT_DS='ntp-wait'
NTP_WAIT_MS='8'
NTP_WAIT_NI=''
OBJDUMP='x86_64-linux-gnu-objdump'
OBJEXT='o'
OTOOL64=''
OTOOL=''
PACKAGE='sntp'
PACKAGE_BUGREPORT='http://bugs.ntp.org./'
PACKAGE_NAME='sntp'
PACKAGE_STRING='sntp 4.2.8p15'
PACKAGE_TARNAME='sntp'
PACKAGE_URL='http://www.ntp.org./'
PACKAGE_VERSION='4.2.8p15'
PATH_RUBY='/usr/bin/ruby'
PATH_SEPARATOR=':'
PKG_CONFIG='/usr/bin/x86_64-linux-gnu-pkg-config'
POSIX_SHELL='/bin/bash'
PTHREADS_FALSE='#'
PTHREADS_TRUE=''
PTHREAD_LIBS=' -pthread'
RANLIB='x86_64-linux-gnu-ranlib'
SED='/bin/sed'
SET_MAKE=''
SHELL='/bin/bash'
SNTP='sntp'
SNTP_DB='sntp'
SNTP_DL=''
SNTP_DS=''
SNTP_MS='1'
SNTP_NI=''
STDNORETURN_H=''
STRIP='x86_64-linux-gnu-strip'
TICKADJ_DB=''
TICKADJ_DL=''
TICKADJ_DS=''
TICKADJ_MS='8'
TICKADJ_NI='tickadj'
TIMETRIM_DB=''
TIMETRIM_DL=''
TIMETRIM_DS='timetrim'
TIMETRIM_MS='8'
TIMETRIM_NI=''
UNITYBUILD_AVAILABLE_FALSE='#'
UNITYBUILD_AVAILABLE_TRUE=''
UPDATE_LEAP_DB='update-leap'
UPDATE_LEAP_DL=''
UPDATE_LEAP_DS=''
UPDATE_LEAP_MS='1'
UPDATE_LEAP_NI=''
VERSION='4.2.8p15'
VER_SUFFIX='o'
WANT_CALC_TICKADJ_MS_FALSE='#'
WANT_CALC_TICKADJ_MS_TRUE=''
ac_ct_AR=''
ac_ct_CC=''
ac_ct_DUMPBIN=''
am__EXEEXT_FALSE=''
am__EXEEXT_TRUE='#'
am__fastdepCC_FALSE=''
am__fastdepCC_TRUE='#'
am__include='include'
am__isrc=''
am__leading_dot='.'
am__nodep=''
am__quote=''
am__tar='$${TAR-tar} chof - "$$tardir"'
am__untar='$${TAR-tar} xf -'
bindir='${exec_prefix}/bin'
build='x86_64-pc-linux-gnu'
build_alias='x86_64-linux-gnu'
build_cpu='x86_64'
build_os='linux-gnu'
build_vendor='pc'
datadir='${datarootdir}'
datarootdir='${prefix}/share'
docdir='${datarootdir}/doc/${PACKAGE_TARNAME}'
dvidir='${docdir}'
exec_prefix='${prefix}'
host='x86_64-pc-linux-gnu'
host_alias='x86_64-linux-gnu'
host_cpu='x86_64'
host_os='linux-gnu'
host_vendor='pc'
htmldir='${docdir}'
includedir='${prefix}/include'
infodir='${prefix}/share/info'
install_sh='${SHELL} /sonic/src/ntp/ntp-4.2.8p15/sntp/libevent/build-aux/install-sh'
libdir='${prefix}/lib/x86_64-linux-gnu'
libexecdir='${prefix}/lib/x86_64-linux-gnu'
localedir='${datarootdir}/locale'
localstatedir='/var'
mandir='${prefix}/share/man'
mkdir_p='$(MKDIR_P)'
oldincludedir='/usr/include'
pdfdir='${docdir}'
prefix='/usr'
program_transform_name='s,x,x,'
psdir='${docdir}'
runstatedir='${localstatedir}/run'
sbindir='${exec_prefix}/sbin'
sharedstatedir='${prefix}/com'
subdirs=''
sysconfdir='/var/lib/ntp'
target_alias=''

## ----------- ##
## confdefs.h. ##
## ----------- ##

/* confdefs.h */
#define PACKAGE_NAME "sntp"
#define PACKAGE_TARNAME "sntp"
#define PACKAGE_VERSION "4.2.8p15"
#define PACKAGE_STRING "sntp 4.2.8p15"
#define PACKAGE_BUGREPORT "http://bugs.ntp.org./"
#define PACKAGE_URL "http://www.ntp.org./"
#define PACKAGE "sntp"
#define VERSION "4.2.8p15"
#define STR_SYSTEM "x86_64-pc-linux-gnu"
#define STDC_HEADERS 1
#define HAVE_SYS_TYPES_H 1
#define HAVE_SYS_STAT_H 1
#define HAVE_STDLIB_H 1
#define HAVE_STRING_H 1
#define HAVE_MEMORY_H 1
#define HAVE_STRINGS_H 1
#define HAVE_INTTYPES_H 1
#define HAVE_STDINT_H 1
#define HAVE_UNISTD_H 1
#define __EXTENSIONS__ 1
#define _ALL_SOURCE 1
#define _GNU_SOURCE 1
#define _POSIX_PTHREAD_SEMANTICS 1
#define _TANDEM_SOURCE 1
#define HAVE___ATTRIBUTE__ /**/
#define HAVE_STDARG_H 1
#define HAVE_UNSIGNED_LONG_LONG_INT 1
#define HAVE_VSNPRINTF 1
#define HAVE_SNPRINTF 1
#define DIR_SEP '/'
#define HAVE_READLINE_READLINE_H 1
#define HAVE_HISTEDIT_H 1
#define HAVE_READLINE_HISTORY_H 1
#define EL_INIT_ARGS 4
#define HAVE_READLINE_HISTORY 1
#define HAVE_FORK 1
#define HAVE_VFORK 1
#define HAVE_WORKING_VFORK 1
#define HAVE_WORKING_FORK 1
#define HAVE_ALLOCA_H 1
#define HAVE_ALLOCA 1
#define HAVE_DECL_STRERROR_R 1
#define HAVE_STRERROR_R 1
#define STRERROR_R_CHAR_P 1
#define HAVE_CLOCK_GETRES 1
#define HAVE_CLOCK_GETTIME 1
#define HAVE_CLOCK_SETTIME 1
#define HAVE_TIMEGM 1
#define HAVE_ERRNO_H 1
#define HAVE_SYS_SOCKET_H 1
#define HAVE_SYS_TYPES_H 1
#define HAVE_TIME_H 1
#define HAVE_NET_IF_H 1
#define HAVE_LINUX_IF_ADDR_H 1
#define NEED_EARLY_FORK 1
#define HAVE_ARPA_NAMESER_H 1
#define HAVE_SYS_PARAM_H 1
#define HAVE_SYS_TIME_H 1
#define HAVE_SYS_SYSCTL_H 1
#define HAVE_NETINET_IN_SYSTM_H 1
#define HAVE_NETINET_IN_H 1
#define HAVE_RESOLV_H 1
#define HAVE_NETINET_IP_H 1
#define HAVE_RECVMSG 1
#define HAVE_INLINE 1
#define TIME_WITH_SYS_TIME 1
#define SIZEOF_TIME_T 8
#define SIZEOF_SIGNED_CHAR 1
#define HAVE_LONG_LONG 1
#define SIZEOF_SHORT 2
#define SIZEOF_INT 4
#define SIZEOF_LONG 8
#define SIZEOF_LONG_LONG 8
#define NEED_S_CHAR_TYPEDEF 1
#define DEBUG 1
#define HAVE_SEMAPHORE_H 1
#define HAVE_SOCKETPAIR 1
#define HAVE_PTHREAD_H 1
#define HAVE_PTHREADS 10
#define HAVE_SCHED_H 1
#define HAVE_SCHED_YIELD 1
#define HAVE_PTHREAD_YIELD 1
#define HAVE_PTHREAD_KILL 1
#define HAVE_PTHREAD_RWLOCK_DESTROY 1
#define HAVE_PTHREAD_DETACH 1
#define HAVE_PTHREAD_SETCONCURRENCY 1
#define HAVE_PTHREAD_GETCONCURRENCY 1
#define HAVE_YIELDING_SELECT 1
#define REENTRANT 1
#define _REENTRANT 1
#define THREAD_SAFE 1
#define _THREAD_SAFE 1
#define THREADSAFE 1
#define _THREADSAFE 1
#define _SGI_MP_SOURCE 1
#define LDAP_API_FEATURE_X_OPENLDAP_THREAD_SAFE 1
#define HAVE_SEM_TIMEDWAIT 1
#define SIZEOF_PTHREAD_T 8
#define ISC_PLATFORM_USETHREADS 1
#define HAVE_SIGWAIT 1
#define HAVE_PTHREAD_ATTR_GETSTACKSIZE 1
#define HAVE_PTHREAD_ATTR_SETSTACKSIZE 1
#define HAVE_SYSCONF 1
#define HAVE_LINUXTHREADS 1
#define VSNPRINTF_PERCENT_M 1
#define HAVE_SYS_CAPABILITY_H 1
#define HAVE_SYS_PRCTL_H 1
#define HAVE_LINUX_CAPABILITIES 1
#define HAVE_DROPROOT 1
#define HAVE_SYS_TYPES_H 1
#define HAVE_NETINET_IN_H 1
#define HAVE_ARPA_NAMESER_H 1
#define HAVE_NETDB_H 1
#define HAVE_RESOLV_H 1
#define HAVE___RES_INIT 1
#define HAVE_UINTPTR_T 1
#define HAVE_SYS_TIMEPPS_H 1
#define HAVE_STRUCT_TIMESPEC 1
#define HAVE_STRUCT_NTPTIMEVAL 1
#define HAVE_MD5_H 1
#define HAVE_MD5INIT 1
#define HAVE_SYSCONF 1
#define HAVE_GETDTABLESIZE 1
#define HAVE_SIGACTION 1
#define HAVE_SIGSET 1
#define HAVE_SETTIMEOFDAY 1
#define HAVE_DLFCN_H 1
#define LT_OBJDIR ".libs/"
#define HAVE_DIRENT_H 1
#define HAVE_SYS_MMAN_H 1
#define HAVE_SYS_PARAM_H 1
#define HAVE_SYS_POLL_H 1
#define HAVE_SYS_SELECT_H 1
#define HAVE_SYS_SOCKET_H 1
#define HAVE_SYS_TIME_H 1
#define HAVE_SYS_UN_H 1
#define HAVE_SYS_WAIT_H 1
#define HAVE_DLFCN_H 1
#define HAVE_ERRNO_H 1
#define HAVE_FCNTL_H 1
#define HAVE_LIBGEN_H 1
#define HAVE_LIBINTL_H 1
#define HAVE_MEMORY_H 1
#define HAVE_NETINET_IN_H 1
#define HAVE_SETJMP_H 1
#define HAVE_STDBOOL_H 1
#define HAVE_SYSEXITS_H 1
#define HAVE_UNISTD_H 1
#define HAVE_UTIME_H 1
#define HAVE_STDARG_H 1
#define HAVE_STRING_H 1
#define HAVE_LIMITS_H 1
#define HAVE_INTTYPES_H 1
#define HAVE_WCHAR_H 1
#define HAVE_WCHAR_T 1
#define HAVE_WINT_T 1
#define HAVE_INT8_T 1
#define HAVE_UINT8_T 1
#define HAVE_INT16_T 1
#define HAVE_UINT16_T 1
#define HAVE_INT32_T 1
#define HAVE_UINT32_T 1
#define HAVE_INTPTR_T 1
#define HAVE_UINTPTR_T 1
#define HAVE_PID_T 1
#define HAVE_SIZE_T 1
#define HAVE_PTRDIFF_T 1
#define SIZEOF_CHAR_P 8
#define SIZEOF_INT 4
#define SIZEOF_LONG 8
#define SIZEOF_SHORT 2
#define HAVE_VPRINTF 1
#define HAVE_FORK 1
#define HAVE_VFORK 1
#define HAVE_WORKING_VFORK 1
#define HAVE_WORKING_FORK 1
#define HAVE_MMAP 1
#define HAVE_CANONICALIZE_FILE_NAME 1
#define HAVE_SNPRINTF 1
#define HAVE_STRDUP 1
#define HAVE_STRCHR 1
#define HAVE_STRRCHR 1
#define HAVE_STRSIGNAL 1
#define HAVE_FCHMOD 1
#define HAVE_FSTAT 1
#define HAVE_CHMOD 1
#define POSIX_SHELL "/bin/bash"
#define HAVE_NETDB_H 1
#define HAVE_STRING_H 1
#define HAVE_STRINGS_H 1
#define HAVE_SYSLOG_H 1
#define HAVE_SYSEXITS_H 1
#define HAVE_SYSLOG_FACILITYNAMES 1
#define HAVE__BOOL 1
#define HAVE_STDBOOL_H 1
#define HAVE_OPENSSL_CMAC_H 1
#define HAVE_OPENSSL_HMAC_H 1
#define OPENSSL /**/
#define HAVE_EVP_MD_DO_ALL_SORTED 1
#define HAVE_STRUCT_SOCKADDR_STORAGE 1
#define GETSOCKNAME_SOCKLEN_TYPE socklen_t
#define WANT_IPV6 1
#define ISC_PLATFORM_HAVEIPV6 1
#define ISC_PLATFORM_HAVEIN6PKTINFO 1
#define ISC_PLATFORM_HAVESCOPEID 1
#define MCAST 1
#define TYPEOF_IP_MULTICAST_LOOP u_int
#define HAVE_GETIFADDRS 1
#define HAVE_IF_NAMETOINDEX 1
#define ISC_PLATFORM_HAVEIFNAMETOINDEX 1
#define HAVE_NO_NICE 1
#define HAVE_TERMIOS 1
#define HAVE_SOCKET 1

configure: exit 0

## ---------------------- ##
## Running config.status. ##
## ---------------------- ##

This file was extended by sntp config.status 4.2.8p15, which was
generated by GNU Autoconf 2.69.  Invocation command line was

  CONFIG_FILES    = 
  CONFIG_HEADERS  = 
  CONFIG_LINKS    = 
  CONFIG_COMMANDS = 
  $ ./config.status --file=sntp.1+:./sntp.mdoc.in

on 2714d083cebf

config.status:1425: creating sntp.1+
